YourName,Organization,SiteID,WaterbodyName,State,SiteLocation,SampleDate,NameOfSamplers,WeatherConditions,TypeOfSample,Depth,Latitude,Longitude,SampleTime,Filtered?,Frozen?,Parameter,Value,AnalysisDate,AnalysisTime,Fluorometer,GPSType,Photos?,Flag?,Comments
Elisabeth Cianciola,CRWA,MA72-08,Charles River,MA,BROAD,07/03/14,,,SS-1,1,42.362866, -71.081652,10:47,NO,No,Phycocyanin,25.94,07/03/14,10:47,Beagle,Magellan,No,,
Elisabeth Cianciola,CRWA,MA72-08,Charles River,MA,BROAD,07/03/14,,,SS-1,1,42.362866, -71.081652,10:47,YES,No,Phycocyanin,1,07/03/14,10:47,Beagle,Magellan,No,,
Elisabeth Cianciola,CRWA,MA70-02 ,Charles River,MA,ND,07/03/14,,,SS-1,1,42.369360, -71.061925,11:20,NO,No,Phycocyanin,170.45,07/03/14,11:20,Beagle,Magellan,No,,
Elisabeth Cianciola,CRWA,MA70-02 ,Charles River,MA,ND,07/03/14,,,SS-1,1,42.369360, -71.061925,11:20,YES,No,Phycocyanin,0.55,07/03/14,11:20,Beagle,Magellan,No,,
Elisabeth Cianciola,CRWA,MA72-08,Charles River,MA,CB,07/10/14,,,SS-1,1,42.358755,-71.073377,14:22,NO,No,Phycocyanin,2.58,07/10/14,14:22,Beagle,Magellan,No,,
Elisabeth Cianciola,CRWA,MA72-08,Charles River,MA,CB,07/10/14,,,SS-1,1,42.358755,-71.073377,14:22,YES,No,Phycocyanin,0.1,07/10/14,14:22,Beagle,Magellan,No,,
Elisabeth Cianciola,CRWA,MA72-08,Charles River,MA,SP,07/10/14,,,SS-1,1,42.358519,-71.087433,14:37,NO,No,Phycocyanin,0.1,07/10/14,14:37,Beagle,Magellan,No,,
Elisabeth Cianciola,CRWA,MA72-08,Charles River,MA,SP,07/10/14,,,SS-1,1,42.358519,-71.087433,14:37,YES,No,Phycocyanin,0.1,07/10/14,14:37,Beagle,Magellan,No,,
Elisabeth Cianciola,CRWA,MA72-08,Charles River,MA,BROAD,07/10/14,,,SS-1,1,42.362866, -71.081652,15:09,NO,No,Phycocyanin,6.82,07/10/14,15:09,Beagle,Magellan,No,,
Elisabeth Cianciola,CRWA,MA72-08,Charles River,MA,BROAD,07/10/14,,,SS-1,1,42.362866, -71.081652,15:09,YES,No,Phycocyanin,0.1,07/10/14,15:09,Beagle,Magellan,No,,
Elisabeth Cianciola,CRWA,MA70-02 ,Charles River,MA,ND,07/10/14,,,SS-1,1,42.369360, -71.061925,15:52,NO,No,Phycocyanin,8.41,07/10/14,15:52,Beagle,Magellan,No,,
Elisabeth Cianciola,CRWA,MA70-02 ,Charles River,MA,ND,07/10/14,,,SS-1,1,42.369360, -71.061925,15:52,YES,No,Phycocyanin,0.55,07/10/14,15:52,Beagle,Magellan,No,,
Elisabeth Cianciola,CRWA,MA72-08,Charles River,MA,BROAD,07/17/14,,,SS-1,1,42.362866, -71.081652,11:09,NO,No,Phycocyanin,0.1,07/17/14,11:09,Beagle,Magellan,No,,
Elisabeth Cianciola,CRWA,MA72-08,Charles River,MA,BROAD,07/17/14,,,SS-1,1,42.362866, -71.081652,11:09,YES,No,Phycocyanin,0.1,07/17/14,11:09,Beagle,Magellan,No,,
Elisabeth Cianciola,CRWA,MA70-02 ,Charles River,MA,ND,07/17/14,,,SS-1,1,42.369360, -71.061925,11:44,NO,No,Phycocyanin,9.47,07/17/14,11:44,Beagle,Magellan,No,,
Elisabeth Cianciola,CRWA,MA70-02 ,Charles River,MA,ND,07/17/14,,,SS-1,1,42.369360, -71.061925,11:44,YES,No,Phycocyanin,5.23,07/17/14,11:44,Beagle,Magellan,No,,
Elisabeth Cianciola,CRWA,MA72-08,Charles River,MA,CB,07/17/14,,,SS-1,1,42.358755,-71.073377,12:12,NO,No,Phycocyanin,18.22,07/17/14,12:12,Beagle,Magellan,No,,
Elisabeth Cianciola,CRWA,MA72-08,Charles River,MA,CB,07/17/14,,,SS-1,1,42.358755,-71.073377,12:12,YES,No,Phycocyanin,6.82,07/17/14,12:12,Beagle,Magellan,No,,
Elisabeth Cianciola,CRWA,MA72-08,Charles River,MA,SP,07/17/14,,,SS-1,1,42.358519,-71.087433,12:39,NO,No,Phycocyanin,6.29,07/17/14,12:39,Beagle,Magellan,No,,
Elisabeth Cianciola,CRWA,MA72-08,Charles River,MA,SP,07/17/14,,,SS-1,1,42.358519,-71.087433,12:39,YES,No,Phycocyanin,0.1,07/17/14,12:39,Beagle,Magellan,No,,
Elisabeth Cianciola,CRWA,MA72-08,Charles River,MA,CB,07/24/14,,,SS-1,1,42.358755,-71.073377,,NO,No,Phycocyanin,6.82,07/24/14,,Beagle,Magellan,No,,Sample collection time not available
Elisabeth Cianciola,CRWA,MA72-08,Charles River,MA,CB,07/24/14,,,SS-1,1,42.358755,-71.073377,,YES,No,Phycocyanin,0.1,07/24/14,,Beagle,Magellan,No,,Sample collection time not available
Elisabeth Cianciola,CRWA,MA72-08,Charles River,MA,SP,07/24/14,,,SS-1,1,42.358519,-71.087433,,NO,No,Phycocyanin,8.94,07/24/14,,Beagle,Magellan,No,,Sample collection time not available
Elisabeth Cianciola,CRWA,MA72-08,Charles River,MA,SP,07/24/14,,,SS-1,1,42.358519,-71.087433,,YES,No,Phycocyanin,0.1,07/24/14,,Beagle,Magellan,No,,Sample collection time not available
Elisabeth Cianciola,CRWA,MA72-08,Charles River,MA,BROAD,07/24/14,,,SS-1,1,42.362866, -71.081652,,NO,No,Phycocyanin,6.82,07/24/14,,Beagle,Magellan,No,,Sample collection time not available
Elisabeth Cianciola,CRWA,MA72-08,Charles River,MA,BROAD,07/24/14,,,SS-1,1,42.362866, -71.081652,,YES,No,Phycocyanin,3.64,07/24/14,,Beagle,Magellan,No,,Sample collection time not available
Elisabeth Cianciola,CRWA,MA70-02 ,Charles River,MA,ND,07/24/14,,,SS-1,1,42.369360, -71.061925,,NO,No,Phycocyanin,14.11,07/24/14,,Beagle,Magellan,No,,Sample collection time not available
Elisabeth Cianciola,CRWA,MA70-02 ,Charles River,MA,ND,07/24/14,,,SS-1,1,42.369360, -71.061925,,YES,No,Phycocyanin,1,07/24/14,,Beagle,Magellan,No,,Sample collection time not available
Elisabeth Cianciola,CRWA,MA72-08,Charles River,MA,BROAD,07/31/14,,,SS-1,1,42.362866, -71.081652,10:47,NO,No,Phycocyanin,9.47,07/31/14,10:47,Beagle,Magellan,No,,
Elisabeth Cianciola,CRWA,MA72-08,Charles River,MA,BROAD,07/31/14,,,SS-1,1,42.362866, -71.081652,10:47,YES,No,Phycocyanin,0.1,07/31/14,10:47,Beagle,Magellan,No,,
Elisabeth Cianciola,CRWA,MA72-08,Charles River,MA,CB,07/31/14,,,SS-1,1,42.358755,-71.073377,11:10,NO,No,Phycocyanin,19.25,07/31/14,11:10,Beagle,Magellan,No,,
Elisabeth Cianciola,CRWA,MA72-08,Charles River,MA,CB,07/31/14,,,SS-1,1,42.358755,-71.073377,11:10,YES,No,Phycocyanin,3.64,07/31/14,11:10,Beagle,Magellan,No,,
Elisabeth Cianciola,CRWA,MA72-08,Charles River,MA,SP,07/31/14,,,SS-1,1,42.358519,-71.087433,11:52,NO,No,Phycocyanin,21.31,07/31/14,11:52,Beagle,Magellan,No,,
Elisabeth Cianciola,CRWA,MA72-08,Charles River,MA,SP,07/31/14,,,SS-1,1,42.358519,-71.087433,11:52,YES,No,Phycocyanin,2.05,07/31/14,11:52,Beagle,Magellan,No,,
Elisabeth Cianciola,CRWA,MA70-02 ,Charles River,MA,ND,07/31/14,,,SS-1,1,42.369360, -71.061925,12:12,NO,No,Phycocyanin,13.6,07/31/14,12:12,Beagle,Magellan,No,,
Elisabeth Cianciola,CRWA,MA70-02 ,Charles River,MA,ND,07/31/14,,,SS-1,1,42.369360, -71.061925,12:12,YES,No,Phycocyanin,0.1,07/31/14,12:12,Beagle,Magellan,No,,
Elisabeth Cianciola,CRWA,MA72-08,Charles River,MA,BROAD,08/07/14,,,SS-1,1,42.362866, -71.081652,13:42,NO,No,Phycocyanin,6.82,08/07/14,13:42,Beagle,Magellan,No,,
Elisabeth Cianciola,CRWA,MA72-08,Charles River,MA,BROAD,08/07/14,,,SS-1,1,42.362866, -71.081652,13:42,YES,No,Phycocyanin,0.1,08/07/14,13:42,Beagle,Magellan,No,,
Elisabeth Cianciola,CRWA,MA70-02 ,Charles River,MA,ND,08/07/14,,,SS-1,1,42.369360, -71.061925,14:15,NO,No,Phycocyanin,5.23,08/07/14,14:15,Beagle,Magellan,No,,
Elisabeth Cianciola,CRWA,MA70-02 ,Charles River,MA,ND,08/07/14,,,SS-1,1,42.369360, -71.061925,14:15,YES,No,Phycocyanin,0.55,08/07/14,14:15,Beagle,Magellan,No,,
Elisabeth Cianciola,CRWA,MA72-08,Charles River,MA,CB,08/07/14,,,SS-1,1,42.358755,-71.073377,14:42,NO,No,Phycocyanin,5.23,08/07/14,14:42,Beagle,Magellan,No,,
Elisabeth Cianciola,CRWA,MA72-08,Charles River,MA,CB,08/07/14,,,SS-1,1,42.358755,-71.073377,14:42,YES,No,Phycocyanin,0.1,08/07/14,14:42,Beagle,Magellan,No,,
Elisabeth Cianciola,CRWA,MA72-08,Charles River,MA,SP,08/07/14,,,SS-1,1,42.358519,-71.087433,15:20,NO,No,Phycocyanin,5.76,08/07/14,15:20,Beagle,Magellan,No,,
Elisabeth Cianciola,CRWA,MA72-08,Charles River,MA,SP,08/07/14,,,SS-1,1,42.358519,-71.087433,15:20,YES,No,Phycocyanin,0.1,08/07/14,15:20,Beagle,Magellan,No,,
Elisabeth Cianciola,CRWA,MA72-08,Charles River,MA,BROAD,08/14/14,,,SS-1,1,42.362866, -71.081652,10:51,NO,No,Phycocyanin,0.1,08/14/14,10:51,Beagle,Magellan,No,,
Elisabeth Cianciola,CRWA,MA72-08,Charles River,MA,BROAD,08/14/14,,,SS-1,1,42.362866, -71.081652,10:51,YES,No,Phycocyanin,0.1,08/14/14,10:51,Beagle,Magellan,No,,
Elisabeth Cianciola,CRWA,MA70-02 ,Charles River,MA,ND,08/14/14,,,SS-1,1,42.369360, -71.061925,11:21,NO,No,Phycocyanin,10.51,08/14/14,11:21,Beagle,Magellan,No,,
Elisabeth Cianciola,CRWA,MA70-02 ,Charles River,MA,ND,08/14/14,,,SS-1,1,42.369360, -71.061925,11:21,YES,No,Phycocyanin,1,08/14/14,11:21,Beagle,Magellan,No,,
Elisabeth Cianciola,CRWA,MA72-08,Charles River,MA,CB,08/14/14,,,SS-1,1,42.358755,-71.073377,11:43,NO,No,Phycocyanin,6.29,08/14/14,11:43,Beagle,Magellan,No,,
Elisabeth Cianciola,CRWA,MA72-08,Charles River,MA,CB,08/14/14,,,SS-1,1,42.358755,-71.073377,11:43,YES,No,Phycocyanin,7.88,08/14/14,11:43,Beagle,Magellan,No,,
Elisabeth Cianciola,CRWA,MA72-08,Charles River,MA,SP,08/14/14,,,SS-1,1,42.358519,-71.087433,12:12,NO,No,Phycocyanin,5.76,08/14/14,12:12,Beagle,Magellan,No,,
Elisabeth Cianciola,CRWA,MA72-08,Charles River,MA,SP,08/14/14,,,SS-1,1,42.358519,-71.087433,12:12,YES,No,Phycocyanin,0.1,08/14/14,12:12,Beagle,Magellan,No,,
Elisabeth Cianciola,CRWA,MA72-08,Charles River,MA,SP,08/21/14,,,SS-1,1,42.358519,-71.087433,13:54,NO,No,Phycocyanin,13.08,08/21/14,13:54,Beagle,Magellan,No,,
Elisabeth Cianciola,CRWA,MA72-08,Charles River,MA,SP,08/21/14,,,SS-1,1,42.358519,-71.087433,13:54,YES,No,Phycocyanin,0.1,08/21/14,13:54,Beagle,Magellan,No,,
Elisabeth Cianciola,CRWA,MA72-08,Charles River,MA,BROAD,08/21/14,,,SS-1,1,42.362866, -71.081652,14:32,NO,No,Phycocyanin,23.37,08/21/14,14:32,Beagle,Magellan,No,,
Elisabeth Cianciola,CRWA,MA72-08,Charles River,MA,BROAD,08/21/14,,,SS-1,1,42.362866, -71.081652,14:32,YES,No,Phycocyanin,5.23,08/21/14,14:32,Beagle,Magellan,No,,
Elisabeth Cianciola,CRWA,MA70-02 ,Charles River,MA,ND,08/21/14,,,SS-1,1,42.369360, -71.061925,14:54,NO,No,Phycocyanin,7.88,08/21/14,14:54,Beagle,Magellan,No,,
Elisabeth Cianciola,CRWA,MA70-02 ,Charles River,MA,ND,08/21/14,,,SS-1,1,42.369360, -71.061925,14:54,YES,No,Phycocyanin,2.05,08/21/14,14:54,Beagle,Magellan,No,,
Elisabeth Cianciola,CRWA,MA72-08,Charles River,MA,CB,08/21/14,,,SS-1,1,42.358755,-71.073377,15:22,NO,No,Phycocyanin,8.41,08/21/14,15:22,Beagle,Magellan,No,,
Elisabeth Cianciola,CRWA,MA72-08,Charles River,MA,CB,08/21/14,,,SS-1,1,42.358755,-71.073377,15:22,YES,No,Phycocyanin,0.1,08/21/14,15:22,Beagle,Magellan,No,,
Elisabeth Cianciola,CRWA,MA72-08,Charles River,MA,CB,08/28/14,,,SS-1,1,42.358755,-71.073377,13:15,NO,No,Phycocyanin,17.2,08/28/14,13:15,Beagle,Magellan,No,,
Elisabeth Cianciola,CRWA,MA72-08,Charles River,MA,CB,08/28/14,,,SS-1,1,42.358755,-71.073377,13:15,YES,No,Phycocyanin,5.76,08/28/14,13:15,Beagle,Magellan,No,,
Elisabeth Cianciola,CRWA,MA72-08,Charles River,MA,BROAD,08/28/14,,,SS-1,1,42.362866, -71.081652,14:00,NO,No,Phycocyanin,28.51,08/28/14,14:00,Beagle,Magellan,No,,
Elisabeth Cianciola,CRWA,MA72-08,Charles River,MA,BROAD,08/28/14,,,SS-1,1,42.362866, -71.081652,14:00,YES,No,Phycocyanin,3.11,08/28/14,14:00,Beagle,Magellan,No,,
Elisabeth Cianciola,CRWA,MA72-08,Charles River,MA,SP,08/28/14,,,SS-1,1,42.358519,-71.087433,14:20,NO,No,Phycocyanin,19.25,08/28/14,14:20,Beagle,Magellan,No,,
Elisabeth Cianciola,CRWA,MA72-08,Charles River,MA,SP,08/28/14,,,SS-1,1,42.358519,-71.087433,14:20,YES,No,Phycocyanin,4.17,08/28/14,14:20,Beagle,Magellan,No,,
Elisabeth Cianciola,CRWA,MA70-02 ,Charles River,MA,ND,08/28/14,,,SS-1,1,42.369360, -71.061925,15:00,NO,No,Phycocyanin,22.34,08/28/14,15:00,Beagle,Magellan,No,,
Elisabeth Cianciola,CRWA,MA70-02 ,Charles River,MA,ND,08/28/14,,,SS-1,1,42.369360, -71.061925,15:00,YES,No,Phycocyanin,2.05,08/28/14,15:00,Beagle,Magellan,No,,
Elisabeth Cianciola,CRWA,MA72-08,Charles River,MA,CB,09/04/14,,,SS-1,1,42.358755,-71.073377,12:25,NO,No,Phycocyanin,24.4,09/04/14,12:25,Beagle,Magellan,No,,
Elisabeth Cianciola,CRWA,MA72-08,Charles River,MA,CB,09/04/14,,,SS-1,1,42.358755,-71.073377,12:25,YES,No,Phycocyanin,2.58,09/04/14,12:25,Beagle,Magellan,No,,
Elisabeth Cianciola,CRWA,MA72-08,Charles River,MA,BROAD,09/04/14,,,SS-1,1,42.362866, -71.081652,13:00,NO,No,Phycocyanin,21.31,09/04/14,13:00,Beagle,Magellan,No,,
Elisabeth Cianciola,CRWA,MA72-08,Charles River,MA,BROAD,09/04/14,,,SS-1,1,42.362866, -71.081652,13:00,YES,No,Phycocyanin,0.1,09/04/14,13:00,Beagle,Magellan,No,,
Elisabeth Cianciola,CRWA,MA72-08,Charles River,MA,SP,09/04/14,,,SS-1,1,42.358519,-71.087433,13:30,NO,No,Phycocyanin,24.91,09/04/14,13:30,Beagle,Magellan,No,,
Elisabeth Cianciola,CRWA,MA72-08,Charles River,MA,SP,09/04/14,,,SS-1,1,42.358519,-71.087433,13:30,YES,No,Phycocyanin,0.1,09/04/14,13:30,Beagle,Magellan,No,,
Elisabeth Cianciola,CRWA,MA70-02 ,Charles River,MA,ND,09/04/14,,,SS-1,1,42.369360, -71.061925,14:00,NO,No,Phycocyanin,17.71,09/04/14,14:00,Beagle,Magellan,No,,
Elisabeth Cianciola,CRWA,MA70-02 ,Charles River,MA,ND,09/04/14,,,SS-1,1,42.369360, -71.061925,14:00,YES,No,Phycocyanin,0.1,09/04/14,14:00,Beagle,Magellan,No,,
Elisabeth Cianciola,CRWA,MA72-08,Charles River,MA,SP,09/11/14,,,SS-1,1,42.358519,-71.087433,13:04,NO,No,Phycocyanin,33.65,09/11/14,13:04,Beagle,Magellan,No,,
Elisabeth Cianciola,CRWA,MA72-08,Charles River,MA,SP,09/11/14,,,SS-1,1,42.358519,-71.087433,13:04,YES,No,Phycocyanin,0.1,09/11/14,13:04,Beagle,Magellan,No,,
Elisabeth Cianciola,CRWA,MA72-08,Charles River,MA,BROAD,09/11/14,,,SS-1,1,42.362866, -71.081652,13:35,NO,No,Phycocyanin,38.28,09/11/14,13:35,Beagle,Magellan,No,,
Elisabeth Cianciola,CRWA,MA72-08,Charles River,MA,BROAD,09/11/14,,,SS-1,1,42.362866, -71.081652,13:35,YES,No,Phycocyanin,0.1,09/11/14,13:35,Beagle,Magellan,No,,
Elisabeth Cianciola,CRWA,MA70-02 ,Charles River,MA,ND,09/11/14,,,SS-1,1,42.369360, -71.061925,14:28,NO,No,Phycocyanin,38.28,09/11/14,14:28,Beagle,Magellan,No,,
Elisabeth Cianciola,CRWA,MA70-02 ,Charles River,MA,ND,09/11/14,,,SS-1,1,42.369360, -71.061925,14:28,YES,No,Phycocyanin,0.1,09/11/14,14:28,Beagle,Magellan,No,,
Elisabeth Cianciola,CRWA,MA72-08,Charles River,MA,CB,09/11/14,,,SS-1,1,42.358755,-71.073377,14:45,NO,No,Phycocyanin,39.31,09/11/14,14:45,Beagle,Magellan,No,,
Elisabeth Cianciola,CRWA,MA72-08,Charles River,MA,CB,09/11/14,,,SS-1,1,42.358755,-71.073377,14:45,YES,No,Phycocyanin,4.17,09/11/14,14:45,Beagle,Magellan,No,,
Elisabeth Cianciola,CRWA,MA72-08,Charles River,MA,SP,09/18/14,,,SS-1,1,42.358519,-71.087433,13:00,NO,No,Phycocyanin,28,09/18/14,13:00,Beagle,Magellan,No,,
Elisabeth Cianciola,CRWA,MA72-08,Charles River,MA,SP,09/18/14,,,SS-1,1,42.358519,-71.087433,13:00,YES,No,Phycocyanin,0.1,09/18/14,13:00,Beagle,Magellan,No,,
Elisabeth Cianciola,CRWA,MA72-08,Charles River,MA,BROAD,09/18/14,,,SS-1,1,42.362866, -71.081652,13:30,NO,No,Phycocyanin,24.91,09/18/14,13:30,Beagle,Magellan,No,,
Elisabeth Cianciola,CRWA,MA72-08,Charles River,MA,BROAD,09/18/14,,,SS-1,1,42.362866, -71.081652,13:30,YES,No,Phycocyanin,0.1,09/18/14,13:30,Beagle,Magellan,No,,
Elisabeth Cianciola,CRWA,MA70-02 ,Charles River,MA,ND,09/18/14,,,SS-1,1,42.369360, -71.061925,14:40,NO,No,Phycocyanin,10.51,09/18/14,14:40,Beagle,Magellan,No,,
Elisabeth Cianciola,CRWA,MA70-02 ,Charles River,MA,ND,09/18/14,,,SS-1,1,42.369360, -71.061925,14:40,YES,No,Phycocyanin,4.17,09/18/14,14:40,Beagle,Magellan,No,,
Elisabeth Cianciola,CRWA,MA72-08,Charles River,MA,CB,09/18/14,,,SS-1,1,42.358755,-71.073377,12:30,NO,No,Phycocyanin,31.08,09/18/14,12:30,Beagle,Magellan,No,,
Elisabeth Cianciola,CRWA,MA72-08,Charles River,MA,CB,09/18/14,,,SS-1,1,42.358755,-71.073377,12:30,YES,No,Phycocyanin,5.23,09/18/14,12:30,Beagle,Magellan,No,,
Elisabeth Cianciola,CRWA,MA72-08,Charles River,MA,BROAD,10/02/14,,,SS-1,1,42.362866,-71.081652,13:20,NO,No,Phycocyanin,9.47,10/02/14,13:20,Beagle,Magellan,No,,
Elisabeth Cianciola,CRWA,MA72-08,Charles River,MA,BROAD,10/02/14,,,SS-1,1,42.362866,-71.081652,13:20,YES,No,Phycocyanin,3.11,10/02/14,13:20,Beagle,Magellan,No,,
Elisabeth Cianciola,CRWA,MA70-02 ,Charles River,MA,ND,10/02/14,,,SS-1,1,42.369360, -71.061925,14:35,NO,No,Phycocyanin,12.57,10/02/14,14:35,Beagle,Magellan,No,,
Elisabeth Cianciola,CRWA,MA70-02 ,Charles River,MA,ND,10/02/14,,,SS-1,1,42.369360, -71.061925,14:35,YES,No,Phycocyanin,6.82,10/02/14,14:35,Beagle,Magellan,No,,
Elisabeth Cianciola,CRWA,MA72-08,Charles River,MA,CB,10/02/14,,,SS-1,1,42.358755,-71.073377,12:35,NO,No,Phycocyanin,18.22,10/02/14,12:35,Beagle,Magellan,No,,
Elisabeth Cianciola,CRWA,MA72-08,Charles River,MA,CB,10/02/14,,,SS-1,1,42.358755,-71.073377,12:35,YES,No,Phycocyanin,2.05,10/02/14,12:35,Beagle,Magellan,No,,
Elisabeth Cianciola,CRWA,MA72-08,Charles River,MA,SP,10/02/14,,,SS-1,1,42.358519,-71.087433,12:55,NO,No,Phycocyanin,23.88,10/02/14,12:55,Beagle,Magellan,No,,
Elisabeth Cianciola,CRWA,MA72-08,Charles River,MA,SP,10/02/14,,,SS-1,1,42.358519,-71.087433,12:55,YES,No,Phycocyanin,4.7,10/02/14,12:55,Beagle,Magellan,No,,
Elisabeth Cianciola,CRWA,MA72-08,Charles River,MA,BROAD,07/03/14,,,SS-1,1,42.362866, -71.081652,10:47,NO,No,Chlorophyll,5.06,07/03/14,10:47,Beagle,Magellan,No,,
Elisabeth Cianciola,CRWA,MA72-08,Charles River,MA,BROAD,07/03/14,,,SS-1,1,42.362866, -71.081652,10:47,YES,No,Chlorophyll,2.32,07/03/14,10:47,Beagle,Magellan,No,,
Elisabeth Cianciola,CRWA,MA70-02 ,Charles River,MA,ND,07/03/14,,,SS-1,1,42.369360, -71.061925,11:20,NO,No,Chlorophyll,4.98,07/03/14,11:20,Beagle,Magellan,No,,
Elisabeth Cianciola,CRWA,MA70-02 ,Charles River,MA,ND,07/03/14,,,SS-1,1,42.369360, -71.061925,11:20,YES,No,Chlorophyll,2.29,07/03/14,11:20,Beagle,Magellan,No,,
Elisabeth Cianciola,CRWA,MA72-08,Charles River,MA,CB,07/10/14,,,SS-1,1,42.358755,-71.073377,14:22,NO,No,Chlorophyll,4.14,07/10/14,14:22,Beagle,Magellan,No,,
Elisabeth Cianciola,CRWA,MA72-08,Charles River,MA,CB,07/10/14,,,SS-1,1,42.358755,-71.073377,14:22,YES,No,Chlorophyll,2,07/10/14,14:22,Beagle,Magellan,No,,
Elisabeth Cianciola,CRWA,MA72-08,Charles River,MA,SP,07/10/14,,,SS-1,1,42.358519,-71.087433,14:37,NO,No,Chlorophyll,2.29,07/10/14,14:37,Beagle,Magellan,No,,
Elisabeth Cianciola,CRWA,MA72-08,Charles River,MA,SP,07/10/14,,,SS-1,1,42.358519,-71.087433,14:37,YES,No,Chlorophyll,2.75,07/10/14,14:37,Beagle,Magellan,No,,
Elisabeth Cianciola,CRWA,MA72-08,Charles River,MA,BROAD,07/10/14,,,SS-1,1,42.362866, -71.081652,15:09,NO,No,Chlorophyll,5.9,07/10/14,15:09,Beagle,Magellan,No,,
Elisabeth Cianciola,CRWA,MA72-08,Charles River,MA,BROAD,07/10/14,,,SS-1,1,42.362866, -71.081652,15:09,YES,No,Chlorophyll,2.38,07/10/14,15:09,Beagle,Magellan,No,,
Elisabeth Cianciola,CRWA,MA70-02 ,Charles River,MA,ND,07/10/14,,,SS-1,1,42.369360, -71.061925,15:52,NO,No,Chlorophyll,4.63,07/10/14,15:52,Beagle,Magellan,No,,
Elisabeth Cianciola,CRWA,MA70-02 ,Charles River,MA,ND,07/10/14,,,SS-1,1,42.369360, -71.061925,15:52,YES,No,Chlorophyll,2.35,07/10/14,15:52,Beagle,Magellan,No,,
Elisabeth Cianciola,CRWA,MA72-08,Charles River,MA,BROAD,07/17/14,,,SS-1,1,42.362866, -71.081652,11:09,NO,No,Chlorophyll,2.96,07/17/14,11:09,Beagle,Magellan,No,,
Elisabeth Cianciola,CRWA,MA72-08,Charles River,MA,BROAD,07/17/14,,,SS-1,1,42.362866, -71.081652,11:09,YES,No,Chlorophyll,1.92,07/17/14,11:09,Beagle,Magellan,No,,
Elisabeth Cianciola,CRWA,MA70-02 ,Charles River,MA,ND,07/17/14,,,SS-1,1,42.369360, -71.061925,11:44,NO,No,Chlorophyll,3.65,07/17/14,11:44,Beagle,Magellan,No,,
Elisabeth Cianciola,CRWA,MA70-02 ,Charles River,MA,ND,07/17/14,,,SS-1,1,42.369360, -71.061925,11:44,YES,No,Chlorophyll,1.86,07/17/14,11:44,Beagle,Magellan,No,,
Elisabeth Cianciola,CRWA,MA72-08,Charles River,MA,CB,07/17/14,,,SS-1,1,42.358755,-71.073377,12:12,NO,No,Chlorophyll,2.93,07/17/14,12:12,Beagle,Magellan,No,,
Elisabeth Cianciola,CRWA,MA72-08,Charles River,MA,CB,07/17/14,,,SS-1,1,42.358755,-71.073377,12:12,YES,No,Chlorophyll,2.29,07/17/14,12:12,Beagle,Magellan,No,,
Elisabeth Cianciola,CRWA,MA72-08,Charles River,MA,SP,07/17/14,,,SS-1,1,42.358519,-71.087433,12:39,NO,No,Chlorophyll,2.87,07/17/14,12:39,Beagle,Magellan,No,,
Elisabeth Cianciola,CRWA,MA72-08,Charles River,MA,SP,07/17/14,,,SS-1,1,42.358519,-71.087433,12:39,YES,No,Chlorophyll,2.26,07/17/14,12:39,Beagle,Magellan,No,,
Elisabeth Cianciola,CRWA,MA72-08,Charles River,MA,CB,07/24/14,,,SS-1,1,42.358755,-71.073377,,NO,No,Chlorophyll,2.73,07/24/14,,Beagle,Magellan,No,,Sample collection time not available
Elisabeth Cianciola,CRWA,MA72-08,Charles River,MA,CB,07/24/14,,,SS-1,1,42.358755,-71.073377,,YES,No,Chlorophyll,1.77,07/24/14,,Beagle,Magellan,No,,Sample collection time not available
Elisabeth Cianciola,CRWA,MA72-08,Charles River,MA,SP,07/24/14,,,SS-1,1,42.358519,-71.087433,,NO,No,Chlorophyll,3.07,07/24/14,,Beagle,Magellan,No,,Sample collection time not available
Elisabeth Cianciola,CRWA,MA72-08,Charles River,MA,SP,07/24/14,,,SS-1,1,42.358519,-71.087433,,YES,No,Chlorophyll,1.92,07/24/14,,Beagle,Magellan,No,,Sample collection time not available
Elisabeth Cianciola,CRWA,MA72-08,Charles River,MA,BROAD,07/24/14,,,SS-1,1,42.362866, -71.081652,,NO,No,Chlorophyll,3.71,07/24/14,,Beagle,Magellan,No,,Sample collection time not available
Elisabeth Cianciola,CRWA,MA72-08,Charles River,MA,BROAD,07/24/14,,,SS-1,1,42.362866, -71.081652,,YES,No,Chlorophyll,1.98,07/24/14,,Beagle,Magellan,No,,Sample collection time not available
Elisabeth Cianciola,CRWA,MA70-02 ,Charles River,MA,ND,07/24/14,,,SS-1,1,42.369360, -71.061925,,NO,No,Chlorophyll,3.79,07/24/14,,Beagle,Magellan,No,,Sample collection time not available
Elisabeth Cianciola,CRWA,MA70-02 ,Charles River,MA,ND,07/24/14,,,SS-1,1,42.369360, -71.061925,,YES,No,Chlorophyll,2,07/24/14,,Beagle,Magellan,No,,Sample collection time not available
Elisabeth Cianciola,CRWA,MA72-08,Charles River,MA,BROAD,07/31/14,,,SS-1,1,42.362866, -71.081652,10:47,NO,No,Chlorophyll,4.02,07/31/14,10:47,Beagle,Magellan,No,,
Elisabeth Cianciola,CRWA,MA72-08,Charles River,MA,BROAD,07/31/14,,,SS-1,1,42.362866, -71.081652,10:47,YES,No,Chlorophyll,1.83,07/31/14,10:47,Beagle,Magellan,No,,
Elisabeth Cianciola,CRWA,MA72-08,Charles River,MA,CB,07/31/14,,,SS-1,1,42.358755,-71.073377,11:10,NO,No,Chlorophyll,4.11,07/31/14,11:10,Beagle,Magellan,No,,
Elisabeth Cianciola,CRWA,MA72-08,Charles River,MA,CB,07/31/14,,,SS-1,1,42.358755,-71.073377,11:10,YES,No,Chlorophyll,1.92,07/31/14,11:10,Beagle,Magellan,No,,
Elisabeth Cianciola,CRWA,MA72-08,Charles River,MA,SP,07/31/14,,,SS-1,1,42.358519,-71.087433,11:52,NO,No,Chlorophyll,5.81,07/31/14,11:52,Beagle,Magellan,No,,
Elisabeth Cianciola,CRWA,MA72-08,Charles River,MA,SP,07/31/14,,,SS-1,1,42.358519,-71.087433,11:52,YES,No,Chlorophyll,1.95,07/31/14,11:52,Beagle,Magellan,No,,
Elisabeth Cianciola,CRWA,MA70-02 ,Charles River,MA,ND,07/31/14,,,SS-1,1,42.369360, -71.061925,12:12,NO,No,Chlorophyll,4.51,07/31/14,12:12,Beagle,Magellan,No,,
Elisabeth Cianciola,CRWA,MA70-02 ,Charles River,MA,ND,07/31/14,,,SS-1,1,42.369360, -71.061925,12:12,YES,No,Chlorophyll,1.86,07/31/14,12:12,Beagle,Magellan,No,,
Elisabeth Cianciola,CRWA,MA72-08,Charles River,MA,BROAD,08/07/14,,,SS-1,1,42.362866, -71.081652,13:42,NO,No,Chlorophyll,6.36,08/07/14,13:42,Beagle,Magellan,No,,
Elisabeth Cianciola,CRWA,MA72-08,Charles River,MA,BROAD,08/07/14,,,SS-1,1,42.362866, -71.081652,13:42,YES,No,Chlorophyll,1.8,08/07/14,13:42,Beagle,Magellan,No,,
Elisabeth Cianciola,CRWA,MA70-02 ,Charles River,MA,ND,08/07/14,,,SS-1,1,42.369360, -71.061925,14:15,NO,No,Chlorophyll,4.77,08/07/14,14:15,Beagle,Magellan,No,,
Elisabeth Cianciola,CRWA,MA70-02 ,Charles River,MA,ND,08/07/14,,,SS-1,1,42.369360, -71.061925,14:15,YES,No,Chlorophyll,4.49,08/07/14,14:15,Beagle,Magellan,No,,
Elisabeth Cianciola,CRWA,MA72-08,Charles River,MA,CB,08/07/14,,,SS-1,1,42.358755,-71.073377,14:42,NO,No,Chlorophyll,4.02,08/07/14,14:42,Beagle,Magellan,No,,
Elisabeth Cianciola,CRWA,MA72-08,Charles River,MA,CB,08/07/14,,,SS-1,1,42.358755,-71.073377,14:42,YES,No,Chlorophyll,1.86,08/07/14,14:42,Beagle,Magellan,No,,
Elisabeth Cianciola,CRWA,MA72-08,Charles River,MA,SP,08/07/14,,,SS-1,1,42.358519,-71.087433,15:20,NO,No,Chlorophyll,5.12,08/07/14,15:20,Beagle,Magellan,No,,
Elisabeth Cianciola,CRWA,MA72-08,Charles River,MA,SP,08/07/14,,,SS-1,1,42.358519,-71.087433,15:20,YES,No,Chlorophyll,1.72,08/07/14,15:20,Beagle,Magellan,No,,
Elisabeth Cianciola,CRWA,MA72-08,Charles River,MA,BROAD,08/14/14,,,SS-1,1,42.362866, -71.081652,10:51,NO,No,Chlorophyll,5.15,08/14/14,10:51,Beagle,Magellan,No,,
Elisabeth Cianciola,CRWA,MA72-08,Charles River,MA,BROAD,08/14/14,,,SS-1,1,42.362866, -71.081652,10:51,YES,No,Chlorophyll,2.58,08/14/14,10:51,Beagle,Magellan,No,,
Elisabeth Cianciola,CRWA,MA70-02 ,Charles River,MA,ND,08/14/14,,,SS-1,1,42.369360, -71.061925,11:21,NO,No,Chlorophyll,2.78,08/14/14,11:21,Beagle,Magellan,No,,
Elisabeth Cianciola,CRWA,MA70-02 ,Charles River,MA,ND,08/14/14,,,SS-1,1,42.369360, -71.061925,11:21,YES,No,Chlorophyll,2.38,08/14/14,11:21,Beagle,Magellan,No,,
Elisabeth Cianciola,CRWA,MA72-08,Charles River,MA,CB,08/14/14,,,SS-1,1,42.358755,-71.073377,11:43,NO,No,Chlorophyll,4.14,08/14/14,11:43,Beagle,Magellan,No,,
Elisabeth Cianciola,CRWA,MA72-08,Charles River,MA,CB,08/14/14,,,SS-1,1,42.358755,-71.073377,11:43,YES,No,Chlorophyll,3.94,08/14/14,11:43,Beagle,Magellan,No,,
Elisabeth Cianciola,CRWA,MA72-08,Charles River,MA,SP,08/14/14,,,SS-1,1,42.358519,-71.087433,12:12,NO,No,Chlorophyll,7.4,08/14/14,12:12,Beagle,Magellan,No,,
Elisabeth Cianciola,CRWA,MA72-08,Charles River,MA,SP,08/14/14,,,SS-1,1,42.358519,-71.087433,12:12,YES,No,Chlorophyll,1.75,08/14/14,12:12,Beagle,Magellan,No,,
Elisabeth Cianciola,CRWA,MA72-08,Charles River,MA,SP,08/21/14,,,SS-1,1,42.358519,-71.087433,13:54,NO,No,Chlorophyll,3.62,08/21/14,13:54,Beagle,Magellan,No,,
Elisabeth Cianciola,CRWA,MA72-08,Charles River,MA,SP,08/21/14,,,SS-1,1,42.358519,-71.087433,13:54,YES,No,Chlorophyll,1.6,08/21/14,13:54,Beagle,Magellan,No,,
Elisabeth Cianciola,CRWA,MA72-08,Charles River,MA,BROAD,08/21/14,,,SS-1,1,42.362866, -71.081652,14:32,NO,No,Chlorophyll,4.28,08/21/14,14:32,Beagle,Magellan,No,,
Elisabeth Cianciola,CRWA,MA72-08,Charles River,MA,BROAD,08/21/14,,,SS-1,1,42.362866, -71.081652,14:32,YES,No,Chlorophyll,1.51,08/21/14,14:32,Beagle,Magellan,No,,
Elisabeth Cianciola,CRWA,MA70-02 ,Charles River,MA,ND,08/21/14,,,SS-1,1,42.369360, -71.061925,14:54,NO,No,Chlorophyll,3.42,08/21/14,14:54,Beagle,Magellan,No,,
Elisabeth Cianciola,CRWA,MA70-02 ,Charles River,MA,ND,08/21/14,,,SS-1,1,42.369360, -71.061925,14:54,YES,No,Chlorophyll,2,08/21/14,14:54,Beagle,Magellan,No,,
Elisabeth Cianciola,CRWA,MA72-08,Charles River,MA,CB,08/21/14,,,SS-1,1,42.358755,-71.073377,15:22,NO,No,Chlorophyll,6.82,08/21/14,15:22,Beagle,Magellan,No,,
Elisabeth Cianciola,CRWA,MA72-08,Charles River,MA,CB,08/21/14,,,SS-1,1,42.358755,-71.073377,15:22,YES,No,Chlorophyll,1.8,08/21/14,15:22,Beagle,Magellan,No,,
Elisabeth Cianciola,CRWA,MA72-08,Charles River,MA,CB,08/28/14,,,SS-1,1,42.358755,-71.073377,13:15,NO,No,Chlorophyll,2.99,08/28/14,13:15,Beagle,Magellan,No,,
Elisabeth Cianciola,CRWA,MA72-08,Charles River,MA,CB,08/28/14,,,SS-1,1,42.358755,-71.073377,13:15,YES,No,Chlorophyll,2.06,08/28/14,13:15,Beagle,Magellan,No,,
Elisabeth Cianciola,CRWA,MA72-08,Charles River,MA,BROAD,08/28/14,,,SS-1,1,42.362866, -71.081652,14:00,NO,No,Chlorophyll,3.33,08/28/14,14:00,Beagle,Magellan,No,,
Elisabeth Cianciola,CRWA,MA72-08,Charles River,MA,BROAD,08/28/14,,,SS-1,1,42.362866, -71.081652,14:00,YES,No,Chlorophyll,1.89,08/28/14,14:00,Beagle,Magellan,No,,
Elisabeth Cianciola,CRWA,MA72-08,Charles River,MA,SP,08/28/14,,,SS-1,1,42.358519,-71.087433,14:20,NO,No,Chlorophyll,3.1,08/28/14,14:20,Beagle,Magellan,No,,
Elisabeth Cianciola,CRWA,MA72-08,Charles River,MA,SP,08/28/14,,,SS-1,1,42.358519,-71.087433,14:20,YES,No,Chlorophyll,2.12,08/28/14,14:20,Beagle,Magellan,No,,
Elisabeth Cianciola,CRWA,MA70-02 ,Charles River,MA,ND,08/28/14,,,SS-1,1,42.369360, -71.061925,15:00,NO,No,Chlorophyll,2.84,08/28/14,15:00,Beagle,Magellan,No,,
Elisabeth Cianciola,CRWA,MA70-02 ,Charles River,MA,ND,08/28/14,,,SS-1,1,42.369360, -71.061925,15:00,YES,No,Chlorophyll,1.8,08/28/14,15:00,Beagle,Magellan,No,,
Elisabeth Cianciola,CRWA,MA72-08,Charles River,MA,CB,09/04/14,,,SS-1,1,42.358755,-71.073377,12:25,NO,No,Chlorophyll,2.44,09/04/14,12:25,Beagle,Magellan,No,,
Elisabeth Cianciola,CRWA,MA72-08,Charles River,MA,CB,09/04/14,,,SS-1,1,42.358755,-71.073377,12:25,YES,No,Chlorophyll,1.8,09/04/14,12:25,Beagle,Magellan,No,,
Elisabeth Cianciola,CRWA,MA72-08,Charles River,MA,BROAD,09/04/14,,,SS-1,1,42.362866, -71.081652,13:00,NO,No,Chlorophyll,4.02,09/04/14,13:00,Beagle,Magellan,No,,
Elisabeth Cianciola,CRWA,MA72-08,Charles River,MA,BROAD,09/04/14,,,SS-1,1,42.362866, -71.081652,13:00,YES,No,Chlorophyll,1.66,09/04/14,13:00,Beagle,Magellan,No,,
Elisabeth Cianciola,CRWA,MA72-08,Charles River,MA,SP,09/04/14,,,SS-1,1,42.358519,-71.087433,13:30,NO,No,Chlorophyll,2.67,09/04/14,13:30,Beagle,Magellan,No,,
Elisabeth Cianciola,CRWA,MA72-08,Charles River,MA,SP,09/04/14,,,SS-1,1,42.358519,-71.087433,13:30,YES,No,Chlorophyll,1.63,09/04/14,13:30,Beagle,Magellan,No,,
Elisabeth Cianciola,CRWA,MA70-02 ,Charles River,MA,ND,09/04/14,,,SS-1,1,42.369360, -71.061925,14:00,NO,No,Chlorophyll,2.78,09/04/14,14:00,Beagle,Magellan,No,,
Elisabeth Cianciola,CRWA,MA70-02 ,Charles River,MA,ND,09/04/14,,,SS-1,1,42.369360, -71.061925,14:00,YES,No,Chlorophyll,1.66,09/04/14,14:00,Beagle,Magellan,No,,
Elisabeth Cianciola,CRWA,MA72-08,Charles River,MA,SP,09/11/14,,,SS-1,1,42.358519,-71.087433,13:04,NO,No,Chlorophyll,3.79,09/11/14,13:04,Beagle,Magellan,No,,
Elisabeth Cianciola,CRWA,MA72-08,Charles River,MA,SP,09/11/14,,,SS-1,1,42.358519,-71.087433,13:04,YES,No,Chlorophyll,1.37,09/11/14,13:04,Beagle,Magellan,No,,
Elisabeth Cianciola,CRWA,MA72-08,Charles River,MA,BROAD,09/11/14,,,SS-1,1,42.362866, -71.081652,13:35,NO,No,Chlorophyll,5.15,09/11/14,13:35,Beagle,Magellan,No,,
Elisabeth Cianciola,CRWA,MA72-08,Charles River,MA,BROAD,09/11/14,,,SS-1,1,42.362866, -71.081652,13:35,YES,No,Chlorophyll,1.46,09/11/14,13:35,Beagle,Magellan,No,,
Elisabeth Cianciola,CRWA,MA70-02 ,Charles River,MA,ND,09/11/14,,,SS-1,1,42.369360, -71.061925,14:28,NO,No,Chlorophyll,4.86,09/11/14,14:28,Beagle,Magellan,No,,
Elisabeth Cianciola,CRWA,MA70-02 ,Charles River,MA,ND,09/11/14,,,SS-1,1,42.369360, -71.061925,14:28,YES,No,Chlorophyll,2.06,09/11/14,14:28,Beagle,Magellan,No,,
Elisabeth Cianciola,CRWA,MA72-08,Charles River,MA,CB,09/11/14,,,SS-1,1,42.358755,-71.073377,14:45,NO,No,Chlorophyll,3.27,09/11/14,14:45,Beagle,Magellan,No,,
Elisabeth Cianciola,CRWA,MA72-08,Charles River,MA,CB,09/11/14,,,SS-1,1,42.358755,-71.073377,14:45,YES,No,Chlorophyll,1.72,09/11/14,14:45,Beagle,Magellan,No,,
Elisabeth Cianciola,CRWA,MA72-08,Charles River,MA,SP,09/18/14,,,SS-1,1,42.358519,-71.087433,13:00,NO,No,Chlorophyll,2.93,09/18/14,13:00,Beagle,Magellan,No,,
Elisabeth Cianciola,CRWA,MA72-08,Charles River,MA,SP,09/18/14,,,SS-1,1,42.358519,-71.087433,13:00,YES,No,Chlorophyll,1.72,09/18/14,13:00,Beagle,Magellan,No,,
Elisabeth Cianciola,CRWA,MA72-08,Charles River,MA,BROAD,09/18/14,,,SS-1,1,42.362866, -71.081652,13:30,NO,No,Chlorophyll,2.81,09/18/14,13:30,Beagle,Magellan,No,,
Elisabeth Cianciola,CRWA,MA72-08,Charles River,MA,BROAD,09/18/14,,,SS-1,1,42.362866, -71.081652,13:30,YES,No,Chlorophyll,1.54,09/18/14,13:30,Beagle,Magellan,No,,
Elisabeth Cianciola,CRWA,MA70-02 ,Charles River,MA,ND,09/18/14,,,SS-1,1,42.369360, -71.061925,14:40,NO,No,Chlorophyll,3.04,09/18/14,14:40,Beagle,Magellan,No,,
Elisabeth Cianciola,CRWA,MA70-02 ,Charles River,MA,ND,09/18/14,,,SS-1,1,42.369360, -71.061925,14:40,YES,No,Chlorophyll,1.92,09/18/14,14:40,Beagle,Magellan,No,,
Elisabeth Cianciola,CRWA,MA72-08,Charles River,MA,CB,09/18/14,,,SS-1,1,42.358755,-71.073377,12:30,NO,No,Chlorophyll,2.61,09/18/14,12:30,Beagle,Magellan,No,,
Elisabeth Cianciola,CRWA,MA72-08,Charles River,MA,CB,09/18/14,,,SS-1,1,42.358755,-71.073377,12:30,YES,No,Chlorophyll,1.57,09/18/14,12:30,Beagle,Magellan,No,,
Elisabeth Cianciola,CRWA,MA72-08,Charles River,MA,BROAD,10/02/14,,,SS-1,1,42.362866,-71.081652,13:20,NO,No,Chlorophyll,2.15,10/02/14,13:20,Beagle,Magellan,No,,
Elisabeth Cianciola,CRWA,MA72-08,Charles River,MA,BROAD,10/02/14,,,SS-1,1,42.362866,-71.081652,13:20,YES,No,Chlorophyll,1.28,10/02/14,13:20,Beagle,Magellan,No,,
Elisabeth Cianciola,CRWA,MA70-02 ,Charles River,MA,ND,10/02/14,,,SS-1,1,42.369360, -71.061925,14:35,NO,No,Chlorophyll,2.96,10/02/14,14:35,Beagle,Magellan,No,,
Elisabeth Cianciola,CRWA,MA70-02 ,Charles River,MA,ND,10/02/14,,,SS-1,1,42.369360, -71.061925,14:35,YES,No,Chlorophyll,1.4,10/02/14,14:35,Beagle,Magellan,No,,
Elisabeth Cianciola,CRWA,MA72-08,Charles River,MA,CB,10/02/14,,,SS-1,1,42.358755,-71.073377,12:35,NO,No,Chlorophyll,2.9,10/02/14,12:35,Beagle,Magellan,No,,
Elisabeth Cianciola,CRWA,MA72-08,Charles River,MA,CB,10/02/14,,,SS-1,1,42.358755,-71.073377,12:35,YES,No,Chlorophyll,1.46,10/02/14,12:35,Beagle,Magellan,No,,
Elisabeth Cianciola,CRWA,MA72-08,Charles River,MA,SP,10/02/14,,,SS-1,1,42.358519,-71.087433,12:55,NO,No,Chlorophyll,3.79,10/02/14,12:55,Beagle,Magellan,No,,
Elisabeth Cianciola,CRWA,MA72-08,Charles River,MA,SP,10/02/14,,,SS-1,1,42.358519,-71.087433,12:55,YES,No,Chlorophyll,1.34,10/02/14,12:55,Beagle,Magellan,No,,
Elisabeth Cianciola,CRWA,MA72-08,Charles River,MA,BROAD,07/03/14,,,SS-1,1,42.362866, -71.081652,10:47,NO,Yes,Phycocyanin,3.11,12/11/14,,Beagle,Magellan,No,,Analysis time not available for frozen samples
Elisabeth Cianciola,CRWA,MA72-08,Charles River,MA,BROAD,07/03/14,,,SS-1,1,42.362866, -71.081652,10:47,YES,Yes,Phycocyanin,2.58,12/11/14,,Beagle,Magellan,No,,Analysis time not available for frozen samples
Elisabeth Cianciola,CRWA,MA70-02 ,Charles River,MA,ND,07/03/14,,,SS-1,1,42.369360, -71.061925,11:20,NO,Yes,Phycocyanin,4.7,12/11/14,,Beagle,Magellan,No,,Analysis time not available for frozen samples
Elisabeth Cianciola,CRWA,MA70-02 ,Charles River,MA,ND,07/03/14,,,SS-1,1,42.369360, -71.061925,11:20,YES,Yes,Phycocyanin,0.1,12/11/14,,Beagle,Magellan,No,,Analysis time not available for frozen samples
Elisabeth Cianciola,CRWA,MA72-08,Charles River,MA,CB,07/10/14,,,SS-1,1,42.358755,-71.073377,14:22,NO,Yes,Phycocyanin,0.55,12/11/14,,Beagle,Magellan,No,,Analysis time not available for frozen samples
Elisabeth Cianciola,CRWA,MA72-08,Charles River,MA,CB,07/10/14,,,SS-1,1,42.358755,-71.073377,14:22,YES,Yes,Phycocyanin,5.23,12/11/14,,Beagle,Magellan,No,,Analysis time not available for frozen samples
Elisabeth Cianciola,CRWA,MA72-08,Charles River,MA,SP,07/10/14,,,SS-1,1,42.358519,-71.087433,14:37,NO,Yes,Phycocyanin,3.64,12/11/14,,Beagle,Magellan,No,,Analysis time not available for frozen samples
Elisabeth Cianciola,CRWA,MA72-08,Charles River,MA,SP,07/10/14,,,SS-1,1,42.358519,-71.087433,14:37,YES,Yes,Phycocyanin,1,12/11/14,,Beagle,Magellan,No,,Analysis time not available for frozen samples
Elisabeth Cianciola,CRWA,MA72-08,Charles River,MA,BROAD,07/10/14,,,SS-1,1,42.362866, -71.081652,15:09,NO,Yes,Phycocyanin,0.1,12/11/14,,Beagle,Magellan,No,,Analysis time not available for frozen samples
Elisabeth Cianciola,CRWA,MA72-08,Charles River,MA,BROAD,07/10/14,,,SS-1,1,42.362866, -71.081652,15:09,YES,Yes,Phycocyanin,0.1,12/11/14,,Beagle,Magellan,No,,Analysis time not available for frozen samples
Elisabeth Cianciola,CRWA,MA70-02 ,Charles River,MA,ND,07/10/14,,,SS-1,1,42.369360, -71.061925,15:52,NO,Yes,Phycocyanin,2.05,12/11/14,,Beagle,Magellan,No,,Analysis time not available for frozen samples
Elisabeth Cianciola,CRWA,MA70-02 ,Charles River,MA,ND,07/10/14,,,SS-1,1,42.369360, -71.061925,15:52,YES,Yes,Phycocyanin,5.23,12/11/14,,Beagle,Magellan,No,,Analysis time not available for frozen samples
Elisabeth Cianciola,CRWA,MA72-08,Charles River,MA,BROAD,07/17/14,,,SS-1,1,42.362866, -71.081652,11:09,NO,Yes,Phycocyanin,1.52,12/11/14,,Beagle,Magellan,No,,Analysis time not available for frozen samples
Elisabeth Cianciola,CRWA,MA72-08,Charles River,MA,BROAD,07/17/14,,,SS-1,1,42.362866, -71.081652,11:09,YES,Yes,Phycocyanin,7.88,12/11/14,,Beagle,Magellan,No,,Analysis time not available for frozen samples
Elisabeth Cianciola,CRWA,MA70-02 ,Charles River,MA,ND,07/17/14,,,SS-1,1,42.369360, -71.061925,11:44,NO,Yes,Phycocyanin,4.7,12/11/14,,Beagle,Magellan,No,,Analysis time not available for frozen samples
Elisabeth Cianciola,CRWA,MA70-02 ,Charles River,MA,ND,07/17/14,,,SS-1,1,42.369360, -71.061925,11:44,YES,Yes,Phycocyanin,1.52,12/11/14,,Beagle,Magellan,No,,Analysis time not available for frozen samples
Elisabeth Cianciola,CRWA,MA72-08,Charles River,MA,CB,07/17/14,,,SS-1,1,42.358755,-71.073377,12:12,NO,Yes,Phycocyanin,1,12/11/14,,Beagle,Magellan,No,,Analysis time not available for frozen samples
Elisabeth Cianciola,CRWA,MA72-08,Charles River,MA,CB,07/17/14,,,SS-1,1,42.358755,-71.073377,12:12,YES,Yes,Phycocyanin,3.11,12/11/14,,Beagle,Magellan,No,,Analysis time not available for frozen samples
Elisabeth Cianciola,CRWA,MA72-08,Charles River,MA,SP,07/17/14,,,SS-1,1,42.358519,-71.087433,12:39,NO,Yes,Phycocyanin,4.7,12/11/14,,Beagle,Magellan,No,,Analysis time not available for frozen samples
Elisabeth Cianciola,CRWA,MA72-08,Charles River,MA,SP,07/17/14,,,SS-1,1,42.358519,-71.087433,12:39,YES,Yes,Phycocyanin,4.17,12/11/14,,Beagle,Magellan,No,,Analysis time not available for frozen samples
Elisabeth Cianciola,CRWA,MA72-08,Charles River,MA,SP,07/24/14,,,SS-1,1,42.358519,-71.087433,,NO,Yes,Phycocyanin,2.05,12/11/14,,Beagle,Magellan,No,,Sample collection time not available
Elisabeth Cianciola,CRWA,MA72-08,Charles River,MA,SP,07/24/14,,,SS-1,1,42.358519,-71.087433,,YES,Yes,Phycocyanin,3.11,12/11/14,,Beagle,Magellan,No,,Sample collection time not available
Elisabeth Cianciola,CRWA,MA72-08,Charles River,MA,BROAD,07/31/14,,,SS-1,1,42.362866, -71.081652,10:47,NO,Yes,Phycocyanin,1.52,12/11/14,,Beagle,Magellan,No,,Analysis time not available for frozen samples
Elisabeth Cianciola,CRWA,MA72-08,Charles River,MA,BROAD,07/31/14,,,SS-1,1,42.362866, -71.081652,10:47,YES,Yes,Phycocyanin,2.58,12/11/14,,Beagle,Magellan,No,,Analysis time not available for frozen samples
Elisabeth Cianciola,CRWA,MA70-02 ,Charles River,MA,ND,08/07/14,,,SS-1,1,42.369360, -71.061925,14:15,NO,Yes,Phycocyanin,5.23,12/11/14,,Beagle,Magellan,No,,Analysis time not available for frozen samples
Elisabeth Cianciola,CRWA,MA70-02 ,Charles River,MA,ND,08/07/14,,,SS-1,1,42.369360, -71.061925,14:15,YES,Yes,Phycocyanin,1,12/11/14,,Beagle,Magellan,No,,Analysis time not available for frozen samples
Elisabeth Cianciola,CRWA,MA72-08,Charles River,MA,CB,08/14/14,,,SS-1,1,42.358755,-71.073377,11:43,NO,Yes,Phycocyanin,5.76,12/11/14,,Beagle,Magellan,No,,Analysis time not available for frozen samples
Elisabeth Cianciola,CRWA,MA72-08,Charles River,MA,CB,08/14/14,,,SS-1,1,42.358755,-71.073377,11:43,YES,Yes,Phycocyanin,3.11,12/11/14,,Beagle,Magellan,No,,Analysis time not available for frozen samples
Elisabeth Cianciola,CRWA,MA72-08,Charles River,MA,SP,08/21/14,,,SS-1,1,42.358519,-71.087433,13:54,NO,Yes,Phycocyanin,3.11,12/11/14,,Beagle,Magellan,No,,Analysis time not available for frozen samples
Elisabeth Cianciola,CRWA,MA72-08,Charles River,MA,SP,08/21/14,,,SS-1,1,42.358519,-71.087433,13:54,YES,Yes,Phycocyanin,2.58,12/11/14,,Beagle,Magellan,No,,Analysis time not available for frozen samples
Elisabeth Cianciola,CRWA,MA72-08,Charles River,MA,BROAD,08/28/14,,,SS-1,1,42.362866, -71.081652,14:00,NO,Yes,Phycocyanin,7.35,12/11/14,,Beagle,Magellan,No,,Analysis time not available for frozen samples
Elisabeth Cianciola,CRWA,MA72-08,Charles River,MA,BROAD,08/28/14,,,SS-1,1,42.362866, -71.081652,14:00,YES,Yes,Phycocyanin,2.58,12/11/14,,Beagle,Magellan,No,,Analysis time not available for frozen samples
Elisabeth Cianciola,CRWA,MA70-02 ,Charles River,MA,ND,09/04/14,,,SS-1,1,42.369360, -71.061925,14:00,NO,Yes,Phycocyanin,3.11,12/11/14,,Beagle,Magellan,No,,Analysis time not available for frozen samples
Elisabeth Cianciola,CRWA,MA70-02 ,Charles River,MA,ND,09/04/14,,,SS-1,1,42.369360, -71.061925,14:00,YES,Yes,Phycocyanin,4.7,12/11/14,,Beagle,Magellan,No,,Analysis time not available for frozen samples
Elisabeth Cianciola,CRWA,MA72-08,Charles River,MA,CB,09/11/14,,,SS-1,1,42.358755,-71.073377,14:45,NO,Yes,Phycocyanin,5.23,12/11/14,,Beagle,Magellan,No,,Analysis time not available for frozen samples
Elisabeth Cianciola,CRWA,MA72-08,Charles River,MA,CB,09/11/14,,,SS-1,1,42.358755,-71.073377,14:45,YES,Yes,Phycocyanin,0.55,12/11/14,,Beagle,Magellan,No,,Analysis time not available for frozen samples
Elisabeth Cianciola,CRWA,MA72-08,Charles River,MA,SP,09/18/14,,,SS-1,1,42.358519,-71.087433,13:00,NO,Yes,Phycocyanin,4.7,12/11/14,,Beagle,Magellan,No,,Analysis time not available for frozen samples
Elisabeth Cianciola,CRWA,MA72-08,Charles River,MA,SP,09/18/14,,,SS-1,1,42.358519,-71.087433,13:00,YES,Yes,Phycocyanin,3.11,12/11/14,,Beagle,Magellan,No,,Analysis time not available for frozen samples
Elisabeth Cianciola,CRWA,MA72-08,Charles River,MA,BROAD,10/02/14,,,SS-1,1,42.362866,-71.081652,13:20,NO,Yes,Phycocyanin,3.11,12/11/14,,Beagle,Magellan,No,,Analysis time not available for frozen samples
Elisabeth Cianciola,CRWA,MA72-08,Charles River,MA,BROAD,10/02/14,,,SS-1,1,42.362866,-71.081652,13:20,YES,Yes,Phycocyanin,1.52,12/11/14,,Beagle,Magellan,No,,Analysis time not available for frozen samples
Elisabeth Cianciola,CRWA,MA72-08,Charles River,MA,BROAD,07/03/14,,,SS-1,1,42.362866, -71.081652,10:47,YES,Yes,Chlorophyll,2.47,12/11/14,,Beagle,Magellan,No,,Analysis time not available for frozen samples
Elisabeth Cianciola,CRWA,MA70-02 ,Charles River,MA,ND,07/03/14,,,SS-1,1,42.369360, -71.061925,11:20,NO,Yes,Chlorophyll,2.18,12/11/14,,Beagle,Magellan,No,,Analysis time not available for frozen samples
Elisabeth Cianciola,CRWA,MA70-02 ,Charles River,MA,ND,07/03/14,,,SS-1,1,42.369360, -71.061925,11:20,YES,Yes,Chlorophyll,2.99,12/11/14,,Beagle,Magellan,No,,Analysis time not available for frozen samples
Elisabeth Cianciola,CRWA,MA72-08,Charles River,MA,CB,07/10/14,,,SS-1,1,42.358755,-71.073377,14:22,NO,Yes,Chlorophyll,2.03,12/11/14,,Beagle,Magellan,No,,Analysis time not available for frozen samples
Elisabeth Cianciola,CRWA,MA72-08,Charles River,MA,CB,07/10/14,,,SS-1,1,42.358755,-71.073377,14:22,YES,Yes,Chlorophyll,2.26,12/11/14,,Beagle,Magellan,No,,Analysis time not available for frozen samples
Elisabeth Cianciola,CRWA,MA72-08,Charles River,MA,SP,07/10/14,,,SS-1,1,42.358519,-71.087433,14:37,NO,Yes,Chlorophyll,2.15,12/11/14,,Beagle,Magellan,No,,Analysis time not available for frozen samples
Elisabeth Cianciola,CRWA,MA72-08,Charles River,MA,SP,07/10/14,,,SS-1,1,42.358519,-71.087433,14:37,YES,Yes,Chlorophyll,2.47,12/11/14,,Beagle,Magellan,No,,Analysis time not available for frozen samples
Elisabeth Cianciola,CRWA,MA72-08,Charles River,MA,BROAD,07/10/14,,,SS-1,1,42.362866, -71.081652,15:09,NO,Yes,Chlorophyll,2.18,12/11/14,,Beagle,Magellan,No,,Analysis time not available for frozen samples
Elisabeth Cianciola,CRWA,MA72-08,Charles River,MA,BROAD,07/10/14,,,SS-1,1,42.362866, -71.081652,15:09,YES,Yes,Chlorophyll,2.26,12/11/14,,Beagle,Magellan,No,,Analysis time not available for frozen samples
Elisabeth Cianciola,CRWA,MA70-02 ,Charles River,MA,ND,07/10/14,,,SS-1,1,42.369360, -71.061925,15:52,NO,Yes,Chlorophyll,2.06,12/11/14,,Beagle,Magellan,No,,Analysis time not available for frozen samples
Elisabeth Cianciola,CRWA,MA70-02 ,Charles River,MA,ND,07/10/14,,,SS-1,1,42.369360, -71.061925,15:52,YES,Yes,Chlorophyll,2.26,12/11/14,,Beagle,Magellan,No,,Analysis time not available for frozen samples
Elisabeth Cianciola,CRWA,MA72-08,Charles River,MA,BROAD,07/17/14,,,SS-1,1,42.362866, -71.081652,11:09,NO,Yes,Chlorophyll,2.44,12/11/14,,Beagle,Magellan,No,,Analysis time not available for frozen samples
Elisabeth Cianciola,CRWA,MA72-08,Charles River,MA,BROAD,07/17/14,,,SS-1,1,42.362866, -71.081652,11:09,YES,Yes,Chlorophyll,2.12,12/11/14,,Beagle,Magellan,No,,Analysis time not available for frozen samples
Elisabeth Cianciola,CRWA,MA70-02 ,Charles River,MA,ND,07/17/14,,,SS-1,1,42.369360, -71.061925,11:44,NO,Yes,Chlorophyll,1.89,12/11/14,,Beagle,Magellan,No,,Analysis time not available for frozen samples
Elisabeth Cianciola,CRWA,MA70-02 ,Charles River,MA,ND,07/17/14,,,SS-1,1,42.369360, -71.061925,11:44,YES,Yes,Chlorophyll,2.15,12/11/14,,Beagle,Magellan,No,,Analysis time not available for frozen samples
Elisabeth Cianciola,CRWA,MA72-08,Charles River,MA,CB,07/17/14,,,SS-1,1,42.358755,-71.073377,12:12,NO,Yes,Chlorophyll,1.92,12/11/14,,Beagle,Magellan,No,,Analysis time not available for frozen samples
Elisabeth Cianciola,CRWA,MA72-08,Charles River,MA,CB,07/17/14,,,SS-1,1,42.358755,-71.073377,12:12,YES,Yes,Chlorophyll,2.03,12/11/14,,Beagle,Magellan,No,,Analysis time not available for frozen samples
Elisabeth Cianciola,CRWA,MA72-08,Charles River,MA,SP,07/17/14,,,SS-1,1,42.358519,-71.087433,12:39,NO,Yes,Chlorophyll,1.98,12/11/14,,Beagle,Magellan,No,,Analysis time not available for frozen samples
Elisabeth Cianciola,CRWA,MA72-08,Charles River,MA,SP,07/17/14,,,SS-1,1,42.358519,-71.087433,12:39,YES,Yes,Chlorophyll,2.09,12/11/14,,Beagle,Magellan,No,,Analysis time not available for frozen samples
Elisabeth Cianciola,CRWA,MA72-08,Charles River,MA,CB,07/24/14,,,SS-1,1,42.358755,-71.073377,,NO,Yes,Chlorophyll,2.18,12/11/14,,Beagle,Magellan,No,,Sample collection time not available
Elisabeth Cianciola,CRWA,MA72-08,Charles River,MA,SP,07/24/14,,,SS-1,1,42.358519,-71.087433,,YES,Yes,Chlorophyll,1.54,12/11/14,,Beagle,Magellan,No,,Sample collection time not available
Elisabeth Cianciola,CRWA,MA72-08,Charles River,MA,BROAD,07/24/14,,,SS-1,1,42.362866, -71.081652,,NO,Yes,Chlorophyll,1.54,12/11/14,,Beagle,Magellan,No,,Sample collection time not available
Elisabeth Cianciola,CRWA,MA72-08,Charles River,MA,BROAD,07/31/14,,,SS-1,1,42.362866, -71.081652,10:47,YES,Yes,Chlorophyll,1.75,12/11/14,,Beagle,Magellan,No,,Analysis time not available for frozen samples
Elisabeth Cianciola,CRWA,MA72-08,Charles River,MA,CB,07/31/14,,,SS-1,1,42.358755,-71.073377,11:10,NO,Yes,Chlorophyll,1.51,12/11/14,,Beagle,Magellan,No,,Analysis time not available for frozen samples
Elisabeth Cianciola,CRWA,MA70-02 ,Charles River,MA,ND,08/07/14,,,SS-1,1,42.369360, -71.061925,14:15,YES,Yes,Chlorophyll,1.95,12/11/14,,Beagle,Magellan,No,,Analysis time not available for frozen samples
Elisabeth Cianciola,CRWA,MA72-08,Charles River,MA,CB,08/07/14,,,SS-1,1,42.358755,-71.073377,14:42,NO,Yes,Chlorophyll,1.86,12/11/14,,Beagle,Magellan,No,,Analysis time not available for frozen samples
Elisabeth Cianciola,CRWA,MA72-08,Charles River,MA,CB,08/14/14,,,SS-1,1,42.358755,-71.073377,11:43,YES,Yes,Chlorophyll,1.98,12/11/14,,Beagle,Magellan,No,,Analysis time not available for frozen samples
Elisabeth Cianciola,CRWA,MA72-08,Charles River,MA,SP,08/14/14,,,SS-1,1,42.358519,-71.087433,12:12,NO,Yes,Chlorophyll,1.66,12/11/14,,Beagle,Magellan,No,,Analysis time not available for frozen samples
Elisabeth Cianciola,CRWA,MA72-08,Charles River,MA,SP,08/21/14,,,SS-1,1,42.358519,-71.087433,13:54,YES,Yes,Chlorophyll,2.26,12/11/14,,Beagle,Magellan,No,,Analysis time not available for frozen samples
Elisabeth Cianciola,CRWA,MA72-08,Charles River,MA,BROAD,08/21/14,,,SS-1,1,42.362866, -71.081652,14:32,NO,Yes,Chlorophyll,1.6,12/11/14,,Beagle,Magellan,No,,Analysis time not available for frozen samples
Elisabeth Cianciola,CRWA,MA72-08,Charles River,MA,BROAD,08/28/14,,,SS-1,1,42.362866, -71.081652,14:00,YES,Yes,Chlorophyll,1.69,12/11/14,,Beagle,Magellan,No,,Analysis time not available for frozen samples
Elisabeth Cianciola,CRWA,MA72-08,Charles River,MA,SP,08/28/14,,,SS-1,1,42.358519,-71.087433,14:20,NO,Yes,Chlorophyll,1.46,12/11/14,,Beagle,Magellan,No,,Analysis time not available for frozen samples
Elisabeth Cianciola,CRWA,MA70-02 ,Charles River,MA,ND,09/04/14,,,SS-1,1,42.369360, -71.061925,14:00,YES,Yes,Chlorophyll,1.49,12/11/14,,Beagle,Magellan,No,,Analysis time not available for frozen samples
Elisabeth Cianciola,CRWA,MA72-08,Charles River,MA,SP,09/11/14,,,SS-1,1,42.358519,-71.087433,13:04,NO,Yes,Chlorophyll,1.25,12/11/14,,Beagle,Magellan,No,,Analysis time not available for frozen samples
Elisabeth Cianciola,CRWA,MA72-08,Charles River,MA,CB,09/11/14,,,SS-1,1,42.358755,-71.073377,14:45,YES,Yes,Chlorophyll,1.46,12/11/14,,Beagle,Magellan,No,,Analysis time not available for frozen samples
Elisabeth Cianciola,CRWA,MA72-08,Charles River,MA,SP,09/18/14,,,SS-1,1,42.358519,-71.087433,13:00,NO,Yes,Chlorophyll,1.11,12/11/14,,Beagle,Magellan,No,,Analysis time not available for frozen samples
Elisabeth Cianciola,CRWA,MA72-08,Charles River,MA,SP,09/18/14,,,SS-1,1,42.358519,-71.087433,13:00,YES,Yes,Chlorophyll,1.63,12/11/14,,Beagle,Magellan,No,,Analysis time not available for frozen samples
Elisabeth Cianciola,CRWA,MA72-08,Charles River,MA,BROAD,09/18/14,,,SS-1,1,42.362866, -71.081652,13:30,NO,Yes,Chlorophyll,1.14,12/11/14,,Beagle,Magellan,No,,Analysis time not available for frozen samples
Elisabeth Cianciola,CRWA,MA72-08,Charles River,MA,BROAD,10/02/14,,,SS-1,1,42.362866,-71.081652,13:20,YES,Yes,Chlorophyll,1.66,12/11/14,,Beagle,Magellan,No,,Analysis time not available for frozen samples
Elisabeth Cianciola,CRWA,MA70-02 ,Charles River,MA,ND,10/02/14,,,SS-1,1,42.369360, -71.061925,14:35,NO,Yes,Chlorophyll,1.25,12/11/14,,Beagle,Magellan,No,,Analysis time not available for frozen samples
