"Order","YourName","Organization","SiteID","WaterbodyName","State","SiteLocation","SampleYear","SampleMonth","SampleDay","NameOfSamplers","WeatherConditions","SampleLocation","SampleMethod","Depth","Latitude","Longitude","SampleHour","SampleMinutes","Filtered","Frozen","Parameter","Value","Units","Rep","Fluorometer","AnalysisYear","AnalysisMonth","AnalysisDay","AnalysisHour","AnalysisMinutes","GPSType","Photos","Flag","Comments"
1,"Tracy Lizotte","CTDEEP","18718","Gardner Lake","CT","at middle of beach",2014,7,1,NA,NA,NA,NA,NA,NA,NA,NA,NA,TRUE,FALSE,"Chlorophyll",152.71,NA,1,"Beagle",NA,NA,NA,NA,NA,NA,FALSE,FALSE,"Value Changed from: 310.87//363.l59"
2,"Tracy Lizotte","CTDEEP","18718","Gardner Lake","CT","at middle of beach",2014,7,1,NA,NA,NA,NA,NA,NA,NA,NA,NA,TRUE,FALSE,"Phycocyanin",0.1,NA,1,"Beagle",NA,NA,NA,NA,NA,NA,FALSE,FALSE,"Value Changed from: 2.50//5.50"
3,"Tracy Lizotte","CTDEEP","18718","Gardner Lake","CT","at middle of beach",2014,7,8,NA,NA,NA,NA,NA,NA,NA,NA,NA,TRUE,FALSE,"Chlorophyll",133.89,NA,1,"Beagle",NA,NA,NA,NA,NA,NA,FALSE,FALSE,"Value Changed from: 24.91//7.50"
4,"Tracy Lizotte","CTDEEP","18718","Gardner Lake","CT","at middle of beach",2014,7,8,NA,NA,NA,NA,NA,NA,NA,NA,NA,FALSE,FALSE,"Chlorophyll",269.45,NA,1,"Beagle",NA,NA,NA,NA,NA,NA,FALSE,FALSE,"Value Changed from: 2.50//5.50"
5,"Tracy Lizotte","CTDEEP","18718","Gardner Lake","CT","at middle of beach",2014,7,8,NA,NA,NA,NA,NA,NA,NA,NA,NA,TRUE,FALSE,"Phycocyanin",2,NA,1,"Beagle",NA,NA,NA,NA,NA,NA,FALSE,FALSE,"Value Changed from: 337.23//254.39  "
6,"Tracy Lizotte","CTDEEP","18718","Gardner Lake","CT","at middle of beach",2014,7,8,NA,NA,NA,NA,NA,NA,NA,NA,NA,FALSE,FALSE,"Phycocyanin",6.5,NA,1,"Beagle",NA,NA,NA,NA,NA,NA,FALSE,FALSE,"Value Changed from: 310.87//363.l59"
7,"Tracy Lizotte","CTDEEP","18718","Gardner Lake","CT","at middle of beach",2014,7,15,NA,NA,NA,NA,NA,NA,NA,NA,NA,TRUE,FALSE,"Chlorophyll",220.5,NA,1,"Beagle",NA,NA,NA,NA,NA,NA,FALSE,FALSE,"Value Changed from: 2.50//5.50"
8,"Tracy Lizotte","CTDEEP","18718","Gardner Lake","CT","at middle of beach",2014,7,15,NA,NA,NA,NA,NA,NA,NA,NA,NA,FALSE,FALSE,"Chlorophyll",243.09,NA,1,"Beagle",NA,NA,NA,NA,NA,NA,FALSE,FALSE,"Value Changed from: 337.23//254.39  "
9,"Tracy Lizotte","CTDEEP","18718","Gardner Lake","CT","at middle of beach",2014,7,15,NA,NA,NA,NA,NA,NA,NA,NA,NA,TRUE,FALSE,"Phycocyanin",13.08,NA,1,"Beagle",NA,NA,NA,NA,NA,NA,FALSE,FALSE,"Value Changed from: 310.87//363.l59"
10,"Tracy Lizotte","CTDEEP","18718","Gardner Lake","CT","at middle of beach",2014,7,15,NA,NA,NA,NA,NA,NA,NA,NA,NA,FALSE,FALSE,"Phycocyanin",2.5,NA,1,"Beagle",NA,NA,NA,NA,NA,NA,FALSE,FALSE,"Value Changed from: 24.91//7.50"
11,"Tracy Lizotte","CTDEEP","18718","Gardner Lake","CT","at middle of beach",2014,7,22,NA,NA,NA,NA,NA,NA,NA,NA,NA,TRUE,FALSE,"Chlorophyll",137.65,NA,1,"Beagle",NA,NA,NA,NA,NA,NA,FALSE,FALSE,"Value Changed from: 337.23//254.39  "
12,"Tracy Lizotte","CTDEEP","18718","Gardner Lake","CT","at middle of beach",2014,7,22,NA,NA,NA,NA,NA,NA,NA,NA,NA,FALSE,FALSE,"Chlorophyll",276.98,NA,1,"Beagle",NA,NA,NA,NA,NA,NA,FALSE,FALSE,"Value Changed from: 310.87//363.l59"
13,"Tracy Lizotte","CTDEEP","18718","Gardner Lake","CT","at middle of beach",2014,7,22,NA,NA,NA,NA,NA,NA,NA,NA,NA,TRUE,FALSE,"Phycocyanin",0.1,NA,1,"Beagle",NA,NA,NA,NA,NA,NA,FALSE,FALSE,"Value Changed from: 24.91//7.50"
14,"Tracy Lizotte","CTDEEP","18718","Gardner Lake","CT","at middle of beach",2014,7,22,NA,NA,NA,NA,NA,NA,NA,NA,NA,FALSE,FALSE,"Phycocyanin",0.1,NA,1,"Beagle",NA,NA,NA,NA,NA,NA,FALSE,FALSE,"Value Changed from: 2.50//5.50"
15,"Tracy Lizotte","CTDEEP","18718","Gardner Lake","CT","at middle of beach",2014,7,29,NA,NA,NA,NA,NA,NA,NA,NA,NA,TRUE,FALSE,"Chlorophyll",378.66,NA,1,"Beagle",NA,NA,NA,NA,NA,NA,FALSE,FALSE,"Value Changed from: 310.87//363.l59"
16,"Tracy Lizotte","CTDEEP","18718","Gardner Lake","CT","at middle of beach",2014,7,29,NA,NA,NA,NA,NA,NA,NA,NA,NA,FALSE,FALSE,"Chlorophyll",269.45,NA,1,"Beagle",NA,NA,NA,NA,NA,NA,FALSE,FALSE,"Value Changed from: 24.91//7.50"
17,"Tracy Lizotte","CTDEEP","18718","Gardner Lake","CT","at middle of beach",2014,7,29,NA,NA,NA,NA,NA,NA,NA,NA,NA,TRUE,FALSE,"Phycocyanin",77.37,NA,1,"Beagle",NA,NA,NA,NA,NA,NA,FALSE,FALSE,"Value Changed from: 2.50//5.50"
18,"Tracy Lizotte","CTDEEP","18718","Gardner Lake","CT","at middle of beach",2014,7,29,NA,NA,NA,NA,NA,NA,NA,NA,NA,FALSE,FALSE,"Phycocyanin",2.5,NA,1,"Beagle",NA,NA,NA,NA,NA,NA,FALSE,FALSE,"Value Changed from: 337.23//254.39  "
19,"Tracy Lizotte","CTDEEP","18718","Gardner Lake","CT","at middle of beach",2014,8,5,NA,NA,NA,NA,NA,NA,NA,NA,NA,TRUE,FALSE,"Chlorophyll",137.65,NA,1,"Beagle",NA,NA,NA,NA,NA,NA,FALSE,FALSE,"Value Changed from: 24.91//7.50"
20,"Tracy Lizotte","CTDEEP","18718","Gardner Lake","CT","at middle of beach",2014,8,5,NA,NA,NA,NA,NA,NA,NA,NA,NA,FALSE,FALSE,"Chlorophyll",216.73,NA,1,"Beagle",NA,NA,NA,NA,NA,NA,FALSE,FALSE,"Value Changed from: 2.50//5.50"
21,"Tracy Lizotte","CTDEEP","18718","Gardner Lake","CT","at middle of beach",2014,8,5,NA,NA,NA,NA,NA,NA,NA,NA,NA,TRUE,FALSE,"Phycocyanin",0.1,NA,1,"Beagle",NA,NA,NA,NA,NA,NA,FALSE,FALSE,"Value Changed from: 337.23//254.39  "
22,"Tracy Lizotte","CTDEEP","18718","Gardner Lake","CT","at middle of beach",2014,8,5,NA,NA,NA,NA,NA,NA,NA,NA,NA,FALSE,FALSE,"Phycocyanin",7,NA,1,"Beagle",NA,NA,NA,NA,NA,NA,FALSE,FALSE,"Value Changed from: 310.87//363.l59"
23,"Tracy Lizotte","CTDEEP","18718","Gardner Lake","CT","at middle of beach",2014,8,12,NA,NA,NA,NA,NA,NA,NA,NA,NA,FALSE,FALSE,"Chlorophyll",186.61,NA,1,"Beagle",NA,NA,NA,NA,NA,NA,FALSE,FALSE,"Value Changed from: 337.23//254.39  "
24,"Tracy Lizotte","CTDEEP","18718","Gardner Lake","CT","at middle of beach",2014,8,12,NA,NA,NA,NA,NA,NA,NA,NA,NA,FALSE,FALSE,"Phycocyanin",2.5,NA,1,"Beagle",NA,NA,NA,NA,NA,NA,FALSE,FALSE,"Value Changed from: 24.91//7.50"
25,"Tracy Lizotte","CTDEEP","18718","Gardner Lake","CT","at middle of beach",2014,8,19,NA,NA,NA,NA,NA,NA,NA,NA,NA,TRUE,FALSE,"Chlorophyll",130.12,NA,1,"Beagle",NA,NA,NA,NA,NA,NA,FALSE,FALSE,"Value Changed from: 337.23//254.39  "
26,"Tracy Lizotte","CTDEEP","18718","Gardner Lake","CT","at middle of beach",2014,8,19,NA,NA,NA,NA,NA,NA,NA,NA,NA,FALSE,FALSE,"Chlorophyll",265.69,NA,1,"Beagle",NA,NA,NA,NA,NA,NA,FALSE,FALSE,"Value Changed from: 310.87//363.l59"
27,"Tracy Lizotte","CTDEEP","18718","Gardner Lake","CT","at middle of beach",2014,8,19,NA,NA,NA,NA,NA,NA,NA,NA,NA,TRUE,FALSE,"Phycocyanin",6.5,NA,1,"Beagle",NA,NA,NA,NA,NA,NA,FALSE,FALSE,"Value Changed from: 24.91//7.50"
28,"Tracy Lizotte","CTDEEP","18718","Gardner Lake","CT","at middle of beach",2014,8,19,NA,NA,NA,NA,NA,NA,NA,NA,NA,FALSE,FALSE,"Phycocyanin",3,NA,1,"Beagle",NA,NA,NA,NA,NA,NA,FALSE,FALSE,"Value Changed from: 2.50//5.50"
29,"Tracy Lizotte","CTDEEP","18718","Gardner Lake","CT","at middle of beach",2014,8,26,NA,NA,NA,NA,NA,NA,NA,NA,NA,TRUE,FALSE,"Chlorophyll",254.39,NA,1,"Beagle",NA,NA,NA,NA,NA,NA,FALSE,FALSE,"Value Changed from: 310.87//363.l59"
30,"Tracy Lizotte","CTDEEP","18718","Gardner Lake","CT","at middle of beach",2014,8,26,NA,NA,NA,NA,NA,NA,NA,NA,NA,FALSE,FALSE,"Chlorophyll",220.5,NA,1,"Beagle",NA,NA,NA,NA,NA,NA,FALSE,FALSE,"Value Changed from: 24.91//7.50"
31,"Tracy Lizotte","CTDEEP","18718","Gardner Lake","CT","at middle of beach",2014,8,26,NA,NA,NA,NA,NA,NA,NA,NA,NA,TRUE,FALSE,"Phycocyanin",8,NA,1,"Beagle",NA,NA,NA,NA,NA,NA,FALSE,FALSE,"Value Changed from: 2.50//5.50"
32,"Tracy Lizotte","CTDEEP","18718","Gardner Lake","CT","at middle of beach",2014,8,26,NA,NA,NA,NA,NA,NA,NA,NA,NA,FALSE,FALSE,"Phycocyanin",2,NA,1,"Beagle",NA,NA,NA,NA,NA,NA,FALSE,FALSE,"Value Changed from: 337.23//254.39  "
33,"Tracy Lizotte","CTDEEP","18713","Housatonic River (Kettletown)","CT","at middle of beach",2014,6,30,NA,NA,NA,NA,NA,NA,NA,NA,NA,TRUE,FALSE,"Chlorophyll",197.9,NA,1,"Beagle",NA,NA,NA,NA,NA,NA,FALSE,FALSE,"Value Changed from: 24.91//7.50"
34,"Tracy Lizotte","CTDEEP","18713","Housatonic River (Kettletown)","CT","at middle of beach",2014,6,30,NA,NA,NA,NA,NA,NA,NA,NA,NA,TRUE,FALSE,"Phycocyanin",3.5,NA,1,"Beagle",NA,NA,NA,NA,NA,NA,FALSE,FALSE,"Value Changed from: 337.23//254.39  "
35,"Tracy Lizotte","CTDEEP","18713","Housatonic River (Kettletown)","CT","at middle of beach",2014,7,7,NA,NA,NA,NA,NA,NA,NA,NA,NA,TRUE,FALSE,"Chlorophyll",337.23,NA,1,"Beagle",NA,NA,NA,NA,NA,NA,FALSE,TRUE,"Value Changed from: 2.50//5.50"
36,"Tracy Lizotte","CTDEEP","18713","Housatonic River (Kettletown)","CT","at middle of beach",2014,7,7,NA,NA,NA,NA,NA,NA,NA,NA,NA,FALSE,FALSE,"Chlorophyll",310.87,NA,1,"Beagle",NA,NA,NA,NA,NA,NA,FALSE,TRUE,"Value Changed from: 337.23//254.39  "
37,"Tracy Lizotte","CTDEEP","18713","Housatonic River (Kettletown)","CT","at middle of beach",2014,7,7,NA,NA,NA,NA,NA,NA,NA,NA,NA,TRUE,FALSE,"Phycocyanin",24.91,NA,1,"Beagle",NA,NA,NA,NA,NA,NA,FALSE,TRUE,"Value Changed from: 310.87//363.l59"
38,"Tracy Lizotte","CTDEEP","18713","Housatonic River (Kettletown)","CT","at middle of beach",2014,7,7,NA,NA,NA,NA,NA,NA,NA,NA,NA,FALSE,FALSE,"Phycocyanin",2.5,NA,1,"Beagle",NA,NA,NA,NA,NA,NA,FALSE,TRUE,"Value Changed from: 24.91//7.50"
39,"Tracy Lizotte","CTDEEP","18713","Housatonic River (Kettletown)","CT","at middle of beach",2014,7,14,NA,NA,NA,NA,NA,NA,NA,NA,NA,TRUE,FALSE,"Chlorophyll",420.08,NA,1,"Beagle",NA,NA,NA,NA,NA,NA,FALSE,FALSE,"Value Changed from: 337.23//254.39  "
40,"Tracy Lizotte","CTDEEP","18713","Housatonic River (Kettletown)","CT","at middle of beach",2014,7,14,NA,NA,NA,NA,NA,NA,NA,NA,NA,FALSE,FALSE,"Chlorophyll",807.94,NA,1,"Beagle",NA,NA,NA,NA,NA,NA,FALSE,FALSE,"Value Changed from: 310.87//363.l59"
41,"Tracy Lizotte","CTDEEP","18713","Housatonic River (Kettletown)","CT","at middle of beach",2014,7,14,NA,NA,NA,NA,NA,NA,NA,NA,NA,TRUE,FALSE,"Phycocyanin",12.05,NA,1,"Beagle",NA,NA,NA,NA,NA,NA,FALSE,FALSE,"Value Changed from: 24.91//7.50"
42,"Tracy Lizotte","CTDEEP","18713","Housatonic River (Kettletown)","CT","at middle of beach",2014,7,14,NA,NA,NA,NA,NA,NA,NA,NA,NA,FALSE,FALSE,"Phycocyanin",5,NA,1,"Beagle",NA,NA,NA,NA,NA,NA,FALSE,FALSE,"Value Changed from: 2.50//5.50"
43,"Tracy Lizotte","CTDEEP","18713","Housatonic River (Kettletown)","CT","at middle of beach",2014,7,21,NA,NA,NA,NA,NA,NA,NA,NA,NA,TRUE,FALSE,"Chlorophyll",284.51,NA,1,"Beagle",NA,NA,NA,NA,NA,NA,FALSE,FALSE,"Value Changed from: 310.87//363.l59"
44,"Tracy Lizotte","CTDEEP","18713","Housatonic River (Kettletown)","CT","at middle of beach",2014,7,21,NA,NA,NA,NA,NA,NA,NA,NA,NA,FALSE,FALSE,"Chlorophyll",661.08,NA,1,"Beagle",NA,NA,NA,NA,NA,NA,FALSE,FALSE,"Value Changed from: 24.91//7.50"
45,"Tracy Lizotte","CTDEEP","18713","Housatonic River (Kettletown)","CT","at middle of beach",2014,7,21,NA,NA,NA,NA,NA,NA,NA,NA,NA,TRUE,FALSE,"Phycocyanin",1,NA,1,"Beagle",NA,NA,NA,NA,NA,NA,FALSE,FALSE,"Value Changed from: 2.50//5.50"
46,"Tracy Lizotte","CTDEEP","18713","Housatonic River (Kettletown)","CT","at middle of beach",2014,7,21,NA,NA,NA,NA,NA,NA,NA,NA,NA,FALSE,FALSE,"Phycocyanin",1,NA,1,"Beagle",NA,NA,NA,NA,NA,NA,FALSE,FALSE,"Value Changed from: 337.23//254.39  "
47,"Tracy Lizotte","CTDEEP","18713","Housatonic River (Kettletown)","CT","at middle of beach",2014,7,28,NA,NA,NA,NA,NA,NA,NA,NA,NA,TRUE,FALSE,"Chlorophyll",563.17,NA,1,"Beagle",NA,NA,NA,NA,NA,NA,FALSE,FALSE,"Value Changed from: 24.91//7.50"
48,"Tracy Lizotte","CTDEEP","18713","Housatonic River (Kettletown)","CT","at middle of beach",2014,7,28,NA,NA,NA,NA,NA,NA,NA,NA,NA,FALSE,FALSE,"Chlorophyll",310.87,NA,1,"Beagle",NA,NA,NA,NA,NA,NA,FALSE,FALSE,"Value Changed from: 2.50//5.50"
49,"Tracy Lizotte","CTDEEP","18713","Housatonic River (Kettletown)","CT","at middle of beach",2014,7,28,NA,NA,NA,NA,NA,NA,NA,NA,NA,TRUE,FALSE,"Phycocyanin",19.77,NA,1,"Beagle",NA,NA,NA,NA,NA,NA,FALSE,FALSE,"Value Changed from: 337.23//254.39  "
50,"Tracy Lizotte","CTDEEP","18713","Housatonic River (Kettletown)","CT","at middle of beach",2014,7,28,NA,NA,NA,NA,NA,NA,NA,NA,NA,FALSE,FALSE,"Phycocyanin",5,NA,1,"Beagle",NA,NA,NA,NA,NA,NA,FALSE,FALSE,"Value Changed from: 310.87//363.l59"
51,"Tracy Lizotte","CTDEEP","18713","Housatonic River (Kettletown)","CT","at middle of beach",2014,8,4,NA,NA,NA,NA,NA,NA,NA,NA,NA,TRUE,FALSE,"Chlorophyll",630.96,NA,1,"Beagle",NA,NA,NA,NA,NA,NA,FALSE,FALSE,"Value Changed from: 2.50//5.50"
52,"Tracy Lizotte","CTDEEP","18713","Housatonic River (Kettletown)","CT","at middle of beach",2014,8,4,NA,NA,NA,NA,NA,NA,NA,NA,NA,FALSE,FALSE,"Chlorophyll",710.04,NA,1,"Beagle",NA,NA,NA,NA,NA,NA,FALSE,FALSE,"Value Changed from: 337.23//254.39  "
53,"Tracy Lizotte","CTDEEP","18713","Housatonic River (Kettletown)","CT","at middle of beach",2014,8,4,NA,NA,NA,NA,NA,NA,NA,NA,NA,TRUE,FALSE,"Phycocyanin",38.8,NA,1,"Beagle",NA,NA,NA,NA,NA,NA,FALSE,FALSE,"Value Changed from: 310.87//363.l59"
54,"Tracy Lizotte","CTDEEP","18713","Housatonic River (Kettletown)","CT","at middle of beach",2014,8,4,NA,NA,NA,NA,NA,NA,NA,NA,NA,FALSE,FALSE,"Phycocyanin",5,NA,1,"Beagle",NA,NA,NA,NA,NA,NA,FALSE,FALSE,"Value Changed from: 24.91//7.50"
55,"Tracy Lizotte","CTDEEP","18713","Housatonic River (Kettletown)","CT","at middle of beach",2014,8,11,NA,NA,NA,NA,NA,NA,NA,NA,NA,FALSE,FALSE,"Chlorophyll",303.34,NA,1,"Beagle",NA,NA,NA,NA,NA,NA,FALSE,FALSE,"Value Changed from: 310.87//363.l59"
56,"Tracy Lizotte","CTDEEP","18713","Housatonic River (Kettletown)","CT","at middle of beach",2014,8,11,NA,NA,NA,NA,NA,NA,NA,NA,NA,FALSE,FALSE,"Phycocyanin",3,NA,1,"Beagle",NA,NA,NA,NA,NA,NA,FALSE,FALSE,"Value Changed from: 2.50//5.50"
57,"Tracy Lizotte","CTDEEP","18713","Housatonic River (Kettletown)","CT","at middle of beach",2014,8,18,NA,NA,NA,NA,NA,NA,NA,NA,NA,TRUE,FALSE,"Chlorophyll",186.61,NA,1,"Beagle",NA,NA,NA,NA,NA,NA,FALSE,FALSE,"Value Changed from: 310.87//363.l59"
58,"Tracy Lizotte","CTDEEP","18713","Housatonic River (Kettletown)","CT","at middle of beach",2014,8,18,NA,NA,NA,NA,NA,NA,NA,NA,NA,FALSE,FALSE,"Chlorophyll",344.76,NA,1,"Beagle",NA,NA,NA,NA,NA,NA,FALSE,FALSE,"Value Changed from: 24.91//7.50"
59,"Tracy Lizotte","CTDEEP","18713","Housatonic River (Kettletown)","CT","at middle of beach",2014,8,18,NA,NA,NA,NA,NA,NA,NA,NA,NA,TRUE,FALSE,"Phycocyanin",0.1,NA,1,"Beagle",NA,NA,NA,NA,NA,NA,FALSE,FALSE,"Value Changed from: 2.50//5.50"
60,"Tracy Lizotte","CTDEEP","18713","Housatonic River (Kettletown)","CT","at middle of beach",2014,8,18,NA,NA,NA,NA,NA,NA,NA,NA,NA,FALSE,FALSE,"Phycocyanin",0.1,NA,1,"Beagle",NA,NA,NA,NA,NA,NA,FALSE,FALSE,"Value Changed from: 337.23//254.39  "
61,"Tracy Lizotte","CTDEEP","18713","Housatonic River (Kettletown)","CT","at middle of beach",2014,8,25,NA,NA,NA,NA,NA,NA,NA,NA,NA,TRUE,FALSE,"Chlorophyll",310.87,NA,1,"Beagle",NA,NA,NA,NA,NA,NA,FALSE,FALSE,"Value Changed from: 24.91//7.50"
62,"Tracy Lizotte","CTDEEP","18713","Housatonic River (Kettletown)","CT","at middle of beach",2014,8,25,NA,NA,NA,NA,NA,NA,NA,NA,NA,FALSE,FALSE,"Chlorophyll",393.72,NA,1,"Beagle",NA,NA,NA,NA,NA,NA,FALSE,FALSE,"Value Changed from: 2.50//5.50"
63,"Tracy Lizotte","CTDEEP","18713","Housatonic River (Kettletown)","CT","at middle of beach",2014,8,25,NA,NA,NA,NA,NA,NA,NA,NA,NA,TRUE,FALSE,"Phycocyanin",25.42,NA,1,"Beagle",NA,NA,NA,NA,NA,NA,FALSE,FALSE,"Value Changed from: 337.23//254.39  "
64,"Tracy Lizotte","CTDEEP","18713","Housatonic River (Kettletown)","CT","at middle of beach",2014,8,25,NA,NA,NA,NA,NA,NA,NA,NA,NA,FALSE,FALSE,"Phycocyanin",13.08,NA,1,"Beagle",NA,NA,NA,NA,NA,NA,FALSE,FALSE,"Value Changed from: 310.87//363.l59"
65,"Tracy Lizotte","CTDEEP","15675","Lake Beseck","CT","At dam",2014,8,20,NA,NA,NA,NA,NA,NA,NA,NA,NA,TRUE,FALSE,"Chlorophyll",284.51,NA,1,"Beagle",NA,NA,NA,NA,NA,NA,FALSE,FALSE,"Value Changed from: 2.50//5.50"
66,"Tracy Lizotte","CTDEEP","15675","Lake Beseck","CT","At dam",2014,8,20,NA,NA,NA,NA,NA,NA,NA,NA,NA,FALSE,FALSE,"Chlorophyll",2163.72,NA,1,"Beagle",NA,NA,NA,NA,NA,NA,FALSE,FALSE,"Value Changed from: 337.23//254.39  "
67,"Tracy Lizotte","CTDEEP","15675","Lake Beseck","CT","At dam",2014,8,20,NA,NA,NA,NA,NA,NA,NA,NA,NA,TRUE,FALSE,"Phycocyanin",6,NA,1,"Beagle",NA,NA,NA,NA,NA,NA,FALSE,FALSE,"Value Changed from: 310.87//363.l59"
68,"Tracy Lizotte","CTDEEP","15675","Lake Beseck","CT","At dam",2014,8,20,NA,NA,NA,NA,NA,NA,NA,NA,NA,FALSE,FALSE,"Phycocyanin",22.34,NA,1,"Beagle",NA,NA,NA,NA,NA,NA,FALSE,FALSE,"Value Changed from: 24.91//7.50"
69,"Tracy Lizotte","CTDEEP","18770","Lake Pocotopaug","CT","Sears Park Beach",2014,9,1,NA,NA,NA,NA,NA,NA,NA,NA,NA,TRUE,FALSE,"Chlorophyll",100,NA,1,"Beagle",NA,NA,NA,NA,NA,NA,FALSE,FALSE,"Value Changed from: 337.23//254.39  "
70,"Tracy Lizotte","CTDEEP","18770","Lake Pocotopaug","CT","Sears Park Beach",2014,9,1,NA,NA,NA,NA,NA,NA,NA,NA,NA,FALSE,FALSE,"Chlorophyll",484.1,NA,1,"Beagle",NA,NA,NA,NA,NA,NA,FALSE,FALSE,"Value Changed from: 310.87//363.l59"
71,"Tracy Lizotte","CTDEEP","18770","Lake Pocotopaug","CT","Sears Park Beach",2014,9,1,NA,NA,NA,NA,NA,NA,NA,NA,NA,TRUE,FALSE,"Phycocyanin",9.5,NA,1,"Beagle",NA,NA,NA,NA,NA,NA,FALSE,FALSE,"Value Changed from: 24.91//7.50"
72,"Tracy Lizotte","CTDEEP","18770","Lake Pocotopaug","CT","Sears Park Beach",2014,9,1,NA,NA,NA,NA,NA,NA,NA,NA,NA,FALSE,FALSE,"Phycocyanin",30.05,NA,1,"Beagle",NA,NA,NA,NA,NA,NA,FALSE,FALSE,"Value Changed from: 2.50//5.50"
73,"Tracy Lizotte","CTDEEP","18716","Lake Waramaug","CT","at middle of beach",2014,7,1,NA,NA,NA,NA,NA,NA,NA,NA,NA,TRUE,FALSE,"Chlorophyll",175.31,NA,1,"Beagle",NA,NA,NA,NA,NA,NA,FALSE,FALSE,"Value Changed from: 310.87//363.l59"
74,"Tracy Lizotte","CTDEEP","18716","Lake Waramaug","CT","at middle of beach",2014,7,1,NA,NA,NA,NA,NA,NA,NA,NA,NA,TRUE,FALSE,"Phycocyanin",13.08,NA,1,"Beagle",NA,NA,NA,NA,NA,NA,FALSE,FALSE,"Value Changed from: 2.50//5.50"
75,"Tracy Lizotte","CTDEEP","18716","Lake Waramaug","CT","at middle of beach",2014,7,8,NA,NA,NA,NA,NA,NA,NA,NA,NA,TRUE,FALSE,"Chlorophyll",461.5,NA,1,"Beagle",NA,NA,NA,NA,NA,NA,FALSE,FALSE,"Value Changed from: 24.91//7.50"
76,"Tracy Lizotte","CTDEEP","18716","Lake Waramaug","CT","at middle of beach",2014,7,8,NA,NA,NA,NA,NA,NA,NA,NA,NA,FALSE,FALSE,"Chlorophyll",469.03,NA,1,"Beagle",NA,NA,NA,NA,NA,NA,FALSE,FALSE,"Value Changed from: 2.50//5.50"
77,"Tracy Lizotte","CTDEEP","18716","Lake Waramaug","CT","at middle of beach",2014,7,8,NA,NA,NA,NA,NA,NA,NA,NA,NA,TRUE,FALSE,"Phycocyanin",55.77,NA,1,"Beagle",NA,NA,NA,NA,NA,NA,FALSE,FALSE,"Value Changed from: 337.23//254.39  "
78,"Tracy Lizotte","CTDEEP","18716","Lake Waramaug","CT","at middle of beach",2014,7,8,NA,NA,NA,NA,NA,NA,NA,NA,NA,FALSE,FALSE,"Phycocyanin",22.85,NA,1,"Beagle",NA,NA,NA,NA,NA,NA,FALSE,FALSE,"Value Changed from: 310.87//363.l59"
79,"Tracy Lizotte","CTDEEP","18716","Lake Waramaug","CT","at middle of beach",2014,7,15,NA,NA,NA,NA,NA,NA,NA,NA,NA,TRUE,FALSE,"Chlorophyll",533.05,NA,1,"Beagle",NA,NA,NA,NA,NA,NA,FALSE,FALSE,"Value Changed from: 2.50//5.50"
80,"Tracy Lizotte","CTDEEP","18716","Lake Waramaug","CT","at middle of beach",2014,7,15,NA,NA,NA,NA,NA,NA,NA,NA,NA,FALSE,FALSE,"Chlorophyll",401.25,NA,1,"Beagle",NA,NA,NA,NA,NA,NA,FALSE,FALSE,"Value Changed from: 337.23//254.39  "
81,"Tracy Lizotte","CTDEEP","18716","Lake Waramaug","CT","at middle of beach",2014,7,15,NA,NA,NA,NA,NA,NA,NA,NA,NA,TRUE,FALSE,"Phycocyanin",180.37,NA,1,"Beagle",NA,NA,NA,NA,NA,NA,FALSE,FALSE,"Value Changed from: 310.87//363.l59"
82,"Tracy Lizotte","CTDEEP","18716","Lake Waramaug","CT","at middle of beach",2014,7,15,NA,NA,NA,NA,NA,NA,NA,NA,NA,FALSE,FALSE,"Phycocyanin",14.11,NA,1,"Beagle",NA,NA,NA,NA,NA,NA,FALSE,FALSE,"Value Changed from: 24.91//7.50"
83,"Tracy Lizotte","CTDEEP","18716","Lake Waramaug","CT","at middle of beach",2014,7,22,NA,NA,NA,NA,NA,NA,NA,NA,NA,TRUE,FALSE,"Chlorophyll",137.65,NA,1,"Beagle",NA,NA,NA,NA,NA,NA,FALSE,FALSE,"Value Changed from: 337.23//254.39  "
84,"Tracy Lizotte","CTDEEP","18716","Lake Waramaug","CT","at middle of beach",2014,7,22,NA,NA,NA,NA,NA,NA,NA,NA,NA,FALSE,FALSE,"Chlorophyll",341,NA,1,"Beagle",NA,NA,NA,NA,NA,NA,FALSE,FALSE,"Value Changed from: 310.87//363.l59"
85,"Tracy Lizotte","CTDEEP","18716","Lake Waramaug","CT","at middle of beach",2014,7,22,NA,NA,NA,NA,NA,NA,NA,NA,NA,TRUE,FALSE,"Phycocyanin",10.51,NA,1,"Beagle",NA,NA,NA,NA,NA,NA,FALSE,FALSE,"Value Changed from: 24.91//7.50"
86,"Tracy Lizotte","CTDEEP","18716","Lake Waramaug","CT","at middle of beach",2014,7,22,NA,NA,NA,NA,NA,NA,NA,NA,NA,FALSE,FALSE,"Phycocyanin",35.2,NA,1,"Beagle",NA,NA,NA,NA,NA,NA,FALSE,FALSE,"Value Changed from: 2.50//5.50"
87,"Tracy Lizotte","CTDEEP","18716","Lake Waramaug","CT","at middle of beach",2014,7,29,NA,NA,NA,NA,NA,NA,NA,NA,NA,TRUE,FALSE,"Chlorophyll",250.62,NA,1,"Beagle",NA,NA,NA,NA,NA,NA,FALSE,FALSE,"Value Changed from: 310.87//363.l59"
88,"Tracy Lizotte","CTDEEP","18716","Lake Waramaug","CT","at middle of beach",2014,7,29,NA,NA,NA,NA,NA,NA,NA,NA,NA,FALSE,FALSE,"Chlorophyll",280.75,NA,1,"Beagle",NA,NA,NA,NA,NA,NA,FALSE,FALSE,"Value Changed from: 24.91//7.50"
89,"Tracy Lizotte","CTDEEP","18716","Lake Waramaug","CT","at middle of beach",2014,7,29,NA,NA,NA,NA,NA,NA,NA,NA,NA,TRUE,FALSE,"Phycocyanin",13.08,NA,1,"Beagle",NA,NA,NA,NA,NA,NA,FALSE,FALSE,"Value Changed from: 2.50//5.50"
90,"Tracy Lizotte","CTDEEP","18716","Lake Waramaug","CT","at middle of beach",2014,7,29,NA,NA,NA,NA,NA,NA,NA,NA,NA,FALSE,FALSE,"Phycocyanin",13.08,NA,1,"Beagle",NA,NA,NA,NA,NA,NA,FALSE,FALSE,"Value Changed from: 337.23//254.39  "
91,"Tracy Lizotte","CTDEEP","18716","Lake Waramaug","CT","at middle of beach",2014,8,5,NA,NA,NA,NA,NA,NA,NA,NA,NA,TRUE,FALSE,"Chlorophyll",476.56,NA,1,"Beagle",NA,NA,NA,NA,NA,NA,FALSE,FALSE,"Value Changed from: 24.91//7.50"
92,"Tracy Lizotte","CTDEEP","18716","Lake Waramaug","CT","at middle of beach",2014,8,5,NA,NA,NA,NA,NA,NA,NA,NA,NA,FALSE,FALSE,"Chlorophyll",228.03,NA,1,"Beagle",NA,NA,NA,NA,NA,NA,FALSE,FALSE,"Value Changed from: 2.50//5.50"
93,"Tracy Lizotte","CTDEEP","18716","Lake Waramaug","CT","at middle of beach",2014,8,5,NA,NA,NA,NA,NA,NA,NA,NA,NA,TRUE,FALSE,"Phycocyanin",22.85,NA,1,"Beagle",NA,NA,NA,NA,NA,NA,FALSE,FALSE,"Value Changed from: 337.23//254.39  "
94,"Tracy Lizotte","CTDEEP","18716","Lake Waramaug","CT","at middle of beach",2014,8,5,NA,NA,NA,NA,NA,NA,NA,NA,NA,FALSE,FALSE,"Phycocyanin",17.71,NA,1,"Beagle",NA,NA,NA,NA,NA,NA,FALSE,FALSE,"Value Changed from: 310.87//363.l59"
95,"Tracy Lizotte","CTDEEP","18716","Lake Waramaug","CT","at middle of beach",2014,8,12,NA,NA,NA,NA,NA,NA,NA,NA,NA,TRUE,FALSE,"Chlorophyll",917.15,NA,1,"Beagle",NA,NA,NA,NA,NA,NA,FALSE,FALSE,"Value Changed from: 2.50//5.50"
96,"Tracy Lizotte","CTDEEP","18716","Lake Waramaug","CT","at middle of beach",2014,8,12,NA,NA,NA,NA,NA,NA,NA,NA,NA,FALSE,FALSE,"Chlorophyll",245.81,NA,1,"Beagle",NA,NA,NA,NA,NA,NA,FALSE,FALSE,"Value Changed from: 337.23//254.39  "
97,"Tracy Lizotte","CTDEEP","18716","Lake Waramaug","CT","at middle of beach",2014,8,12,NA,NA,NA,NA,NA,NA,NA,NA,NA,TRUE,FALSE,"Phycocyanin",30.05,NA,1,"Beagle",NA,NA,NA,NA,NA,NA,FALSE,FALSE,"Value Changed from: 310.87//363.l59"
98,"Tracy Lizotte","CTDEEP","18716","Lake Waramaug","CT","at middle of beach",2014,8,12,NA,NA,NA,NA,NA,NA,NA,NA,NA,FALSE,FALSE,"Phycocyanin",6,NA,1,"Beagle",NA,NA,NA,NA,NA,NA,FALSE,FALSE,"Value Changed from: 24.91//7.50"
99,"Tracy Lizotte","CTDEEP","18716","Lake Waramaug","CT","at middle of beach",2014,8,19,NA,NA,NA,NA,NA,NA,NA,NA,NA,TRUE,FALSE,"Chlorophyll",122.59,NA,1,"Beagle",NA,NA,NA,NA,NA,NA,FALSE,FALSE,"Value Changed from: 337.23//254.39  "
100,"Tracy Lizotte","CTDEEP","18716","Lake Waramaug","CT","at middle of beach",2014,8,19,NA,NA,NA,NA,NA,NA,NA,NA,NA,FALSE,FALSE,"Chlorophyll",258.15,NA,1,"Beagle",NA,NA,NA,NA,NA,NA,FALSE,FALSE,"Value Changed from: 310.87//363.l59"
101,"Tracy Lizotte","CTDEEP","18716","Lake Waramaug","CT","at middle of beach",2014,8,19,NA,NA,NA,NA,NA,NA,NA,NA,NA,TRUE,FALSE,"Phycocyanin",4.5,NA,1,"Beagle",NA,NA,NA,NA,NA,NA,FALSE,FALSE,"Value Changed from: 24.91//7.50"
102,"Tracy Lizotte","CTDEEP","18716","Lake Waramaug","CT","at middle of beach",2014,8,19,NA,NA,NA,NA,NA,NA,NA,NA,NA,FALSE,FALSE,"Phycocyanin",6.5,NA,1,"Beagle",NA,NA,NA,NA,NA,NA,FALSE,FALSE,"Value Changed from: 2.50//5.50"
103,"Tracy Lizotte","CTDEEP","18716","Lake Waramaug","CT","at middle of beach",2014,8,26,NA,NA,NA,NA,NA,NA,NA,NA,NA,TRUE,FALSE,"Chlorophyll",273.22,NA,1,"Beagle",NA,NA,NA,NA,NA,NA,FALSE,FALSE,"Value Changed from: 310.87//363.l59"
104,"Tracy Lizotte","CTDEEP","18716","Lake Waramaug","CT","at middle of beach",2014,8,26,NA,NA,NA,NA,NA,NA,NA,NA,NA,FALSE,FALSE,"Chlorophyll",292.05,NA,1,"Beagle",NA,NA,NA,NA,NA,NA,FALSE,FALSE,"Value Changed from: 24.91//7.50"
105,"Tracy Lizotte","CTDEEP","18716","Lake Waramaug","CT","at middle of beach",2014,8,26,NA,NA,NA,NA,NA,NA,NA,NA,NA,TRUE,FALSE,"Phycocyanin",1,NA,1,"Beagle",NA,NA,NA,NA,NA,NA,FALSE,FALSE,"Value Changed from: 2.50//5.50"
106,"Tracy Lizotte","CTDEEP","18716","Lake Waramaug","CT","at middle of beach",2014,8,26,NA,NA,NA,NA,NA,NA,NA,NA,NA,FALSE,FALSE,"Phycocyanin",0.55,NA,1,"Beagle",NA,NA,NA,NA,NA,NA,FALSE,FALSE,"Value Changed from: 337.23//254.39  "
107,"Tracy Lizotte","CTDEEP","18475","Lower Bolton Lake","CT","at boat ramp",2014,7,1,NA,NA,NA,NA,NA,NA,NA,NA,NA,TRUE,FALSE,"Chlorophyll",216.73,NA,1,"Beagle",NA,NA,NA,NA,NA,NA,FALSE,FALSE,"Value Changed from: 24.91//7.50"
108,"Tracy Lizotte","CTDEEP","18475","Lower Bolton Lake","CT","at boat ramp",2014,7,1,NA,NA,NA,NA,NA,NA,NA,NA,NA,TRUE,FALSE,"Phycocyanin",3,NA,1,"Beagle",NA,NA,NA,NA,NA,NA,FALSE,FALSE,"Value Changed from: 337.23//254.39  "
109,"Tracy Lizotte","CTDEEP","18475","Lower Bolton Lake","CT","at boat ramp",2014,7,8,NA,NA,NA,NA,NA,NA,NA,NA,NA,TRUE,FALSE,"Chlorophyll",292.05,NA,1,"Beagle",NA,NA,NA,NA,NA,NA,FALSE,FALSE,"Value Changed from: 2.50//5.50"
110,"Tracy Lizotte","CTDEEP","18475","Lower Bolton Lake","CT","at boat ramp",2014,7,8,NA,NA,NA,NA,NA,NA,NA,NA,NA,FALSE,FALSE,"Chlorophyll",540.58,NA,1,"Beagle",NA,NA,NA,NA,NA,NA,FALSE,FALSE,"Value Changed from: 337.23//254.39  "
111,"Tracy Lizotte","CTDEEP","18475","Lower Bolton Lake","CT","at boat ramp",2014,7,8,NA,NA,NA,NA,NA,NA,NA,NA,NA,TRUE,FALSE,"Phycocyanin",8,NA,1,"Beagle",NA,NA,NA,NA,NA,NA,FALSE,FALSE,"Value Changed from: 310.87//363.l59"
112,"Tracy Lizotte","CTDEEP","18475","Lower Bolton Lake","CT","at boat ramp",2014,7,8,NA,NA,NA,NA,NA,NA,NA,NA,NA,FALSE,FALSE,"Phycocyanin",2.5,NA,1,"Beagle",NA,NA,NA,NA,NA,NA,FALSE,FALSE,"Value Changed from: 24.91//7.50"
113,"Tracy Lizotte","CTDEEP","18475","Lower Bolton Lake","CT","at boat ramp",2014,7,15,NA,NA,NA,NA,NA,NA,NA,NA,NA,TRUE,FALSE,"Chlorophyll",284.51,NA,1,"Beagle",NA,NA,NA,NA,NA,NA,FALSE,FALSE,"Value Changed from: 337.23//254.39  "
114,"Tracy Lizotte","CTDEEP","18475","Lower Bolton Lake","CT","at boat ramp",2014,7,15,NA,NA,NA,NA,NA,NA,NA,NA,NA,FALSE,FALSE,"Chlorophyll",344.76,NA,1,"Beagle",NA,NA,NA,NA,NA,NA,FALSE,FALSE,"Value Changed from: 310.87//363.l59"
115,"Tracy Lizotte","CTDEEP","18475","Lower Bolton Lake","CT","at boat ramp",2014,7,15,NA,NA,NA,NA,NA,NA,NA,NA,NA,TRUE,FALSE,"Phycocyanin",3.5,NA,1,"Beagle",NA,NA,NA,NA,NA,NA,FALSE,FALSE,"Value Changed from: 24.91//7.50"
116,"Tracy Lizotte","CTDEEP","18475","Lower Bolton Lake","CT","at boat ramp",2014,7,15,NA,NA,NA,NA,NA,NA,NA,NA,NA,FALSE,FALSE,"Phycocyanin",4,NA,1,"Beagle",NA,NA,NA,NA,NA,NA,FALSE,FALSE,"Value Changed from: 2.50//5.50"
117,"Tracy Lizotte","CTDEEP","18475","Lower Bolton Lake","CT","at boat ramp",2014,7,22,NA,NA,NA,NA,NA,NA,NA,NA,NA,TRUE,FALSE,"Chlorophyll",164.01,NA,1,"Beagle",NA,NA,NA,NA,NA,NA,FALSE,FALSE,"Value Changed from: 310.87//363.l59"
118,"Tracy Lizotte","CTDEEP","18475","Lower Bolton Lake","CT","at boat ramp",2014,7,22,NA,NA,NA,NA,NA,NA,NA,NA,NA,FALSE,FALSE,"Chlorophyll",382.42,NA,1,"Beagle",NA,NA,NA,NA,NA,NA,FALSE,FALSE,"Value Changed from: 24.91//7.50"
119,"Tracy Lizotte","CTDEEP","18475","Lower Bolton Lake","CT","at boat ramp",2014,7,22,NA,NA,NA,NA,NA,NA,NA,NA,NA,TRUE,FALSE,"Phycocyanin",0.1,NA,1,"Beagle",NA,NA,NA,NA,NA,NA,FALSE,FALSE,"Value Changed from: 2.50//5.50"
120,"Tracy Lizotte","CTDEEP","18475","Lower Bolton Lake","CT","at boat ramp",2014,7,22,NA,NA,NA,NA,NA,NA,NA,NA,NA,FALSE,FALSE,"Phycocyanin",0.1,NA,1,"Beagle",NA,NA,NA,NA,NA,NA,FALSE,FALSE,"Value Changed from: 337.23//254.39  "
121,"Tracy Lizotte","CTDEEP","18475","Lower Bolton Lake","CT","at boat ramp",2014,7,29,NA,NA,NA,NA,NA,NA,NA,NA,NA,TRUE,FALSE,"Chlorophyll",228.03,NA,1,"Beagle",NA,NA,NA,NA,NA,NA,FALSE,FALSE,"Value Changed from: 24.91//7.50"
122,"Tracy Lizotte","CTDEEP","18475","Lower Bolton Lake","CT","at boat ramp",2014,7,29,NA,NA,NA,NA,NA,NA,NA,NA,NA,FALSE,FALSE,"Chlorophyll",401.25,NA,1,"Beagle",NA,NA,NA,NA,NA,NA,FALSE,FALSE,"Value Changed from: 2.50//5.50"
123,"Tracy Lizotte","CTDEEP","18475","Lower Bolton Lake","CT","at boat ramp",2014,7,29,NA,NA,NA,NA,NA,NA,NA,NA,NA,TRUE,FALSE,"Phycocyanin",0.1,NA,1,"Beagle",NA,NA,NA,NA,NA,NA,FALSE,FALSE,"Value Changed from: 337.23//254.39  "
124,"Tracy Lizotte","CTDEEP","18475","Lower Bolton Lake","CT","at boat ramp",2014,7,29,NA,NA,NA,NA,NA,NA,NA,NA,NA,FALSE,FALSE,"Phycocyanin",6.5,NA,1,"Beagle",NA,NA,NA,NA,NA,NA,FALSE,FALSE,"Value Changed from: 310.87//363.l59"
125,"Tracy Lizotte","CTDEEP","18475","Lower Bolton Lake","CT","at boat ramp",2014,8,5,NA,NA,NA,NA,NA,NA,NA,NA,NA,TRUE,FALSE,"Chlorophyll",164.01,NA,1,"Beagle",NA,NA,NA,NA,NA,NA,FALSE,FALSE,"Value Changed from: 2.50//5.50"
126,"Tracy Lizotte","CTDEEP","18475","Lower Bolton Lake","CT","at boat ramp",2014,8,5,NA,NA,NA,NA,NA,NA,NA,NA,NA,FALSE,FALSE,"Chlorophyll",363.59,NA,1,"Beagle",NA,NA,NA,NA,NA,NA,FALSE,FALSE,"Value Changed from: 337.23//254.39  "
127,"Tracy Lizotte","CTDEEP","18475","Lower Bolton Lake","CT","at boat ramp",2014,8,5,NA,NA,NA,NA,NA,NA,NA,NA,NA,TRUE,FALSE,"Phycocyanin",0.1,NA,1,"Beagle",NA,NA,NA,NA,NA,NA,FALSE,FALSE,"Value Changed from: 310.87//363.l59"
128,"Tracy Lizotte","CTDEEP","18475","Lower Bolton Lake","CT","at boat ramp",2014,8,5,NA,NA,NA,NA,NA,NA,NA,NA,NA,FALSE,FALSE,"Phycocyanin",1.5,NA,1,"Beagle",NA,NA,NA,NA,NA,NA,FALSE,FALSE,"Value Changed from: 24.91//7.50"
129,"Tracy Lizotte","CTDEEP","18475","Lower Bolton Lake","CT","at boat ramp",2014,8,12,NA,NA,NA,NA,NA,NA,NA,NA,NA,FALSE,FALSE,"Chlorophyll",337.23,NA,1,"Beagle",NA,NA,NA,NA,NA,NA,FALSE,FALSE,"Value Changed from: 310.87//363.l59"
130,"Tracy Lizotte","CTDEEP","18475","Lower Bolton Lake","CT","at boat ramp",2014,8,12,NA,NA,NA,NA,NA,NA,NA,NA,NA,FALSE,FALSE,"Phycocyanin",0.1,NA,1,"Beagle",NA,NA,NA,NA,NA,NA,FALSE,FALSE,"Value Changed from: 2.50//5.50"
131,"Tracy Lizotte","CTDEEP","18475","Lower Bolton Lake","CT","at boat ramp",2014,8,19,NA,NA,NA,NA,NA,NA,NA,NA,NA,TRUE,FALSE,"Chlorophyll",148.95,NA,1,"Beagle",NA,NA,NA,NA,NA,NA,FALSE,FALSE,"Value Changed from: 310.87//363.l59"
132,"Tracy Lizotte","CTDEEP","18475","Lower Bolton Lake","CT","at boat ramp",2014,8,19,NA,NA,NA,NA,NA,NA,NA,NA,NA,FALSE,FALSE,"Chlorophyll",325.94,NA,1,"Beagle",NA,NA,NA,NA,NA,NA,FALSE,FALSE,"Value Changed from: 24.91//7.50"
133,"Tracy Lizotte","CTDEEP","18475","Lower Bolton Lake","CT","at boat ramp",2014,8,19,NA,NA,NA,NA,NA,NA,NA,NA,NA,TRUE,FALSE,"Phycocyanin",0.1,NA,1,"Beagle",NA,NA,NA,NA,NA,NA,FALSE,FALSE,"Value Changed from: 2.50//5.50"
134,"Tracy Lizotte","CTDEEP","18475","Lower Bolton Lake","CT","at boat ramp",2014,8,19,NA,NA,NA,NA,NA,NA,NA,NA,NA,FALSE,FALSE,"Phycocyanin",4.5,NA,1,"Beagle",NA,NA,NA,NA,NA,NA,FALSE,FALSE,"Value Changed from: 337.23//254.39  "
135,"Tracy Lizotte","CTDEEP","18475","Lower Bolton Lake","CT","at boat ramp",2014,8,26,NA,NA,NA,NA,NA,NA,NA,NA,NA,TRUE,FALSE,"Chlorophyll",276.98,NA,1,"Beagle",NA,NA,NA,NA,NA,NA,FALSE,FALSE,"Value Changed from: 24.91//7.50"
136,"Tracy Lizotte","CTDEEP","18475","Lower Bolton Lake","CT","at boat ramp",2014,8,26,NA,NA,NA,NA,NA,NA,NA,NA,NA,FALSE,FALSE,"Chlorophyll",307.11,NA,1,"Beagle",NA,NA,NA,NA,NA,NA,FALSE,FALSE,"Value Changed from: 2.50//5.50"
137,"Tracy Lizotte","CTDEEP","18475","Lower Bolton Lake","CT","at boat ramp",2014,8,26,NA,NA,NA,NA,NA,NA,NA,NA,NA,TRUE,FALSE,"Phycocyanin",0.1,NA,1,"Beagle",NA,NA,NA,NA,NA,NA,FALSE,FALSE,"Value Changed from: 337.23//254.39  "
138,"Tracy Lizotte","CTDEEP","18475","Lower Bolton Lake","CT","at boat ramp",2014,8,26,NA,NA,NA,NA,NA,NA,NA,NA,NA,FALSE,FALSE,"Phycocyanin",9.5,NA,1,"Beagle",NA,NA,NA,NA,NA,NA,FALSE,FALSE,"Value Changed from: 310.87//363.l59"
139,"Tracy Lizotte","CTDEEP","15924-M","Mashamoquet","CT","middle of swimming area",2014,8,14,NA,NA,NA,NA,NA,NA,NA,NA,NA,TRUE,FALSE,"Chlorophyll",461.5,NA,1,"Beagle",NA,NA,NA,NA,NA,NA,FALSE,FALSE,"Value Changed from: 2.50//5.50"
140,"Tracy Lizotte","CTDEEP","15924-M","Mashamoquet","CT","middle of swimming area",2014,8,14,NA,NA,NA,NA,NA,NA,NA,NA,NA,FALSE,FALSE,"Chlorophyll",533.05,NA,1,"Beagle",NA,NA,NA,NA,NA,NA,FALSE,FALSE,"Value Changed from: 337.23//254.39  "
141,"Tracy Lizotte","CTDEEP","15924-M","Mashamoquet","CT","middle of swimming area",2014,8,14,NA,NA,NA,NA,NA,NA,NA,NA,NA,TRUE,FALSE,"Phycocyanin",0.1,NA,1,"Beagle",NA,NA,NA,NA,NA,NA,FALSE,FALSE,"Value Changed from: 310.87//363.l59"
142,"Tracy Lizotte","CTDEEP","15924-M","Mashamoquet","CT","middle of swimming area",2014,8,14,NA,NA,NA,NA,NA,NA,NA,NA,NA,FALSE,FALSE,"Phycocyanin",6,NA,1,"Beagle",NA,NA,NA,NA,NA,NA,FALSE,FALSE,"Value Changed from: 24.91//7.50"
143,"Tracy Lizotte","CTDEEP","18715","Mount Tom Pond","CT","at middle of beach",2014,7,1,NA,NA,NA,NA,NA,NA,NA,NA,NA,TRUE,FALSE,"Chlorophyll",122.59,NA,1,"Beagle",NA,NA,NA,NA,NA,NA,FALSE,FALSE,"Value Changed from: 337.23//254.39  "
144,"Tracy Lizotte","CTDEEP","18715","Mount Tom Pond","CT","at middle of beach",2014,7,1,NA,NA,NA,NA,NA,NA,NA,NA,NA,TRUE,FALSE,"Phycocyanin",3,NA,1,"Beagle",NA,NA,NA,NA,NA,NA,FALSE,FALSE,"Value Changed from: 24.91//7.50"
145,"Tracy Lizotte","CTDEEP","18715","Mount Tom Pond","CT","at middle of beach",2014,7,8,NA,NA,NA,NA,NA,NA,NA,NA,NA,TRUE,FALSE,"Chlorophyll",115.06,NA,1,"Beagle",NA,NA,NA,NA,NA,NA,FALSE,FALSE,"Value Changed from: 310.87//363.l59"
146,"Tracy Lizotte","CTDEEP","18715","Mount Tom Pond","CT","at middle of beach",2014,7,8,NA,NA,NA,NA,NA,NA,NA,NA,NA,FALSE,FALSE,"Chlorophyll",190.37,NA,1,"Beagle",NA,NA,NA,NA,NA,NA,FALSE,FALSE,"Value Changed from: 24.91//7.50"
147,"Tracy Lizotte","CTDEEP","18715","Mount Tom Pond","CT","at middle of beach",2014,7,8,NA,NA,NA,NA,NA,NA,NA,NA,NA,TRUE,FALSE,"Phycocyanin",2.5,NA,1,"Beagle",NA,NA,NA,NA,NA,NA,FALSE,FALSE,"Value Changed from: 2.50//5.50"
148,"Tracy Lizotte","CTDEEP","18715","Mount Tom Pond","CT","at middle of beach",2014,7,8,NA,NA,NA,NA,NA,NA,NA,NA,NA,FALSE,FALSE,"Phycocyanin",30.57,NA,1,"Beagle",NA,NA,NA,NA,NA,NA,FALSE,FALSE,"Value Changed from: 337.23//254.39  "
149,"Tracy Lizotte","CTDEEP","18715","Mount Tom Pond","CT","at middle of beach",2014,7,15,NA,NA,NA,NA,NA,NA,NA,NA,NA,TRUE,FALSE,"Chlorophyll",156.48,NA,1,"Beagle",NA,NA,NA,NA,NA,NA,FALSE,FALSE,"Value Changed from: 24.91//7.50"
150,"Tracy Lizotte","CTDEEP","18715","Mount Tom Pond","CT","at middle of beach",2014,7,15,NA,NA,NA,NA,NA,NA,NA,NA,NA,FALSE,FALSE,"Chlorophyll",751.46,NA,1,"Beagle",NA,NA,NA,NA,NA,NA,FALSE,FALSE,"Value Changed from: 2.50//5.50"
151,"Tracy Lizotte","CTDEEP","18715","Mount Tom Pond","CT","at middle of beach",2014,7,15,NA,NA,NA,NA,NA,NA,NA,NA,NA,TRUE,FALSE,"Phycocyanin",24.91,NA,1,"Beagle",NA,NA,NA,NA,NA,NA,FALSE,FALSE,"Value Changed from: 337.23//254.39  "
152,"Tracy Lizotte","CTDEEP","18715","Mount Tom Pond","CT","at middle of beach",2014,7,15,NA,NA,NA,NA,NA,NA,NA,NA,NA,FALSE,FALSE,"Phycocyanin",50.11,NA,1,"Beagle",NA,NA,NA,NA,NA,NA,FALSE,FALSE,"Value Changed from: 310.87//363.l59"
153,"Tracy Lizotte","CTDEEP","18715","Mount Tom Pond","CT","at middle of beach",2014,7,22,NA,NA,NA,NA,NA,NA,NA,NA,NA,TRUE,FALSE,"Chlorophyll",295.81,NA,1,"Beagle",NA,NA,NA,NA,NA,NA,FALSE,FALSE,"Value Changed from: 2.50//5.50"
154,"Tracy Lizotte","CTDEEP","18715","Mount Tom Pond","CT","at middle of beach",2014,7,22,NA,NA,NA,NA,NA,NA,NA,NA,NA,FALSE,FALSE,"Chlorophyll",514.22,NA,1,"Beagle",NA,NA,NA,NA,NA,NA,FALSE,FALSE,"Value Changed from: 337.23//254.39  "
155,"Tracy Lizotte","CTDEEP","18715","Mount Tom Pond","CT","at middle of beach",2014,7,22,NA,NA,NA,NA,NA,NA,NA,NA,NA,TRUE,FALSE,"Phycocyanin",36.74,NA,1,"Beagle",NA,NA,NA,NA,NA,NA,FALSE,FALSE,"Value Changed from: 310.87//363.l59"
156,"Tracy Lizotte","CTDEEP","18715","Mount Tom Pond","CT","at middle of beach",2014,7,22,NA,NA,NA,NA,NA,NA,NA,NA,NA,FALSE,FALSE,"Phycocyanin",33.14,NA,1,"Beagle",NA,NA,NA,NA,NA,NA,FALSE,FALSE,"Value Changed from: 24.91//7.50"
157,"Tracy Lizotte","CTDEEP","18715","Mount Tom Pond","CT","at middle of beach",2014,7,29,NA,NA,NA,NA,NA,NA,NA,NA,NA,TRUE,FALSE,"Chlorophyll",115.06,NA,1,"Beagle",NA,NA,NA,NA,NA,NA,FALSE,FALSE,"Value Changed from: 337.23//254.39  "
158,"Tracy Lizotte","CTDEEP","18715","Mount Tom Pond","CT","at middle of beach",2014,7,29,NA,NA,NA,NA,NA,NA,NA,NA,NA,FALSE,FALSE,"Chlorophyll",469.03,NA,1,"Beagle",NA,NA,NA,NA,NA,NA,FALSE,FALSE,"Value Changed from: 310.87//363.l59"
159,"Tracy Lizotte","CTDEEP","18715","Mount Tom Pond","CT","at middle of beach",2014,7,29,NA,NA,NA,NA,NA,NA,NA,NA,NA,TRUE,FALSE,"Phycocyanin",0.1,NA,1,"Beagle",NA,NA,NA,NA,NA,NA,FALSE,FALSE,"Value Changed from: 24.91//7.50"
160,"Tracy Lizotte","CTDEEP","18715","Mount Tom Pond","CT","at middle of beach",2014,7,29,NA,NA,NA,NA,NA,NA,NA,NA,NA,FALSE,FALSE,"Phycocyanin",12.5,NA,1,"Beagle",NA,NA,NA,NA,NA,NA,FALSE,FALSE,"Value Changed from: 2.50//5.50"
161,"Tracy Lizotte","CTDEEP","18715","Mount Tom Pond","CT","at middle of beach",2014,8,5,NA,NA,NA,NA,NA,NA,NA,NA,NA,TRUE,FALSE,"Chlorophyll",879.49,NA,1,"Beagle",NA,NA,NA,NA,NA,NA,FALSE,FALSE,"Value Changed from: 310.87//363.l59"
162,"Tracy Lizotte","CTDEEP","18715","Mount Tom Pond","CT","at middle of beach",2014,8,5,NA,NA,NA,NA,NA,NA,NA,NA,NA,FALSE,FALSE,"Chlorophyll",694.97,NA,1,"Beagle",NA,NA,NA,NA,NA,NA,FALSE,FALSE,"Value Changed from: 24.91//7.50"
163,"Tracy Lizotte","CTDEEP","18715","Mount Tom Pond","CT","at middle of beach",2014,8,5,NA,NA,NA,NA,NA,NA,NA,NA,NA,TRUE,FALSE,"Phycocyanin",18.22,NA,1,"Beagle",NA,NA,NA,NA,NA,NA,FALSE,FALSE,"Value Changed from: 2.50//5.50"
164,"Tracy Lizotte","CTDEEP","18715","Mount Tom Pond","CT","at middle of beach",2014,8,5,NA,NA,NA,NA,NA,NA,NA,NA,NA,FALSE,FALSE,"Phycocyanin",7,NA,1,"Beagle",NA,NA,NA,NA,NA,NA,FALSE,FALSE,"Value Changed from: 337.23//254.39  "
165,"Tracy Lizotte","CTDEEP","18715","Mount Tom Pond","CT","at middle of beach",2014,8,12,NA,NA,NA,NA,NA,NA,NA,NA,NA,TRUE,FALSE,"Chlorophyll",1177.58,NA,1,"Beagle",NA,NA,NA,NA,NA,NA,FALSE,FALSE,"Value Changed from: 24.91//7.50"
166,"Tracy Lizotte","CTDEEP","18715","Mount Tom Pond","CT","at middle of beach",2014,8,12,NA,NA,NA,NA,NA,NA,NA,NA,NA,FALSE,FALSE,"Chlorophyll",604.6,NA,1,"Beagle",NA,NA,NA,NA,NA,NA,FALSE,FALSE,"Value Changed from: 2.50//5.50"
167,"Tracy Lizotte","CTDEEP","18715","Mount Tom Pond","CT","at middle of beach",2014,8,12,NA,NA,NA,NA,NA,NA,NA,NA,NA,TRUE,FALSE,"Phycocyanin",10.51,NA,1,"Beagle",NA,NA,NA,NA,NA,NA,FALSE,FALSE,"Value Changed from: 337.23//254.39  "
168,"Tracy Lizotte","CTDEEP","18715","Mount Tom Pond","CT","at middle of beach",2014,8,12,NA,NA,NA,NA,NA,NA,NA,NA,NA,FALSE,FALSE,"Phycocyanin",3.5,NA,1,"Beagle",NA,NA,NA,NA,NA,NA,FALSE,FALSE,"Value Changed from: 310.87//363.l59"
169,"Tracy Lizotte","CTDEEP","18715","Mount Tom Pond","CT","at middle of beach",2014,8,19,NA,NA,NA,NA,NA,NA,NA,NA,NA,TRUE,FALSE,"Chlorophyll",118.82,NA,1,"Beagle",NA,NA,NA,NA,NA,NA,FALSE,FALSE,"Value Changed from: 2.50//5.50"
170,"Tracy Lizotte","CTDEEP","18715","Mount Tom Pond","CT","at middle of beach",2014,8,19,NA,NA,NA,NA,NA,NA,NA,NA,NA,FALSE,FALSE,"Chlorophyll",359.83,NA,1,"Beagle",NA,NA,NA,NA,NA,NA,FALSE,FALSE,"Value Changed from: 337.23//254.39  "
171,"Tracy Lizotte","CTDEEP","18715","Mount Tom Pond","CT","at middle of beach",2014,8,19,NA,NA,NA,NA,NA,NA,NA,NA,NA,TRUE,FALSE,"Phycocyanin",6.5,NA,1,"Beagle",NA,NA,NA,NA,NA,NA,FALSE,FALSE,"Value Changed from: 310.87//363.l59"
172,"Tracy Lizotte","CTDEEP","18715","Mount Tom Pond","CT","at middle of beach",2014,8,19,NA,NA,NA,NA,NA,NA,NA,NA,NA,FALSE,FALSE,"Phycocyanin",3,NA,1,"Beagle",NA,NA,NA,NA,NA,NA,FALSE,FALSE,"Value Changed from: 24.91//7.50"
173,"Tracy Lizotte","CTDEEP","18715","Mount Tom Pond","CT","at middle of beach",2014,8,26,NA,NA,NA,NA,NA,NA,NA,NA,NA,TRUE,FALSE,"Chlorophyll",118.82,NA,1,"Beagle",NA,NA,NA,NA,NA,NA,FALSE,FALSE,"Value Changed from: 337.23//254.39  "
174,"Tracy Lizotte","CTDEEP","18715","Mount Tom Pond","CT","at middle of beach",2014,8,26,NA,NA,NA,NA,NA,NA,NA,NA,NA,FALSE,FALSE,"Chlorophyll",295.81,NA,1,"Beagle",NA,NA,NA,NA,NA,NA,FALSE,FALSE,"Value Changed from: 310.87//363.l59"
175,"Tracy Lizotte","CTDEEP","18715","Mount Tom Pond","CT","at middle of beach",2014,8,26,NA,NA,NA,NA,NA,NA,NA,NA,NA,TRUE,FALSE,"Phycocyanin",1,NA,1,"Beagle",NA,NA,NA,NA,NA,NA,FALSE,FALSE,"Value Changed from: 24.91//7.50"
176,"Tracy Lizotte","CTDEEP","18715","Mount Tom Pond","CT","at middle of beach",2014,8,26,NA,NA,NA,NA,NA,NA,NA,NA,NA,FALSE,FALSE,"Phycocyanin",9,NA,1,"Beagle",NA,NA,NA,NA,NA,NA,FALSE,FALSE,"Value Changed from: 2.50//5.50"
177,"Tracy Lizotte","CTDEEP","18714","Pattaconk Reservoir","CT","at middle of beach",2014,6,30,NA,NA,NA,NA,NA,NA,NA,NA,NA,TRUE,FALSE,"Chlorophyll",167.78,NA,1,"Beagle",NA,NA,NA,NA,NA,NA,FALSE,FALSE,"Value Changed from: 310.87//363.l59"
178,"Tracy Lizotte","CTDEEP","18714","Pattaconk Reservoir","CT","at middle of beach",2014,6,30,NA,NA,NA,NA,NA,NA,NA,NA,NA,TRUE,FALSE,"Phycocyanin",1,NA,1,"Beagle",NA,NA,NA,NA,NA,NA,FALSE,FALSE,"Value Changed from: 2.50//5.50"
179,"Tracy Lizotte","CTDEEP","18714","Pattaconk Reservoir","CT","at middle of beach",2014,7,7,NA,NA,NA,NA,NA,NA,NA,NA,NA,TRUE,FALSE,"Chlorophyll",194.14,NA,1,"Beagle",NA,NA,NA,NA,NA,NA,FALSE,FALSE,"Value Changed from: 24.91//7.50"
180,"Tracy Lizotte","CTDEEP","18714","Pattaconk Reservoir","CT","at middle of beach",2014,7,7,NA,NA,NA,NA,NA,NA,NA,NA,NA,FALSE,FALSE,"Chlorophyll",212.97,NA,1,"Beagle",NA,NA,NA,NA,NA,NA,FALSE,FALSE,"Value Changed from: 2.50//5.50"
181,"Tracy Lizotte","CTDEEP","18714","Pattaconk Reservoir","CT","at middle of beach",2014,7,7,NA,NA,NA,NA,NA,NA,NA,NA,NA,TRUE,FALSE,"Phycocyanin",3,NA,1,"Beagle",NA,NA,NA,NA,NA,NA,FALSE,FALSE,"Value Changed from: 337.23//254.39  "
182,"Tracy Lizotte","CTDEEP","18714","Pattaconk Reservoir","CT","at middle of beach",2014,7,7,NA,NA,NA,NA,NA,NA,NA,NA,NA,FALSE,FALSE,"Phycocyanin",0.1,NA,1,"Beagle",NA,NA,NA,NA,NA,NA,FALSE,FALSE,"Value Changed from: 310.87//363.l59"
183,"Tracy Lizotte","CTDEEP","18714","Pattaconk Reservoir","CT","at middle of beach",2014,7,14,NA,NA,NA,NA,NA,NA,NA,NA,NA,TRUE,FALSE,"Chlorophyll",152.71,NA,1,"Beagle",NA,NA,NA,NA,NA,NA,FALSE,FALSE,"Value Changed from: 2.50//5.50"
184,"Tracy Lizotte","CTDEEP","18714","Pattaconk Reservoir","CT","at middle of beach",2014,7,14,NA,NA,NA,NA,NA,NA,NA,NA,NA,FALSE,FALSE,"Chlorophyll",254.39,NA,1,"Beagle",NA,NA,NA,NA,NA,NA,FALSE,FALSE,"Value Changed from: 337.23//254.39  "
185,"Tracy Lizotte","CTDEEP","18714","Pattaconk Reservoir","CT","at middle of beach",2014,7,14,NA,NA,NA,NA,NA,NA,NA,NA,NA,TRUE,FALSE,"Phycocyanin",0.1,NA,1,"Beagle",NA,NA,NA,NA,NA,NA,FALSE,FALSE,"Value Changed from: 310.87//363.l59"
186,"Tracy Lizotte","CTDEEP","18714","Pattaconk Reservoir","CT","at middle of beach",2014,7,14,NA,NA,NA,NA,NA,NA,NA,NA,NA,FALSE,FALSE,"Phycocyanin",0.55,NA,1,"Beagle",NA,NA,NA,NA,NA,NA,FALSE,FALSE,"Value Changed from: 24.91//7.50"
187,"Tracy Lizotte","CTDEEP","18714","Pattaconk Reservoir","CT","at middle of beach",2014,7,21,NA,NA,NA,NA,NA,NA,NA,NA,NA,TRUE,FALSE,"Chlorophyll",228.03,NA,1,"Beagle",NA,NA,NA,NA,NA,NA,FALSE,FALSE,"Value Changed from: 337.23//254.39  "
188,"Tracy Lizotte","CTDEEP","18714","Pattaconk Reservoir","CT","at middle of beach",2014,7,21,NA,NA,NA,NA,NA,NA,NA,NA,NA,FALSE,FALSE,"Chlorophyll",216.73,NA,1,"Beagle",NA,NA,NA,NA,NA,NA,FALSE,FALSE,"Value Changed from: 310.87//363.l59"
189,"Tracy Lizotte","CTDEEP","18714","Pattaconk Reservoir","CT","at middle of beach",2014,7,21,NA,NA,NA,NA,NA,NA,NA,NA,NA,TRUE,FALSE,"Phycocyanin",0.1,NA,1,"Beagle",NA,NA,NA,NA,NA,NA,FALSE,FALSE,"Value Changed from: 24.91//7.50"
190,"Tracy Lizotte","CTDEEP","18714","Pattaconk Reservoir","CT","at middle of beach",2014,7,21,NA,NA,NA,NA,NA,NA,NA,NA,NA,FALSE,FALSE,"Phycocyanin",0.1,NA,1,"Beagle",NA,NA,NA,NA,NA,NA,FALSE,FALSE,"Value Changed from: 2.50//5.50"
191,"Tracy Lizotte","CTDEEP","18714","Pattaconk Reservoir","CT","at middle of beach",2014,7,28,NA,NA,NA,NA,NA,NA,NA,NA,NA,TRUE,FALSE,"Chlorophyll",152.71,NA,1,"Beagle",NA,NA,NA,NA,NA,NA,FALSE,FALSE,"Value Changed from: 310.87//363.l59"
192,"Tracy Lizotte","CTDEEP","18714","Pattaconk Reservoir","CT","at middle of beach",2014,7,28,NA,NA,NA,NA,NA,NA,NA,NA,NA,FALSE,FALSE,"Chlorophyll",356.06,NA,1,"Beagle",NA,NA,NA,NA,NA,NA,FALSE,FALSE,"Value Changed from: 24.91//7.50"
193,"Tracy Lizotte","CTDEEP","18714","Pattaconk Reservoir","CT","at middle of beach",2014,7,28,NA,NA,NA,NA,NA,NA,NA,NA,NA,TRUE,FALSE,"Phycocyanin",0.1,NA,1,"Beagle",NA,NA,NA,NA,NA,NA,FALSE,FALSE,"Value Changed from: 2.50//5.50"
194,"Tracy Lizotte","CTDEEP","18714","Pattaconk Reservoir","CT","at middle of beach",2014,7,28,NA,NA,NA,NA,NA,NA,NA,NA,NA,FALSE,FALSE,"Phycocyanin",0.1,NA,1,"Beagle",NA,NA,NA,NA,NA,NA,FALSE,FALSE,"Value Changed from: 337.23//254.39  "
195,"Tracy Lizotte","CTDEEP","18714","Pattaconk Reservoir","CT","at middle of beach",2014,8,4,NA,NA,NA,NA,NA,NA,NA,NA,NA,TRUE,FALSE,"Chlorophyll",148.95,NA,1,"Beagle",NA,NA,NA,NA,NA,NA,FALSE,FALSE,"Value Changed from: 24.91//7.50"
196,"Tracy Lizotte","CTDEEP","18714","Pattaconk Reservoir","CT","at middle of beach",2014,8,4,NA,NA,NA,NA,NA,NA,NA,NA,NA,FALSE,FALSE,"Chlorophyll",295.81,NA,1,"Beagle",NA,NA,NA,NA,NA,NA,FALSE,FALSE,"Value Changed from: 2.50//5.50"
197,"Tracy Lizotte","CTDEEP","18714","Pattaconk Reservoir","CT","at middle of beach",2014,8,4,NA,NA,NA,NA,NA,NA,NA,NA,NA,TRUE,FALSE,"Phycocyanin",0.1,NA,1,"Beagle",NA,NA,NA,NA,NA,NA,FALSE,FALSE,"Value Changed from: 337.23//254.39  "
198,"Tracy Lizotte","CTDEEP","18714","Pattaconk Reservoir","CT","at middle of beach",2014,8,4,NA,NA,NA,NA,NA,NA,NA,NA,NA,FALSE,FALSE,"Phycocyanin",0.1,NA,1,"Beagle",NA,NA,NA,NA,NA,NA,FALSE,FALSE,"Value Changed from: 310.87//363.l59"
199,"Tracy Lizotte","CTDEEP","18714","Pattaconk Reservoir","CT","at middle of beach",2014,8,11,NA,NA,NA,NA,NA,NA,NA,NA,NA,FALSE,FALSE,"Chlorophyll",276.98,NA,1,"Beagle",NA,NA,NA,NA,NA,NA,FALSE,FALSE,"Value Changed from: 337.23//254.39  "
200,"Tracy Lizotte","CTDEEP","18714","Pattaconk Reservoir","CT","at middle of beach",2014,8,11,NA,NA,NA,NA,NA,NA,NA,NA,NA,FALSE,FALSE,"Phycocyanin",0.1,NA,1,"Beagle",NA,NA,NA,NA,NA,NA,FALSE,FALSE,"Value Changed from: 24.91//7.50"
201,"Tracy Lizotte","CTDEEP","18714","Pattaconk Reservoir","CT","at middle of beach",2014,8,18,NA,NA,NA,NA,NA,NA,NA,NA,NA,TRUE,FALSE,"Chlorophyll",156.48,NA,1,"Beagle",NA,NA,NA,NA,NA,NA,FALSE,FALSE,"Value Changed from: 337.23//254.39  "
202,"Tracy Lizotte","CTDEEP","18714","Pattaconk Reservoir","CT","at middle of beach",2014,8,18,NA,NA,NA,NA,NA,NA,NA,NA,NA,FALSE,FALSE,"Chlorophyll",322.17,NA,1,"Beagle",NA,NA,NA,NA,NA,NA,FALSE,FALSE,"Value Changed from: 310.87//363.l59"
203,"Tracy Lizotte","CTDEEP","18714","Pattaconk Reservoir","CT","at middle of beach",2014,8,18,NA,NA,NA,NA,NA,NA,NA,NA,NA,TRUE,FALSE,"Phycocyanin",4,NA,1,"Beagle",NA,NA,NA,NA,NA,NA,FALSE,FALSE,"Value Changed from: 24.91//7.50"
204,"Tracy Lizotte","CTDEEP","18714","Pattaconk Reservoir","CT","at middle of beach",2014,8,18,NA,NA,NA,NA,NA,NA,NA,NA,NA,FALSE,FALSE,"Phycocyanin",6.5,NA,1,"Beagle",NA,NA,NA,NA,NA,NA,FALSE,FALSE,"Value Changed from: 2.50//5.50"
205,"Tracy Lizotte","CTDEEP","18714","Pattaconk Reservoir","CT","at middle of beach",2014,8,25,NA,NA,NA,NA,NA,NA,NA,NA,NA,TRUE,FALSE,"Chlorophyll",152.71,NA,1,"Beagle",NA,NA,NA,NA,NA,NA,FALSE,FALSE,"Value Changed from: 310.87//363.l59"
206,"Tracy Lizotte","CTDEEP","18714","Pattaconk Reservoir","CT","at middle of beach",2014,8,25,NA,NA,NA,NA,NA,NA,NA,NA,NA,FALSE,FALSE,"Chlorophyll",220.5,NA,1,"Beagle",NA,NA,NA,NA,NA,NA,FALSE,FALSE,"Value Changed from: 24.91//7.50"
207,"Tracy Lizotte","CTDEEP","18714","Pattaconk Reservoir","CT","at middle of beach",2014,8,25,NA,NA,NA,NA,NA,NA,NA,NA,NA,TRUE,FALSE,"Phycocyanin",0.1,NA,1,"Beagle",NA,NA,NA,NA,NA,NA,FALSE,FALSE,"Value Changed from: 2.50//5.50"
208,"Tracy Lizotte","CTDEEP","18714","Pattaconk Reservoir","CT","at middle of beach",2014,8,25,NA,NA,NA,NA,NA,NA,NA,NA,NA,FALSE,FALSE,"Phycocyanin",1,NA,1,"Beagle",NA,NA,NA,NA,NA,NA,FALSE,FALSE,"Value Changed from: 337.23//254.39  "
209,"Tracy Lizotte","CTDEEP","14514","Porter Pond","CT","Near outlet dam",2014,7,28,NA,NA,NA,NA,NA,NA,NA,NA,NA,TRUE,FALSE,"Chlorophyll",442.67,NA,1,"Beagle",NA,NA,NA,NA,NA,NA,FALSE,FALSE,"Value Changed from: 24.91//7.50"
210,"Tracy Lizotte","CTDEEP","14514","Porter Pond","CT","Near outlet dam",2014,7,28,NA,NA,NA,NA,NA,NA,NA,NA,NA,FALSE,FALSE,"Chlorophyll",551.88,NA,1,"Beagle",NA,NA,NA,NA,NA,NA,FALSE,FALSE,"Value Changed from: 2.50//5.50"
211,"Tracy Lizotte","CTDEEP","14514","Porter Pond","CT","Near outlet dam",2014,7,28,NA,NA,NA,NA,NA,NA,NA,NA,NA,TRUE,FALSE,"Phycocyanin",28,NA,1,"Beagle",NA,NA,NA,NA,NA,NA,FALSE,FALSE,"Value Changed from: 337.23//254.39  "
212,"Tracy Lizotte","CTDEEP","14514","Porter Pond","CT","Near outlet dam",2014,7,28,NA,NA,NA,NA,NA,NA,NA,NA,NA,FALSE,FALSE,"Phycocyanin",13.6,NA,1,"Beagle",NA,NA,NA,NA,NA,NA,FALSE,FALSE,"Value Changed from: 310.87//363.l59"
213,"Tracy Lizotte","CTDEEP","18717","Squantz Pond","CT","at middle of beach",2014,7,1,NA,NA,NA,NA,NA,NA,NA,NA,NA,TRUE,FALSE,"Chlorophyll",145.18,NA,1,"Beagle",NA,NA,NA,NA,NA,NA,FALSE,FALSE,"Value Changed from: 2.50//5.50"
214,"Tracy Lizotte","CTDEEP","18717","Squantz Pond","CT","at middle of beach",2014,7,1,NA,NA,NA,NA,NA,NA,NA,NA,NA,FALSE,FALSE,"Chlorophyll",352.3,NA,1,"Beagle",NA,NA,NA,NA,NA,NA,FALSE,FALSE,"Value Changed from: 337.23//254.39  "
215,"Tracy Lizotte","CTDEEP","18717","Squantz Pond","CT","at middle of beach",2014,7,1,NA,NA,NA,NA,NA,NA,NA,NA,NA,TRUE,FALSE,"Phycocyanin",4,NA,1,"Beagle",NA,NA,NA,NA,NA,NA,FALSE,FALSE,"Value Changed from: 310.87//363.l59"
216,"Tracy Lizotte","CTDEEP","18717","Squantz Pond","CT","at middle of beach",2014,7,1,NA,NA,NA,NA,NA,NA,NA,NA,NA,FALSE,FALSE,"Phycocyanin",0.1,NA,1,"Beagle",NA,NA,NA,NA,NA,NA,FALSE,FALSE,"Value Changed from: 24.91//7.50"
217,"Tracy Lizotte","CTDEEP","18717","Squantz Pond","CT","at middle of beach",2014,7,8,NA,NA,NA,NA,NA,NA,NA,NA,NA,TRUE,FALSE,"Chlorophyll",107.53,NA,1,"Beagle",NA,NA,NA,NA,NA,NA,FALSE,FALSE,"Value Changed from: 337.23//254.39  "
218,"Tracy Lizotte","CTDEEP","18717","Squantz Pond","CT","at middle of beach",2014,7,8,NA,NA,NA,NA,NA,NA,NA,NA,NA,FALSE,FALSE,"Chlorophyll",374.89,NA,1,"Beagle",NA,NA,NA,NA,NA,NA,FALSE,FALSE,"Value Changed from: 310.87//363.l59"
219,"Tracy Lizotte","CTDEEP","18717","Squantz Pond","CT","at middle of beach",2014,7,8,NA,NA,NA,NA,NA,NA,NA,NA,NA,TRUE,FALSE,"Phycocyanin",6,NA,1,"Beagle",NA,NA,NA,NA,NA,NA,FALSE,FALSE,"Value Changed from: 24.91//7.50"
220,"Tracy Lizotte","CTDEEP","18717","Squantz Pond","CT","at middle of beach",2014,7,8,NA,NA,NA,NA,NA,NA,NA,NA,NA,FALSE,FALSE,"Phycocyanin",0.1,NA,1,"Beagle",NA,NA,NA,NA,NA,NA,FALSE,FALSE,"Value Changed from: 2.50//5.50"
221,"Tracy Lizotte","CTDEEP","18717","Squantz Pond","CT","at middle of beach",2014,7,15,NA,NA,NA,NA,NA,NA,NA,NA,NA,TRUE,FALSE,"Chlorophyll",352.3,NA,1,"Beagle",NA,NA,NA,NA,NA,NA,FALSE,FALSE,"Value Changed from: 310.87//363.l59"
222,"Tracy Lizotte","CTDEEP","18717","Squantz Pond","CT","at middle of beach",2014,7,15,NA,NA,NA,NA,NA,NA,NA,NA,NA,FALSE,FALSE,"Chlorophyll",359.83,NA,1,"Beagle",NA,NA,NA,NA,NA,NA,FALSE,FALSE,"Value Changed from: 24.91//7.50"
223,"Tracy Lizotte","CTDEEP","18717","Squantz Pond","CT","at middle of beach",2014,7,15,NA,NA,NA,NA,NA,NA,NA,NA,NA,TRUE,FALSE,"Phycocyanin",21.31,NA,1,"Beagle",NA,NA,NA,NA,NA,NA,FALSE,FALSE,"Value Changed from: 2.50//5.50"
224,"Tracy Lizotte","CTDEEP","18717","Squantz Pond","CT","at middle of beach",2014,7,15,NA,NA,NA,NA,NA,NA,NA,NA,NA,FALSE,FALSE,"Phycocyanin",26.97,NA,1,"Beagle",NA,NA,NA,NA,NA,NA,FALSE,FALSE,"Value Changed from: 337.23//254.39  "
225,"Tracy Lizotte","CTDEEP","18717","Squantz Pond","CT","at middle of beach",2014,7,22,NA,NA,NA,NA,NA,NA,NA,NA,NA,TRUE,FALSE,"Chlorophyll",68.69,NA,1,"Beagle",NA,NA,NA,NA,NA,NA,FALSE,FALSE,"Value Changed from: 24.91//7.50"
226,"Tracy Lizotte","CTDEEP","18717","Squantz Pond","CT","at middle of beach",2014,7,22,NA,NA,NA,NA,NA,NA,NA,NA,NA,FALSE,FALSE,"Chlorophyll",250.62,NA,1,"Beagle",NA,NA,NA,NA,NA,NA,FALSE,FALSE,"Value Changed from: 2.50//5.50"
227,"Tracy Lizotte","CTDEEP","18717","Squantz Pond","CT","at middle of beach",2014,7,22,NA,NA,NA,NA,NA,NA,NA,NA,NA,TRUE,FALSE,"Phycocyanin",0.55,NA,1,"Beagle",NA,NA,NA,NA,NA,NA,FALSE,FALSE,"Value Changed from: 337.23//254.39  "
228,"Tracy Lizotte","CTDEEP","18717","Squantz Pond","CT","at middle of beach",2014,7,22,NA,NA,NA,NA,NA,NA,NA,NA,NA,FALSE,FALSE,"Phycocyanin",1,NA,1,"Beagle",NA,NA,NA,NA,NA,NA,FALSE,FALSE,"Value Changed from: 310.87//363.l59"
229,"Tracy Lizotte","CTDEEP","18717","Squantz Pond","CT","at middle of beach",2014,7,29,NA,NA,NA,NA,NA,NA,NA,NA,NA,TRUE,FALSE,"Chlorophyll",76.52,NA,1,"Beagle",NA,NA,NA,NA,NA,NA,FALSE,FALSE,"Value Changed from: 2.50//5.50"
230,"Tracy Lizotte","CTDEEP","18717","Squantz Pond","CT","at middle of beach",2014,7,29,NA,NA,NA,NA,NA,NA,NA,NA,NA,FALSE,FALSE,"Chlorophyll",435.14,NA,1,"Beagle",NA,NA,NA,NA,NA,NA,FALSE,FALSE,"Value Changed from: 337.23//254.39  "
231,"Tracy Lizotte","CTDEEP","18717","Squantz Pond","CT","at middle of beach",2014,7,29,NA,NA,NA,NA,NA,NA,NA,NA,NA,TRUE,FALSE,"Phycocyanin",0.1,NA,1,"Beagle",NA,NA,NA,NA,NA,NA,FALSE,FALSE,"Value Changed from: 310.87//363.l59"
232,"Tracy Lizotte","CTDEEP","18717","Squantz Pond","CT","at middle of beach",2014,7,29,NA,NA,NA,NA,NA,NA,NA,NA,NA,FALSE,FALSE,"Phycocyanin",10,NA,1,"Beagle",NA,NA,NA,NA,NA,NA,FALSE,FALSE,"Value Changed from: 24.91//7.50"
233,"Tracy Lizotte","CTDEEP","18717","Squantz Pond","CT","at middle of beach",2014,8,5,NA,NA,NA,NA,NA,NA,NA,NA,NA,TRUE,FALSE,"Chlorophyll",72.6,NA,1,"Beagle",NA,NA,NA,NA,NA,NA,FALSE,FALSE,"Value Changed from: 337.23//254.39  "
234,"Tracy Lizotte","CTDEEP","18717","Squantz Pond","CT","at middle of beach",2014,8,5,NA,NA,NA,NA,NA,NA,NA,NA,NA,FALSE,FALSE,"Chlorophyll",295.81,NA,1,"Beagle",NA,NA,NA,NA,NA,NA,FALSE,FALSE,"Value Changed from: 310.87//363.l59"
235,"Tracy Lizotte","CTDEEP","18717","Squantz Pond","CT","at middle of beach",2014,8,5,NA,NA,NA,NA,NA,NA,NA,NA,NA,TRUE,FALSE,"Phycocyanin",0.1,NA,1,"Beagle",NA,NA,NA,NA,NA,NA,FALSE,FALSE,"Value Changed from: 24.91//7.50"
236,"Tracy Lizotte","CTDEEP","18717","Squantz Pond","CT","at middle of beach",2014,8,5,NA,NA,NA,NA,NA,NA,NA,NA,NA,FALSE,FALSE,"Phycocyanin",12.05,NA,1,"Beagle",NA,NA,NA,NA,NA,NA,FALSE,FALSE,"Value Changed from: 2.50//5.50"
237,"Tracy Lizotte","CTDEEP","18717","Squantz Pond","CT","at middle of beach",2014,8,12,NA,NA,NA,NA,NA,NA,NA,NA,NA,TRUE,FALSE,"Chlorophyll",171.54,NA,1,"Beagle",NA,NA,NA,NA,NA,NA,FALSE,FALSE,"Value Changed from: 310.87//363.l59"
238,"Tracy Lizotte","CTDEEP","18717","Squantz Pond","CT","at middle of beach",2014,8,12,NA,NA,NA,NA,NA,NA,NA,NA,NA,FALSE,FALSE,"Chlorophyll",216.73,NA,1,"Beagle",NA,NA,NA,NA,NA,NA,FALSE,FALSE,"Value Changed from: 24.91//7.50"
239,"Tracy Lizotte","CTDEEP","18717","Squantz Pond","CT","at middle of beach",2014,8,12,NA,NA,NA,NA,NA,NA,NA,NA,NA,TRUE,FALSE,"Phycocyanin",4,NA,1,"Beagle",NA,NA,NA,NA,NA,NA,FALSE,FALSE,"Value Changed from: 2.50//5.50"
240,"Tracy Lizotte","CTDEEP","18717","Squantz Pond","CT","at middle of beach",2014,8,12,NA,NA,NA,NA,NA,NA,NA,NA,NA,FALSE,FALSE,"Phycocyanin",4.5,NA,1,"Beagle",NA,NA,NA,NA,NA,NA,FALSE,FALSE,"Value Changed from: 337.23//254.39  "
241,"Tracy Lizotte","CTDEEP","18717","Squantz Pond","CT","at middle of beach",2014,8,19,NA,NA,NA,NA,NA,NA,NA,NA,NA,TRUE,FALSE,"Chlorophyll",72.6,NA,1,"Beagle",NA,NA,NA,NA,NA,NA,FALSE,FALSE,"Value Changed from: 24.91//7.50"
242,"Tracy Lizotte","CTDEEP","18717","Squantz Pond","CT","at middle of beach",2014,8,19,NA,NA,NA,NA,NA,NA,NA,NA,NA,FALSE,FALSE,"Chlorophyll",190.37,NA,1,"Beagle",NA,NA,NA,NA,NA,NA,FALSE,FALSE,"Value Changed from: 2.50//5.50"
243,"Tracy Lizotte","CTDEEP","18717","Squantz Pond","CT","at middle of beach",2014,8,19,NA,NA,NA,NA,NA,NA,NA,NA,NA,TRUE,FALSE,"Phycocyanin",3.5,NA,1,"Beagle",NA,NA,NA,NA,NA,NA,FALSE,FALSE,"Value Changed from: 337.23//254.39  "
244,"Tracy Lizotte","CTDEEP","18717","Squantz Pond","CT","at middle of beach",2014,8,19,NA,NA,NA,NA,NA,NA,NA,NA,NA,FALSE,FALSE,"Phycocyanin",7,NA,1,"Beagle",NA,NA,NA,NA,NA,NA,FALSE,FALSE,"Value Changed from: 310.87//363.l59"
245,"Tracy Lizotte","CTDEEP","18717","Squantz Pond","CT","at middle of beach",2014,8,26,NA,NA,NA,NA,NA,NA,NA,NA,NA,TRUE,FALSE,"Chlorophyll",212.97,NA,1,"Beagle",NA,NA,NA,NA,NA,NA,FALSE,FALSE,"Value Changed from: 2.50//5.50"
246,"Tracy Lizotte","CTDEEP","18717","Squantz Pond","CT","at middle of beach",2014,8,26,NA,NA,NA,NA,NA,NA,NA,NA,NA,FALSE,FALSE,"Chlorophyll",167.78,NA,1,"Beagle",NA,NA,NA,NA,NA,NA,FALSE,FALSE,"Value Changed from: 337.23//254.39  "
247,"Tracy Lizotte","CTDEEP","18717","Squantz Pond","CT","at middle of beach",2014,8,26,NA,NA,NA,NA,NA,NA,NA,NA,NA,TRUE,FALSE,"Phycocyanin",0.1,NA,1,"Beagle",NA,NA,NA,NA,NA,NA,FALSE,FALSE,"Value Changed from: 310.87//363.l59"
248,"Tracy Lizotte","CTDEEP","18717","Squantz Pond","CT","at middle of beach",2014,8,26,NA,NA,NA,NA,NA,NA,NA,NA,NA,FALSE,FALSE,"Phycocyanin",2.5,NA,1,"Beagle",NA,NA,NA,NA,NA,NA,FALSE,FALSE,"Value Changed from: 24.91//7.50"
249,"Tracy Lizotte","CTDEEP","18742","Tyler Lake","CT",NA,2014,8,12,NA,NA,NA,NA,NA,NA,NA,NA,NA,TRUE,FALSE,"Chlorophyll",499.16,NA,1,"Beagle",NA,NA,NA,NA,NA,NA,FALSE,FALSE,"Value Changed from: 337.23//254.39  "
250,"Tracy Lizotte","CTDEEP","18742","Tyler Lake","CT",NA,2014,8,12,NA,NA,NA,NA,NA,NA,NA,NA,NA,FALSE,FALSE,"Chlorophyll",356.06,NA,1,"Beagle",NA,NA,NA,NA,NA,NA,FALSE,FALSE,"Value Changed from: 310.87//363.l59"
251,"Tracy Lizotte","CTDEEP","18742","Tyler Lake","CT",NA,2014,8,12,NA,NA,NA,NA,NA,NA,NA,NA,NA,TRUE,FALSE,"Phycocyanin",11.02,NA,1,"Beagle",NA,NA,NA,NA,NA,NA,FALSE,FALSE,"Value Changed from: 24.91//7.50"
252,"Tracy Lizotte","CTDEEP","18742","Tyler Lake","CT",NA,2014,8,12,NA,NA,NA,NA,NA,NA,NA,NA,NA,FALSE,FALSE,"Phycocyanin",5,NA,1,"Beagle",NA,NA,NA,NA,NA,NA,FALSE,FALSE,"Value Changed from: 2.50//5.50"
253,"Tracy Lizotte","CTDEEP","18713","Housatonic River (Kettletown)","CT","at middle of beach",2014,7,7,NA,NA,NA,NA,NA,NA,NA,NA,NA,TRUE,FALSE,"Chlorophyll",254.39,NA,2,"Beagle",NA,NA,NA,NA,NA,NA,FALSE,TRUE,"Value Changed from: 337.23//254.39  "
254,"Tracy Lizotte","CTDEEP","18713","Housatonic River (Kettletown)","CT","at middle of beach",2014,7,7,NA,NA,NA,NA,NA,NA,NA,NA,NA,FALSE,FALSE,"Chlorophyll",363.159,NA,2,"Beagle",NA,NA,NA,NA,NA,NA,FALSE,TRUE,"Value Changed from: 310.87//363.l59"
255,"Tracy Lizotte","CTDEEP","18713","Housatonic River (Kettletown)","CT","at middle of beach",2014,7,7,NA,NA,NA,NA,NA,NA,NA,NA,NA,TRUE,FALSE,"Phycocyanin",7.5,NA,2,"Beagle",NA,NA,NA,NA,NA,NA,FALSE,TRUE,"Value Changed from: 24.91//7.50"
256,"Tracy Lizotte","CTDEEP","18713","Housatonic River (Kettletown)","CT","at middle of beach",2014,7,7,NA,NA,NA,NA,NA,NA,NA,NA,NA,FALSE,FALSE,"Phycocyanin",5.5,NA,2,"Beagle",NA,NA,NA,NA,NA,NA,FALSE,TRUE,"Value Changed from: 2.50//5.50"
