Order,DES Station ID,DES Alias ID,Station Name,Town,Station Type,Latitude DecDeg,Longitude DecDeg,Description,Waterbody#,Sample Date,EPA Designation,Depth,Date Filtered sample brought EPA,Date Unfiltered sample brought EPA,Filtered-DES,Unfiltered-DES?
1,SUNSUN1D,SUNSUN200D,SUNAPEE LAKE-200 STN 1 DEEP SPOT,NEW LONDON,LAKE/POND,43.406083,-72.042600,200 STN 1 DEEP SPOT,1,7/22/2014,WL#1,3.0,13-Aug,13-Aug,Freezer,Freezer
2,SUNSUN220D,SUNSUN220D,SUNAPEE LAKE-220 DEEP SPOT,NEWBURY,LAKE/POND,43.361911,-72.055997,220.0,1,7/22/2014,WL#3,3.0,13-Aug,13-Aug,Freezer,Freezer
3,SUNSUN2D,SUNSUN210D,SUNAPEE LAKE-210 STN 2 DEEP SPOT,SUNAPEE,LAKE/POND,43.383600,-72.062700,210 STN 2 DEEP SPOT,1,7/22/2014,WL#2,3.0,13-Aug,13-Aug,Freezer,Freezer
4,SUNSUN3D,SUNSUN230D,SUNAPEE LAKE-230 STN 3 DEEP SPOT,NEWBURY,LAKE/POND,43.342778,-72.049400,230 STN 3 DEEP SPOT,1,7/22/2014,WL#4,3.0,13-Aug,13-Aug,Freezer,Freezer
5,SUNSUN1D,SUNSUN200D,SUNAPEE LAKE-200 STN 1 DEEP SPOT,NEW LONDON,LAKE/POND,43.406083,-72.042600,200 STN 1 DEEP SPOT,1,8/19/2014,WL#1,3.0,,?,,?
6,SUNSUN2D,SUNSUN210D,SUNAPEE LAKE-210 STN 2 DEEP SPOT,SUNAPEE,LAKE/POND,43.383600,-72.062700,210 STN 2 DEEP SPOT,1,8/19/2014,WL#2,3.0,,?,,?
7,SUNSUN220D,SUNSUN220D,SUNAPEE LAKE-220 DEEP SPOT,NEWBURY,LAKE/POND,43.361911,-72.055997,220.0,1,8/19/2014,WL#3,3.0,,?,,?
8,SUNSUN3D,SUNSUN230D,SUNAPEE LAKE-230 STN 3 DEEP SPOT,NEWBURY,LAKE/POND,43.342778,-72.049400,230 STN 3 DEEP SPOT,1,8/19/2014,WL#4,3.0,,?,,?
9,HALALTD,,HALFMOON LAKE-DEEP SPOT,ALTON,LAKE/POND,43.391083,-71.227694,DEEP SPOT,2,7/25/2014,WL#1,3.0,13-Aug,13-Aug,Freezer,Freezer
10,HALALTPUB,,HALFMOON LAKE-PUBLIC BEACH,BARNSTEAD,LAKE/POND,43.395250,-71.236681,PUBLIC BEACH,2,7/25/2014,SS#2,1.0,13-Aug,13-Aug,Freezer,Freezer
11,HALALTR,,HALFMOON LAKE-RUSTIC SHORES,ALTON,LAKE/POND,43.393325,-71.216344,RUSTIC SHORES,2,7/25/2014,SS#1,1.0,13-Aug,13-Aug,Freezer,Freezer
12,HALALTHWB,,HALFMOON POND-HOLLYWOOD BEACH,ALTON,LAKE/POND,43.389308,-71.217014,,2,7/25/2014,SS#3,1.0,13-Aug,13-Aug,Freezer,Freezer
13,HALALTD,,HALFMOON LAKE-DEEP SPOT,ALTON,LAKE/POND,43.391083,-71.227694,DEEP SPOT,2,8/22/2014,WL#1,3.0,10-Sep,10-Sep,Freezer,Freezer
14,MESNWLD,,MESSER POND-DEEP SPOT,NEW LONDON,LAKE/POND,43.400800,-72.009500,DEEP SPOT,3,7/26/2014,WL#1,3.0,20-Nov,,Came in Frozen,
15,BCHTWBHUDCR,8833005,ROBINSON POND TB-CENTER,HUDSON,LAKE/POND,42.799945,-71.381614,,4,7/31/2014,GRAB,0.0,13-Aug,13-Aug,Freezer,Freezer
16,OTTHUDBL,,OTTERNICK POND-BOAT LAUNCH,HUDSON,LAKE/POND,42.772744,-71.425831,IN LAKE STATION AT PUBLIC BOAT LAUNCH,5,7/31/2014,GRAB,0.0,13-Aug,13-Aug,Freezer,Freezer
17,LONPELNHD,,LONG POND-NH DEEP SPOT,PELHAM,LAKE/POND,42.698694,-71.367100,NEW HAMPSHIRE-DEEP SPOT,6,7/31/2014,WL#3,3.0,13-Aug,13-Aug,Freezer,Freezer
18,BCHTWBPELRT,,LONG POND-RIGHT,PELHAM,LAKE/POND,42.700861,-71.365111,Beach sample,6,8/8/2014,SS#1,1.0,13-Aug,13-Aug,Freezer,Freezer
19,FREHENCAMP,,FRENCH POND-CAMPGROUND SWIM AREA,HENNIKER,LAKE/POND,43.190000,-71.774900,IN-LAKE E.COLI SAMPLE IN THE MIDDLE OF THE CAMPGROUND SWIM AREA,7,8/1/2014,SS#2,1.0,13-Aug,13-Aug,Freezer,Freezer
20,FREHEND,,FRENCH POND-DEEP SPOT,HENNIKER,LAKE/POND,43.192722,-71.775972,DEEP SPOT,7,8/1/2014,WL#1,3.0,13-Aug,13-Aug,Freezer,Freezer
21,FREHENL,,FRENCH POND-LAUNCH BROOK,HENNIKER,RIVER/STREAM,43.194000,-71.775083,LAUNCH BROOK,7,8/1/2014,SS#1,1.0,13-Aug,13-Aug,Freezer,Freezer
22,,does not exist in EMD,FREHEND2,HENNIKER,LAKE/POND,43.192772,-71.774862,Within Lake Site 2,7,8/1/2014,WL#2,3.0,13-Aug,13-Aug,Freezer,Freezer
23,,does not exist in EMD,FREHEND3,HENNIKER,LAKE/POND,43.191035,-71.77705,Within Lake Site 3,7,8/1/2014,WL#3,3.0,13-Aug,13-Aug,Freezer,Freezer
24,BCHSELSDNRT,8857000,PHILLIPS POND SEELEY PARK-RIGHT,SANDOWN,LAKE/POND,42.923905,-71.187255,Beach sample,8,8/4/2014,GRAB,0.0,13-Aug,13-Aug,11/6/2014,11/6/2014
25,BCHSELSDNRT,8857000,PHILLIPS POND SEELEY PARK-RIGHT,SANDOWN,LAKE/POND,42.923905,-71.187255,Beach sample,8,8/8/2014,SS#1,1.0,13-Aug,13-Aug,11/6/2014,11/6/2014
26,PHISDND,,PHILLIPS POND-DEEP SPOT,SANDOWN,LAKE/POND,42.918884,-71.187874,DEEP SPOT,8,9/14/2014,WL#1,3.0,,,11/6/2014,11/6/2014
27,,does not exist in EMD,Phillips Pond WL#2,SANDOWN,LAKE/POND,42.914415,-71.190441,,8,9/14/2014,WL#2,3.0,,,11/6/2014,11/6/2014
28,,does not exist in EMD,Phillips Pond WL#3,SANDOWN,LAKE/POND,42.922492,-71.188273,,8,9/14/2014,WL#3,3.0,,,11/6/2014,11/6/2014
29,,does not exist in EMD,Phillips Pond SS#1,SANDOWN,LAKE/POND,42.923667,-71.187617,Beach sample,8,9/14/2014,SS#1,1.5,,,11/6/2014,11/6/2014
30,,does not exist in EMD,Phillips Pond SS#2,SANDOWN,LAKE/POND,42.923667,-71.187617,Beach sample,8,9/14/2014,SS#2,1.5,,,11/6/2014,11/6/2014
31,BCHSLSHLSLF,"8831005, 201-PS001",SILVER LAKE SP-LEFT,HOLLIS,LAKE/POND,42.760750,-71.595639,Beach sample,9,8/4/2014,GRAB,0.0,13-Aug,13-Aug,11/6/2014,11/6/2014
32,BCHSLSHLSRT,,SILVER LAKE SP-RIGHT,HOLLIS,LAKE/POND,42.760028,-71.597028,Beach sample,9,8/8/2014,SS#1,1.0,13-Aug,13-Aug,11/6/2014,11/6/2014
33,BCHSLSHLSLF,"8831005, 201-PS001",SILVER LAKE SP-LEFT,HOLLIS,LAKE/POND,42.760750,-71.595639,Beach sample,9,9/3/2014,GRAB,0.0,,,11/6/2014,11/6/2014
34,DANLFRED,,LOWER DANFORTH POND-DEEP SPOT,FREEDOM,LAKE/POND,43.820083,-71.1038,DEEP SPOT,10,8/5/2014,WL#1,3.0,13-Aug,13-Aug,Freezer,Freezer
35,,does not exist in EMD,Lower Danforth WL#2,FREEDOM,LAKE/POND,43.821694,-71.103917,,10,8/5/2014,WL#2,3.0,13-Aug,13-Aug,Freezer,Freezer
36,,does not exist in EMD,Lower Danforth WL#3,FREEDOM,LAKE/POND,43.828889,-71.103694,,10,8/5/2014,WL#3,3.0,13-Aug,13-Aug,Freezer,Freezer
37,DANLFRED,,LOWER DANFORTH POND-DEEP SPOT,FREEDOM,LAKE/POND,43.820083,-71.1038,DEEP SPOT,10,9/30/2014,WL#1,3.0,X,X,Freezer,Freezer
38,BROOSSD,,BROAD BAY-DEEP SPOT,FREEDOM,LAKE/POND,43.804067,-71.101078,DEEP SPOT,11,8/5/2014,WL#4,3.0,13-Aug,13-Aug,Freezer,Freezer
39,LEAOSSD,,LEAVITT BAY-DEEP SPOT,OSSIPEE,LAKE/POND,43.79682,-71.081038,DEEP SPOT,11,8/5/2014,WL#3,3.0,13-Aug,13-Aug,Freezer,Freezer
40,OBB01DL,,OSSIPEE LAKE-BERRY BAY-1 DEEP SPOT,FREEDOM,LAKE/POND,43.804833,-71.075167,DEEP SPOT,11,8/5/2014,WL#2,3.0,13-Aug,13-Aug,Freezer,Freezer
41,OSSOSSD,,OSSIPEE LAKE-DEEP SPOT,FREEDOM,LAKE/POND,43.7795,-71.1386,DEEP SPOT,11,8/5/2014,WL#1,3.0,13-Aug,13-Aug,Freezer,Freezer
42,BROOSSD,,BROAD BAY-DEEP SPOT,FREEDOM,LAKE/POND,43.804067,-71.101078,DEEP SPOT,11,10/1/2014,WL#4,3.0,20-Nov,X,Freezer,Freezer
43,LEAOSSD,,LEAVITT BAY-DEEP SPOT,OSSIPEE,LAKE/POND,43.79682,-71.081038,DEEP SPOT,11,10/1/2014,WL#3,3.0,20-Nov,X,Freezer,Freezer
44,OBB01DL,,OSSIPEE LAKE-BERRY BAY-1 DEEP SPOT,FREEDOM,LAKE/POND,43.804833,-71.075167,DEEP SPOT,11,10/1/2014,WL#2,3.0,20-Nov,X,Freezer,Freezer
45,OSSOSSD,,OSSIPEE LAKE-DEEP SPOT,FREEDOM,LAKE/POND,43.7795,-71.1386,DEEP SPOT,11,10/1/2014,WL#1,3.0,20-Nov,X,Freezer,Freezer
46,BEASWHBI,,BEARCAMP POND-BIG ISLAND SWIM,SANDWICH,LAKE/POND,43.81665,-71.369067,"BIG ROCK FACING SWIM AREA, NOT BEACH.  MANY PEOPLE SWIM HERE.  FACES BEARCAMP SWIM AREA.",12,8/6/2014,WL#2,3.0,13-Aug,13-Aug,11/6/2014,11/6/2014
47,BEASWHD,,BEARCAMP POND-DEEP SPOT,SANDWICH,LAKE/POND,43.814583,-71.3689,DEEP SPOT,12,8/6/2014,WL#1,3.0,13-Aug,13-Aug,11/6/2014,11/6/2014
48,BEASWHSWIM,,BEARCAMP POND-SWIM AREA,SANDWICH,LAKE/POND,43.813617,-71.376558,E.COLI ONLY STATION - STATION LOCATION NEEDS TO BE VERIFIED BY VOLUNTEER MONITORS,12,8/6/2014,SS#1,1.0,13-Aug,13-Aug,11/6/2014,11/6/2014
49,,does not exist in EMD,Bear camp WL#3,SANDWICH,LAKE/POND,43.814835,-71.373625,,12,8/6/2014,WL#3,3.0,13-Aug,13-Aug,11/6/2014,11/6/2014
50,,does not exist in EMD,Bear camp SS#2,SANDWICH,LAKE/POND,43.813147,-71.3712,,12,8/6/2014,SS#2,1.0,13-Aug,13-Aug,11/6/2014,11/6/2014
51,ROCCROD,,ROCKYBOUND POND-DEEP SPOT,CROYDON,LAKE/POND,43.446417,-72.145056,DEEP SPOT,13,8/7/2014,WL#1,3.0,?,?,,?
52,Rockybound SS#1,,,CROYDON,LAKE/POND,,,,13,8/7/2014,SS#1,1.0,?,?,,?
53,Rockybound SS#2,,,CROYDON,LAKE/POND,,,,13,8/7/2014,SS#2,1.0,?,?,,?
54,BEELTUFD,,LOWER BEECH POND-DEEP SPOT,TUFTONBORO,LAKE/POND,43.672189,-71.207289,DEEP SPOT,14,8/11/2014,WL#1,3.0,13-Aug,13-Aug,11/6/2014,11/6/2014
55,,does not exist in EMD,Lower Beech Inlet SS#1,TUFTONBORO,LAKE/POND,43.677122,-71.205826,Beach sample,14,8/11/2014,SS#1,1.0,13-Aug,13-Aug,11/6/2014,11/6/2014
56,,does not exist in EMD,LowerBeech Outlet SS#2,TUFTONBORO,LAKE/POND,43.663277,-71.205311,Beach sample,14,8/11/2014,SS#2,1.0,13-Aug,13-Aug,11/6/2014,11/6/2014
57,Gardner Lake SS#1,,,BATH,LAKE/POND,44.1638,-72.0106,Beach sample,15,8/11/2014,SS#1,1.0,?,,,?
58,Gardner Lake SS#2,,,BATH,LAKE/POND,44.16327,-72.007627,Beach sample,15,8/11/2014,SS#2,1.0,?,,,?
59,GARBATD,,GARDNER LAKE-DEEP SPOT,BATH,LAKE/POND,44.1634,-72.009,DEEP SPOT,15,8/11/2014,WL#1,3.0,?,,,?
60,SUNLNWLD,,LITTLE SUNAPEE LAKE-DEEP SPOT,NEW LONDON,LAKE/POND,43.433083,-72.0118,DEEP SPOT,16,8/12/2014,WL#1,3.0,?,,,?
61,Little Sunapee SS#1,,,NEW LONDON,LAKE/POND,43.435067,-72.019467,Beach sample,16,8/12/2014,SS#1,1.0,?,,,?
62,Little Sunapee WL#2,,,NEW LONDON,LAKE/POND,43.435,-72.014417,,16,8/12/2014,WL#2,3.0,?,,,?
63,Little Sunapee WL#3,,,NEW LONDON,LAKE/POND,43.4319,-72.022417,,16,8/12/2014,WL#3,3.0,?,,,?
64,SILHARD,,SILVER LAKE- DEEP SPOT,HARRISVILLE,LAKE/POND,42.961194,-72.14,DEEP SPOT,17,8/14/2014,WL#1,3.0,10-Sep,10-Sep,11/5/2014,11/5/2014
65,SILHARO,,SILVER LAKE-OUTLET IN STREAM,HARRISVILLE,LAKE/POND,42.949389,-72.1328,Beach sample,17,8/14/2014,SS#2,1.0,10-Sep,10-Sep,11/5/2014,11/5/2014
66,SILHARSB1,,SILVER LAKE-SANDY BCH INLET 1,HARRISVILLE,LAKE/POND,42.972111,-72.138703,Beach sample,17,8/14/2014,SS#1,1.0,10-Sep,10-Sep,11/5/2014,11/5/2014
67,,does not exist in EMD,Silver Lake WL#2,HARRISVILLE,LAKE/POND,42.971089,-72.139535,,17,8/14/2014,WL#2,3.0,10-Sep,10-Sep,11/5/2014,11/5/2014
68,,does not exist in EMD,Silver Lake WL#3,HARRISVILLE,LAKE/POND,42.951554,-72.13563,,17,8/14/2014,WL#3,3.0,10-Sep,10-Sep,11/5/2014,11/5/2014
69,ARMPIED,,ARMINGTON LAKE-DEEP SPOT,PIERMONT,LAKE/POND,43.958389,-71.9692,DEEP SPOT,18,8/14/2014,WL#1,3.0,10-Sep,10-Sep,11/6/2014,11/6/2014
70,TARPIED,,TARLETON LAKE-DEEP SPOT,PIERMONT,LAKE/POND,43.977,-71.963278,DEEP SPOT,19,8/14/2014,WL#1,7.0,10-Sep,10-Sep,11/6/2014,11/6/2014
71,CANCAND,,CANAAN STREET LAKE-DEEP SPOT,CANAAN,LAKE/POND,43.664194,-72.0339,DEEP SPOT,20,8/14/2014,WL#1,3.0,10-Sep,10-Sep,11/6/2014,11/6/2014
72,,does not exist in EMD,Canaan St. Lake WL#2,CANAAN,LAKE/POND,43.667996,-72.035809,,20,8/14/2014,WL#2,3.0,10-Sep,10-Sep,11/6/2014,11/6/2014
73,Eastman Pond WL#1,,,GRANTHAM,LAKE/POND,43.518283,-72.1151,,21,8/18/2014,WL#1,3.0,?,,,?
74,Eastman Pond WL#2,,,GRANTHAM,LAKE/POND,43.5318,-72.11845,,21,8/18/2014,WL#2,3.0,?,,,?
75,EASGTM8,,EASTMAN POND-NORTH COVE BEACH,GRANTHAM,LAKE/POND,43.5354,-72.1125,Beach sample,21,8/18/2014,SS#1,1.0,?,,,?
76,EASGTMWCB,EASGTMWCBB,EASTMAN POND-WEST COVE B BEACH,GRANTHAM,LAKE/POND,43.526308,-72.12274,Beach sample,21,8/18/2014,SS#2,1.0,?,,,?
77,AYEBARD,,AYERS POND-DEEP SPOT,BARRINGTON,LAKE/POND,43.256,-71.0433,DEEP SPOT,22,8/18/2014,WL#1,3.0,10-Sep,10-Sep,11/5/2014,11/5/2014
78,BCHFIRBRRLF,7700085,CAMP FIRESIDE-LEFT,BARRINGTON,LAKE/POND,43.261517,-71.033837,,22,8/18/2014,SS#1,1.0,10-Sep,10-Sep,11/5/2014,11/5/2014
79,,does not exist in EMD,Ayers Lake WL#2,BARRINGTON,LAKE/POND,43.253455,-71.048412,,22,8/18/2014,WL#2,3.0,10-Sep,10-Sep,11/5/2014,11/5/2014
80,,does not exist in EMD,Ayers Lake WL#3,BARRINGTON,LAKE/POND,43.258643,-71.038456,,22,8/18/2014,WL#3,3.0,10-Sep,10-Sep,11/5/2014,11/5/2014
81,Ayers Lake SS#2,does not exist in EMD,,BARRINGTON,LAKE/POND,43.252955,-71.040945,,22,8/18/2014,SS#2,1.0,10-Sep,10-Sep,11/5/2014,11/5/2014
82,ISLDERD,BIG ISLAND POND,BIG ISLAND POND-DEEP SPOT,DERRY,LAKE/POND,42.866,-71.211389,DEEP SPOT,23,8/18/2014,WL#1,3.0,10-Sep,10-Sep,11/5/2014,11/5/2014
83,ISLDERPC,,BIG ISLAND POND-PERCH (CAMP) COVE,DERRY,LAKE/POND,42.880583,-71.197175,,23,8/18/2014,WL#2,3.0,10-Sep,10-Sep,11/5/2014,11/5/2014
84,ISLDERJC,,BIG ISLAND POND-JOHNSON COVE,DERRY,LAKE/POND,42.859475,-71.203786,,23,8/18/2014,WL#3,3.0,10-Sep,10-Sep,11/5/2014,11/5/2014
85,,does not exist in EMD,Lees Pond WL#1,MOLTONBOURO,LAKE/POND,43.7380667,-71.3964667,DEEP SPOT,24,8/18/2014,WL#1,3.0,10-Sep,10-Sep,11/5/2014,11/5/2014
86,,does not exist in EMD,Lees Pond WL#2,MOLTONBOURO,LAKE/POND,43.7386667,-71.3956667,,24,8/18/2014,WL#2,3.0,10-Sep,10-Sep,11/5/2014,11/5/2014
87,,does not exist in EMD,Lees Pond WL#3,MOLTONBOURO,LAKE/POND,43.73895,-71.39975,,24,8/18/2014,WL#3,3.0,10-Sep,10-Sep,11/5/2014,11/5/2014
88,,does not exist in EMD,Lees Pond SS#1,MOLTONBOURO,LAKE/POND,43.7366833, -71.4010500,Beach sample,24,8/18/2014,SS#1,1.0,10-Sep,10-Sep,11/5/2014,11/5/2014
89,,does not exist in EMD,Lees Pond SS#2,MOLTONBOURO,LAKE/POND,43.7371333,-71.3943667,Beach sample,24,8/18/2014,SS#2,1.0,10-Sep,10-Sep,11/5/2014,11/5/2014
90,,,Mascoma Lake- Dalton,ENFIELD,LAKE/POND,43.608667,-72.123167,,25,8/19/2014,WL#3,3.0,?,,,?
91,,,Mascoma Lake- Dam End,ENFIELD,LAKE/POND,43.648167,-72.178533,,25,8/19/2014,WL#2,3.0,?,,,?
92,,,Mascoma Lake- Dartmouth Sail Club,ENFIELD,LAKE/POND,43.639417,-72.134333,Beach sample,25,8/19/2014,SS#2,1.0,?,,,?
93,,,Mascoma Lake- Shakoma,ENFIELD,LAKE/POND,43.631433,-72.157883,Beach sample,25,8/19/2014,SS#1,1.0,?,,,?
94,MASENF1D,MAS01PL,MASCOMA LAKE-STATION 1 DEEP SPOT,ENFIELD,LAKE/POND,43.627889,-72.1503,DEEP SPOT,25,8/19/2014,WL#1,3.0,?,,,?
95,THOJAFD,,THORNDIKE POND-DEEP SPOT,JAFFREY,LAKE/POND,42.859778,-72.0553,DEEP SPOT,26,8/20/2014,WL#2,3.0,,10-Sep,11/5/2014,11/5/2014
96,THOJAFNW,,THORNDIKE POND-NORTH WEST INLET,JAFFREY,LAKE/POND,42.865583,-72.0573,Beach sample,26,8/20/2014,SS#2,1.0,,10-Sep,11/5/2014,11/5/2014
97,THOJAFSW,,THORNDIKE POND-SOUTH WEST INLET,JAFFREY,LAKE/POND,42.8504,-72.0597,Beach sample,26,8/20/2014,SS#1,1.0,,10-Sep,11/5/2014,11/5/2014
98,,does not exist in EMD,Thorndike Pond WL#1,JAFFREY,LAKE/POND,42.86461,-72.055078,,26,8/20/2014,WL#1,3.0,,10-Sep,11/5/2014,11/5/2014
99,,does not exist in EMD,Thorndike Pond WL#3,JAFFREY,LAKE/POND,42.850453,-72.056494,,26,8/20/2014,WL#3,3.0,,10-Sep,11/5/2014,11/5/2014
100,WICMERD,,WICWAS LAKE-DEEP SPOT,MEREDITH,LAKE/POND,43.620083,-71.5519,DEEP SPOT,27,8/24/2014,WL#1,3.0,,10-Sep,,Freezer
101,WICMEREC,,WICWAS LAKE-EAST COVE,MEREDITH,LAKE/POND,43.609694,-71.5485,,27,8/24/2014,WL#2,3.0,,10-Sep,,Freezer
102,WICMERLR,,WICWAS LAKE-LAUNCH RAMP,MEREDITH,LAKE/POND,43.604747,-71.551283,,27,8/24/2014,SS#1,1.0,,10-Sep,,Freezer
103,WICMER2,WICMERWCS,WICWAS LAKE-WEST COVE,MEREDITH,LAKE/POND,43.609778,-71.5525,,27,8/24/2014,WL#3,3.0,,10-Sep,,Freezer
104,WICMERD,,WICWAS LAKE-DEEP SPOT,MEREDITH,LAKE/POND,43.620083,-71.5519,DEEP SPOT,27,9/28/2014,WL#1,3.0,X,X,Freezer,Freezer
105,WICMEREC,,WICWAS LAKE-EAST COVE,MEREDITH,LAKE/POND,43.609694,-71.5485,,27,9/28/2014,WL#2,3.0,X,X,Freezer,Freezer
106,WICMERLR,,WICWAS LAKE-LAUNCH RAMP,MEREDITH,LAKE/POND,43.604747,-71.551283,Sampled at private dock. ,27,9/28/2014,SS#1,1.0,X,X,Freezer,Freezer
107,WICMER2,WICMERWCS,WICWAS LAKE-WEST COVE,MEREDITH,LAKE/POND,43.609778,-71.5525,,27,9/28/2014,WL#3,3.0,X,X,Freezer,Freezer
108,Wicwas Lake SS#2,does not exist in EMD,,MEREDITH,LAKE/POND,,,,27,9/28/2014,SS#2,0.5,X,X,Freezer,Freezer
109,SKAHARD,,LAKE SKATUTAKEE-DEEP SPOT,HARRISVILLE,LAKE/POND,42.936528,-72.070194,DEEP SPOT,28,8/24/2014,WL#1,3.0,,20-Nov,Came in Frozen,
110,SKAHARSP,,LAKE SKATUTAKEE-SPRING,HARRISVILLE,LAKE/POND,42.934898,-72.076798,,28,8/24/2014,SS#1,1.0,,20-Nov,Came in Frozen,
111,DUBDUBDLC,,DUBLIN POND-DUBLIN LAKE CLUB,DUBLIN,LAKE/POND,42.904269,-72.072383,,29,8/25/2014,GRAB,0.0,10-Sep,10-Sep,Freezer,Freezer
112,Sand Pond SS#1,,,,LAKE/POND,,,,30,8/26/2014,SS#1,1.0,?,,,?
113,Sand Pond SS#2,,,,LAKE/POND,,,,30,8/26/2014,SS#2,1.0,?,,,?
114,Sand Pond WL#2,,,,LAKE/POND,,,,30,8/26/2014,WL#2,3.0,?,,,?
115,SANMLWD,,,,LAKE/POND,,,,30,8/26/2014,WL#1,3.0,?,,,?
116,CLEHOPD,,CLEMENT POND-DEEP SPOT,HOPKINTON,LAKE/POND,43.2165,-71.766389,,31,8/26/2014,WL#1,3.0,10-Sep,10-Sep,Freezer,Freezer
117,,does not exist in EMD,Clement Pond WL#2,HOPKINTON,LAKE/POND,43.215482,-71.76939,,31,8/26/2014,WL#2,3.0,10-Sep,10-Sep,Freezer,Freezer
118,,does not exist in EMD,Clement Pond WL#3,HOPKINTON,LAKE/POND,43.220439,-71.767008,,31,8/26/2014,WL#3,3.0,10-Sep,10-Sep,Freezer,Freezer
119,SEBBEDB,,SEBBINS POND-BACK PD INLET,BEDFORD,LAKE/POND,42.928583,-71.4805,,32,8/27/2014,WL#2,3.0,10-Sep,10-Sep,11/5/2014,11/5/2014
120,SEBBEDD,,SEBBINS POND-DEEP SPOT,BEDFORD,LAKE/POND,42.928083,-71.478278,,32,8/27/2014,WL#1,3.0,10-Sep,10-Sep,11/5/2014,11/5/2014
121,SEBBEDO,,SEBBINS POND-OUTLET,BEDFORD,LAKE/POND,42.925583,-71.478083,,32,8/27/2014,SS#1,1.0,10-Sep,10-Sep,?,?
122,SEBBED2,,SEBBINS POND-SITE 2,BEDFORD,LAKE/POND,42.928328,-71.476917,,32,8/27/2014,SS#2,1.0,10-Sep,10-Sep,?,?
123,,does not exist in EMD,Sebbins Pond WL#3,BEDFORD,LAKE/POND,,,,32,8/27/2014,WL#3,3.0,10-Sep,10-Sep,11/5/2014,11/5/2014
124,GRASTDD,,GRANITE LAKE-DEEP SPOT,STODDARD,LAKE/POND,43.020972,-72.141361,DEEP SPOT,33,9/7/2014,WL#1,3.0,10-Sep,10-Sep,11/6/2014,11/6/2014
125,,does not exist in EMD,Granite Lake WL#2,STODDARD,LAKE/POND,43.02371,-72.144856,,33,9/7/2014,WL#2,3,10-Sep,10-Sep,11/6/2014,11/6/2014
126,,does not exist in EMD,Granite Lake WL#3,STODDARD,LAKE/POND,43.023977,-72.135286,,33,9/7/2014,WL#3,3,10-Sep,10-Sep,11/6/2014,11/6/2014
127,Lake Kanesatka- Beach,,,MOLTONBOURO,LAKE/POND,43.727584,-71.45834,Beach sample,34,9/8/2014,GRAB,0.0,10-Sep,10-Sep,11/6/2014,11/6/2014
128,Lake Kanesatka- Dock,,,MOLTONBOURO,LAKE/POND,43.727553,-71.458361,Sampled at private dock. ,34,9/8/2014,GRAB,0.0,10-Sep,10-Sep,11/6/2014,11/6/2014
129,NUBNELD,,NUBANUSIT LAKE-DEEP SPOT,HANCOCK,LAKE/POND,42.986258,-72.057692,DEEP SPOT,35,9/10/2014,WL#1,3.0,20-Nov,X,11/5/2014,11/5/2014
130,NUBNELH,,NUBANUSIT LAKE-HANCOCK LANDING,HANCOCK,LAKE/POND,42.996,-72.0467,,35,9/10/2014,SS#1,1.0,,,11/5/2014,11/5/2014
131,NUBNELO,,NUBANUSIT LAKE-OUTLET IN STREAM,NELSON,LAKE/POND,42.973889,-72.086,,35,9/10/2014,SS#2,1.0,20-Nov,X,11/5/2014,11/5/2014
132,HUNSAND,,HUNKINS POND-DEEP SPOT,SANBORNTON,LAKE/POND,43.504194,-71.5595,DEEP SPOT,36,9/12/2014,WL#1,3.0,20-Nov,X,Freezer,Freezer
133,HUNSANN,,HUNKINS POND-NORTH END,SANBORNTON,LAKE/POND,43.504181,-71.561542,Beach Sample,36,9/12/2014,SS#1,1.0,20-Nov,X,Freezer,Freezer
134,SHOSDN-GEN,,SHOWELL POND-GENERIC,SANDOWN,LAKE/POND,42.908,-71.176194,Sampled at dock. ,37,9/25/2014,GRAB,0.0,20-Nov,X,Freezer,Freezer
135,TOWCND-GEN,,TOWER HILL POND-GENERIC,CANDIA,LAKE/POND,43.04,-71.371778,,38,9/29/2014,GRAB,0.0,,,,
136,BCHLEGFRKLF,8819005,WEBSTER LAKE LAGACE TB-LEFT,FRANKLIN,LAKE/POND,43.458833,-71.679558,,39,9/30/2014,GRAB,0.0,X,X,11/5/2014,11/5/2014
137,SUNSUN1D,SUNSUN200D,SUNAPEE LAKE-200 STN 1 DEEP SPOT,NEW LONDON,LAKE/POND,43.406083,-72.042600,200 STN 1 DEEP SPOT,1,9/15/2014,WL#1,3.0,20-Nov,,Came in Frozen,
138,SUNSUN2D,SUNSUN210D,SUNAPEE LAKE-210 STN 2 DEEP SPOT,SUNAPEE,LAKE/POND,43.383600,-72.062700,210 STN 2 DEEP SPOT,1,9/15/2014,WL#2,3.0,20-Nov,,Came in Frozen,
139,SUNSUN220D,SUNSUN220D,SUNAPEE LAKE-220 DEEP SPOT,NEWBURY,LAKE/POND,43.361911,-72.055997,220.0,1,9/15/2014,WL#3,3.0,20-Nov,,Came in Frozen,
140,SUNSUN3D,SUNSUN230D,SUNAPEE LAKE-230 STN 3 DEEP SPOT,NEWBURY,LAKE/POND,43.342778,-72.049400,230 STN 3 DEEP SPOT,1,9/15/2014,WL#4,3.0,20-Nov,,Came in Frozen,
141,BCHLEGFRKLF,8819005,WEBSTER LAKE LAGACE TB-LEFT,FRANKLIN,LAKE/POND,43.458833,-71.679558,,39,6/30/2014,GRAB,0.0,,,11/5/2014,11/5/2014
142,BCHLEGFRKLF,8819005,WEBSTER LAKE LAGACE TB-LEFT,FRANKLIN,LAKE/POND,43.458833,-71.679558,,39,7/7/2014,GRAB,0.0,,,11/5/2014,11/5/2014
143,BCHLEGFRKLF,8819005,WEBSTER LAKE LAGACE TB-LEFT,FRANKLIN,LAKE/POND,43.458833,-71.679558,,39,7/7/2014,GRAB,0.0,,,11/5/2014,11/5/2014
144,BEELTUFD,,LOWER BEECH POND-DEEP SPOT,TUFTONBORO,LAKE/POND,43.672189,-71.207289,DEEP SPOT,14,8/11/2014,WL#1,3.0,13-Aug,13-Aug,11/6/2014,11/6/2014
