YourName,Organization,SiteID,WaterbodyName,State,SiteLocation,SampleDate,NameOfSamplers,WeatherConditions,TypeOfSample,Depth,Latitude,Longitude,SampleTime,Filtered?,Frozen?,Parameter,Value,AnalysisDate,AnalysisTime,Fluorometer,GPSType,Photos?,Flag?,Comments,,,,,,,,,,,,,,,,,,
Amanda Murby,UNH Center for Freshwater Biology,,,,,,,,Standard,,,,,,,Phycocyanin,190,,,Beagle Amniscience Fluorquick,,,,Beagle was calibrated with the EPA lab group upon receiving instrument (july 2104),,,,,,,,,,,,,,,,,,
Amanda Murby,UNH Center for Freshwater Biology,,,,,,,,Standard,,,,,,,Phycocyanin,189.6,,,Beagle Amniscience Fluorquick,,,,given STD was suppose to be 214 PC RFU,,,,,,,,,,,,,,,,,,
Amanda Murby,UNH Center for Freshwater Biology,,,,,,,,Standard,,,,,,,Phycocyanin,188.2,,,Beagle Amniscience Fluorquick,,,,,,,,,,,,,,,,,,,,,,
Amanda Murby,UNH Center for Freshwater Biology,,,,,,,,Standard,,,,,,,Chlorophyll,0.287,,,Beagle Amniscience Fluorquick,,,,,,,,,,,,,,,,,,,,,,
Amanda Murby,UNH Center for Freshwater Biology,,,,,,,,Standard,,,,,,,Chlorophyll,0.286,,,Beagle Amniscience Fluorquick,,,,,,,,,,,,,,,,,,,,,,
Amanda Murby,UNH Center for Freshwater Biology,,,,,,,,Standard,,,,,,,Chlorophyll,0.283,,,Beagle Amniscience Fluorquick,,,,,,,,,,,,,,,,,,,,,,
Amanda Murby,UNH Center for Freshwater Biology,,,,,,,,Blank,,,,,,,Phycocyanin,,,,Beagle Amniscience Fluorquick,,,,Blanks were negative values,-0.032,,,,,,,,,,,,,,,,,
Amanda Murby,UNH Center for Freshwater Biology,,,,,,,,Blank,,,,,,,Phycocyanin,,,,Beagle Amniscience Fluorquick,,,,,-0.034,,,,,,,,,,,,,,,,,
Amanda Murby,UNH Center for Freshwater Biology,,,,,,,,Blank,,,,,,,Phycocyanin,,,,Beagle Amniscience Fluorquick,,,,,-0.228,,,,,,,,,,,,,,,,,
Amanda Murby,UNH Center for Freshwater Biology,,,,,,,,Blank,,,,,,,Chlorophyll,,,,Beagle Amniscience Fluorquick,,,,,-0.037,,,,,,,,,,,,,,,,,
Amanda Murby,UNH Center for Freshwater Biology,,,,,,,,Blank,,,,,,,Chlorophyll,,,,Beagle Amniscience Fluorquick,,,,,-0.036,,,,,,,,,,,,,,,,,
Amanda Murby,UNH Center for Freshwater Biology,,,,,,,,Blank,,,,,,,Chlorophyll,,,,Beagle Amniscience Fluorquick,,,,,-0.036,,,,,,,,,,,,,,,,,
Amanda Murby,UNH Center for Freshwater Biology,,Highland Lake,ME,,08/03/14,,,Blank,,,,,,,Phycocyanin,0.55,08/04/14,,,,,,,,,,,,,,,,,,,,,,,,
Amanda Murby,UNH Center for Freshwater Biology,,Highland Lake,ME,,08/03/14,,,Blank,,,,,,,Phycocyanin,0.55,08/04/14,,,,,,,,,,,,,,,,,,,,,,,,
Amanda Murby,UNH Center for Freshwater Biology,,Highland Lake,ME,,08/03/14,,,Blank,,,,,,,Phycocyanin,0.55,08/04/14,,,,,,,,,,,,,,,,,,,,,,,,
Amanda Murby,UNH Center for Freshwater Biology,,Highland Lake,ME,,08/03/14,,,Blank,,,,,,,Chlorophyll,0.01,08/04/14,,,,,,,,,,,,,,,,,,,,,,,,
Amanda Murby,UNH Center for Freshwater Biology,,Highland Lake,ME,,08/03/14,,,Blank,,,,,,,Chlorophyll,0,08/04/14,,,,,,,,,,,,,,,,,,,,,,,,
Amanda Murby,UNH Center for Freshwater Biology,,Highland Lake,ME,,08/03/14,,,Blank,,,,,,,Chlorophyll,0,08/04/14,,,,,,,,,,,,,,,,,,,,,,,,
Amanda Murby,UNH Center for Freshwater Biology,,Highland Lake,ME,,08/03/14,Keith Williams,,WL-1,0-4,44.086969,-70.743766,,No,No,Phycocyanin,1.52,08/04/14,,,,,,0-4 m integrated,,,,,,,,,,,,,,,,,,
Amanda Murby,UNH Center for Freshwater Biology,,Highland Lake,ME,,08/03/14,Keith Williams,,WL-2,0-4,44.086969,-70.743766,,No,No,Phycocyanin,1.52,08/04/14,,,,,,,,,,,,,,,,,,,,,,,,
Amanda Murby,UNH Center for Freshwater Biology,,Highland Lake,ME,,08/03/14,Keith Williams,,WL-3,0-4,44.086969,-70.743766,,No,No,Phycocyanin,2.05,08/04/14,,,,,,,,,,,,,,,,,,,,,,,,
Amanda Murby,UNH Center for Freshwater Biology,,Highland Lake,ME,,08/03/14,Keith Williams,,WL-1,0-4,44.086969,-70.743766,,No,No,Chlorophyll,2.6,08/04/14,,,,,,,,,,,,,,,,,,,,,,,,
Amanda Murby,UNH Center for Freshwater Biology,,Highland Lake,ME,,08/03/14,Keith Williams,,WL-2,0-4,44.086969,-70.743766,,No,No,Chlorophyll,2.72,08/04/14,,,,,,,,,,,,,,,,,,,,,,,,
Amanda Murby,UNH Center for Freshwater Biology,,Highland Lake,ME,,08/03/14,Keith Williams,,WL-3,0-4,44.086969,-70.743766,,No,No,Chlorophyll,2.58,08/04/14,,,,,,,,,,,,,,,,,,,,,,,,
Amanda Murby,UNH Center for Freshwater Biology,,Pine River Pond,NH,Cooks Cove,08/03/14,"LLMP, Bob Craycraft",,SS-1,0,43.628191,-71.027485,,No,No,Phycocyanin,49.82,08/04/14,,,,,,"0=grab, surface scum",,,,,,,,,,,,,,,,,,
Amanda Murby,UNH Center for Freshwater Biology,,Pine River Pond,NH,Cooks Cove,08/03/14,"LLMP, Bob Craycraft",,SS-2,0,43.628191,-71.027485,,No,No,Phycocyanin,18.79,08/04/14,,,,,,,,,,,,,,,,,,,,,,,,
Amanda Murby,UNH Center for Freshwater Biology,,Pine River Pond,NH,Cooks Cove,08/03/14,"LLMP, Bob Craycraft",,SS-3,0,43.628191,-71.027485,,No,No,Phycocyanin,26.55,08/04/14,,,,,,,,,,,,,,,,,,,,,,,,
Amanda Murby,UNH Center for Freshwater Biology,,Pine River Pond,NH,Cooks Cove,08/03/14,"LLMP, Bob Craycraft",,SS-1,0,43.628191,-71.027485,,No,No,Chlorophyll,1.85,08/04/14,,,,,,,,,,,,,,,,,,,,,,,,
Amanda Murby,UNH Center for Freshwater Biology,,Pine River Pond,NH,Cooks Cove,08/03/14,"LLMP, Bob Craycraft",,SS-2,0,43.628191,-71.027485,,No,No,Chlorophyll,1.2,08/04/14,,,,,,,,,,,,,,,,,,,,,,,,
Amanda Murby,UNH Center for Freshwater Biology,,Pine River Pond,NH,Cooks Cove,08/03/14,"LLMP, Bob Craycraft",,SS-3,0,43.628191,-71.027485,,No,No,Chlorophyll,1.48,08/04/14,,,,,,,,,,,,,,,,,,,,,,,,
"Ryan Brown, Amanda Murby",UNH Center for Freshwater Biology,,Nippo,NH,,08/18/14,"LLMP, Bob Craycraft",,Blank,,43.222912,-71.081729,,No,Yes,Phycocyanin,0.10,10/19/14,,Beagle Amniscience Fluorquick,GoogleEarth,No,No,,,,,,,,,,,,,,,,,,,
"Ryan Brown, Amanda Murby",UNH Center for Freshwater Biology,,Nippo,NH,,08/18/14,"LLMP, Bob Craycraft",,Blank,,43.222912,-71.081729,,No,Yes,Phycocyanin,0.10,10/19/14,,,GoogleEarth,No,No,,,,,,,,,,,,,,,,,,,
"Ryan Brown, Amanda Murby",UNH Center for Freshwater Biology,,Nippo,NH,,08/18/14,"LLMP, Bob Craycraft",,Blank,,43.222912,-71.081729,,No,Yes,Phycocyanin,0.10,10/19/14,,,GoogleEarth,No,No,,,,,,,,,,,,,,,,,,,
"Ryan Brown, Amanda Murby",UNH Center for Freshwater Biology,,Nippo,NH,,08/18/14,"LLMP, Bob Craycraft",,Blank,,43.222912,-71.081729,,No,Yes,Phycocyanin,0.55,10/19/14,,,GoogleEarth,No,No,,,,,,,,,,,,,,,,,,,
"Ryan Brown, Amanda Murby",UNH Center for Freshwater Biology,,Nippo,NH,,08/18/14,"LLMP, Bob Craycraft",,WL-1,5,43.222912,-71.081729,,No,Yes,Phycocyanin,0.10,10/19/14,,,GoogleEarth,No,No,,,,,,,,,,,,,,,,,,,
"Ryan Brown, Amanda Murby",UNH Center for Freshwater Biology,,Nippo,NH,,08/18/14,"LLMP, Bob Craycraft",,WL-2,5,43.222912,-71.081729,,No,Yes,Phycocyanin,0.10,10/19/14,,,GoogleEarth,No,No,,,,,,,,,,,,,,,,,,,
"Ryan Brown, Amanda Murby",UNH Center for Freshwater Biology,,Nippo,NH,,08/18/14,"LLMP, Bob Craycraft",,WL-3,5,43.222912,-71.081729,,No,Yes,Phycocyanin,0.10,10/19/14,,,GoogleEarth,No,No,,,,,,,,,,,,,,,,,,,
"Ryan Brown, Amanda Murby",UNH Center for Freshwater Biology,,Nippo,NH,,08/18/14,"LLMP, Bob Craycraft",,WL-1,6,43.222912,-71.081729,,No,Yes,Phycocyanin,12.06,10/19/14,,,GoogleEarth,No,No,,,,,,,,,,,,,,,,,,,
"Ryan Brown, Amanda Murby",UNH Center for Freshwater Biology,,Nippo,NH,,08/18/14,"LLMP, Bob Craycraft",,WL-2,6,43.222912,-71.081729,,No,Yes,Phycocyanin,12.06,10/19/14,,,GoogleEarth,No,No,,,,,,,,,,,,,,,,,,,
"Ryan Brown, Amanda Murby",UNH Center for Freshwater Biology,,Nippo,NH,,08/18/14,"LLMP, Bob Craycraft",,WL-3,6,43.222912,-71.081729,,No,Yes,Phycocyanin,12.06,10/19/14,,,GoogleEarth,No,No,,,,,,,,,,,,,,,,,,,
"Ryan Brown, Amanda Murby",UNH Center for Freshwater Biology,,Nippo,NH,,08/18/14,"LLMP, Bob Craycraft",,WL-1,7,43.222912,-71.081729,,No,Yes,Phycocyanin,16.72,10/19/14,,,GoogleEarth,No,No,,,,,,,,,,,,,,,,,,,
"Ryan Brown, Amanda Murby",UNH Center for Freshwater Biology,,Nippo,NH,,08/18/14,"LLMP, Bob Craycraft",,WL-2,7,43.222912,-71.081729,,No,Yes,Phycocyanin,16.72,10/19/14,,,GoogleEarth,No,No,,,,,,,,,,,,,,,,,,,
"Ryan Brown, Amanda Murby",UNH Center for Freshwater Biology,,Nippo,NH,,08/18/14,"LLMP, Bob Craycraft",,WL-3,7,43.222912,-71.081729,,No,Yes,Phycocyanin,16.72,10/19/14,,,GoogleEarth,No,No,,,,,,,,,,,,,,,,,,,
"Ryan Brown, Amanda Murby",UNH Center for Freshwater Biology,,Nippo,NH,,08/18/14,"LLMP, Bob Craycraft",,WL-1,8,43.222912,-71.081729,,No,Yes,Phycocyanin,2.58,10/19/14,,,GoogleEarth,No,No,,,,,,,,,,,,,,,,,,,
"Ryan Brown, Amanda Murby",UNH Center for Freshwater Biology,,Nippo,NH,,08/18/14,"LLMP, Bob Craycraft",,WL-2,8,43.222912,-71.081729,,No,Yes,Phycocyanin,2.05,10/19/14,,,GoogleEarth,No,No,,,,,,,,,,,,,,,,,,,
"Ryan Brown, Amanda Murby",UNH Center for Freshwater Biology,,Nippo,NH,,08/18/14,"LLMP, Bob Craycraft",,WL-3,8,43.222912,-71.081729,,No,Yes,Phycocyanin,1.52,10/19/14,,,GoogleEarth,No,No,,,,,,,,,,,,,,,,,,,
"Ryan Brown, Amanda Murby",UNH Center for Freshwater Biology,,Nippo,NH,,08/18/14,"LLMP, Bob Craycraft",,WL-1,9,43.222912,-71.081729,,No,Yes,Phycocyanin,6.82,10/19/14,,,GoogleEarth,No,No,,,,,,,,,,,,,,,,,,,
"Ryan Brown, Amanda Murby",UNH Center for Freshwater Biology,,Nippo,NH,,08/18/14,"LLMP, Bob Craycraft",,WL-2,9,43.222912,-71.081729,,No,Yes,Phycocyanin,7.35,10/19/14,,,GoogleEarth,No,No,,,,,,,,,,,,,,,,,,,
"Ryan Brown, Amanda Murby",UNH Center for Freshwater Biology,,Nippo,NH,,08/18/14,"LLMP, Bob Craycraft",,WL-3,9,43.222912,-71.081729,,No,Yes,Phycocyanin,7.35,10/19/14,,,GoogleEarth,No,No,,,,,,,,,,,,,,,,,,,
"Ryan Brown, Amanda Murby",UNH Center for Freshwater Biology,,Nippo,NH,,08/18/14,"LLMP, Bob Craycraft",,WL-1,10,43.222912,-71.081729,,No,Yes,Phycocyanin,21.37,10/19/14,,,GoogleEarth,No,No,,,,,,,,,,,,,,,,,,,
"Ryan Brown, Amanda Murby",UNH Center for Freshwater Biology,,Nippo,NH,,08/18/14,"LLMP, Bob Craycraft",,WL-2,10,43.222912,-71.081729,,No,Yes,Phycocyanin,20.86,10/19/14,,,GoogleEarth,No,No,,,,,,,,,,,,,,,,,,,
"Ryan Brown, Amanda Murby",UNH Center for Freshwater Biology,,Nippo,NH,,08/18/14,"LLMP, Bob Craycraft",,WL-3,10,43.222912,-71.081729,,No,Yes,Phycocyanin,21.37,10/19/14,,,GoogleEarth,No,No,,,,,,,,,,,,,,,,,,,
"Ryan Brown, Amanda Murby",UNH Center for Freshwater Biology,,Nippo,NH,,08/18/14,"LLMP, Bob Craycraft",,WL-1,11,43.222912,-71.081729,,No,Yes,Phycocyanin,17.24,10/19/14,,,GoogleEarth,No,No,,,,,,,,,,,,,,,,,,,
"Ryan Brown, Amanda Murby",UNH Center for Freshwater Biology,,Nippo,NH,,08/18/14,"LLMP, Bob Craycraft",,WL-2,11,43.222912,-71.081729,,No,Yes,Phycocyanin,17.24,10/19/14,,,GoogleEarth,No,No,,,,,,,,,,,,,,,,,,,
"Ryan Brown, Amanda Murby",UNH Center for Freshwater Biology,,Nippo,NH,,08/18/14,"LLMP, Bob Craycraft",,WL-3,11,43.222912,-71.081729,,No,Yes,Phycocyanin,17.24,10/19/14,,,GoogleEarth,No,No,,,,,,,,,,,,,,,,,,,
"Ryan Brown, Amanda Murby",UNH Center for Freshwater Biology,,Nippo,NH,,08/18/14,"LLMP, Bob Craycraft",,WL-1,12,43.222912,-71.081729,,No,Yes,Phycocyanin,5.76,10/19/14,,,GoogleEarth,No,No,,,,,,,,,,,,,,,,,,,
"Ryan Brown, Amanda Murby",UNH Center for Freshwater Biology,,Nippo,NH,,08/18/14,"LLMP, Bob Craycraft",,WL-2,12,43.222912,-71.081729,,No,Yes,Phycocyanin,5.23,10/19/14,,,GoogleEarth,No,No,,,,,,,,,,,,,,,,,,,
"Ryan Brown, Amanda Murby",UNH Center for Freshwater Biology,,Nippo,NH,,08/18/14,"LLMP, Bob Craycraft",,WL-3,12,43.222912,-71.081729,,No,Yes,Phycocyanin,5.23,10/19/14,,,GoogleEarth,No,No,,,,,,,,,,,,,,,,,,,
"Ryan Brown, Amanda Murby",UNH Center for Freshwater Biology,,Nippo,NH,,08/18/14,"LLMP, Bob Craycraft",,WL-1,13,43.222912,-71.081729,,No,Yes,Phycocyanin,16.72,10/19/14,,,GoogleEarth,No,No,,,,,,,,,,,,,,,,,,,
"Ryan Brown, Amanda Murby",UNH Center for Freshwater Biology,,Nippo,NH,,08/18/14,"LLMP, Bob Craycraft",,WL-2,13,43.222912,-71.081729,,No,Yes,Phycocyanin,17.24,10/19/14,,,GoogleEarth,No,No,,,,,,,,,,,,,,,,,,,
"Ryan Brown, Amanda Murby",UNH Center for Freshwater Biology,,Nippo,NH,,08/18/14,"LLMP, Bob Craycraft",,WL-3,13,43.222912,-71.081729,,No,Yes,Phycocyanin,17.24,10/19/14,,,GoogleEarth,No,No,,,,,,,,,,,,,,,,,,,
"Ryan Brown, Amanda Murby",UNH Center for Freshwater Biology,,Nippo,NH,,08/18/14,"LLMP, Bob Craycraft",,WL-1,14,43.222912,-71.081729,,No,Yes,Phycocyanin,1.00,10/19/14,,,GoogleEarth,No,No,,,,,,,,,,,,,,,,,,,
"Ryan Brown, Amanda Murby",UNH Center for Freshwater Biology,,Nippo,NH,,08/18/14,"LLMP, Bob Craycraft",,WL-2,14,43.222912,-71.081729,,No,Yes,Phycocyanin,1.00,10/19/14,,,GoogleEarth,No,No,,,,,,,,,,,,,,,,,,,
"Ryan Brown, Amanda Murby",UNH Center for Freshwater Biology,,Nippo,NH,,08/18/14,"LLMP, Bob Craycraft",,WL-3,14,43.222912,-71.081729,,No,Yes,Phycocyanin,1.52,10/19/14,,,GoogleEarth,No,No,,,,,,,,,,,,,,,,,,,
"Ryan Brown, Amanda Murby",UNH Center for Freshwater Biology,,Nippo,NH,,08/18/14,"LLMP, Bob Craycraft",,WL-1,15,43.222912,-71.081729,,No,Yes,Phycocyanin,0.10,10/19/14,,,GoogleEarth,No,No,,,,,,,,,,,,,,,,,,,
"Ryan Brown, Amanda Murby",UNH Center for Freshwater Biology,,Nippo,NH,,08/18/14,"LLMP, Bob Craycraft",,WL-2,15,43.222912,-71.081729,,No,Yes,Phycocyanin,0.10,10/19/14,,,GoogleEarth,No,No,,,,,,,,,,,,,,,,,,,
"Ryan Brown, Amanda Murby",UNH Center for Freshwater Biology,,Nippo,NH,,08/18/14,"LLMP, Bob Craycraft",,WL-3,15,43.222912,-71.081729,,No,Yes,Phycocyanin,0.10,10/19/14,,,GoogleEarth,No,No,,,,,,,,,,,,,,,,,,,
"Ryan Brown, Amanda Murby",UNH Center for Freshwater Biology,,Nippo,NH,,08/18/14,"LLMP, Bob Craycraft",,WL-1,0-4.5,43.222912,-71.081729,,No,Yes,Phycocyanin,8.41,10/19/14,,,GoogleEarth,No,No,,,,,,,,,,,,,,,,,,,
"Ryan Brown, Amanda Murby",UNH Center for Freshwater Biology,,Nippo,NH,,08/18/14,"LLMP, Bob Craycraft",,WL-2,0-4.5,43.222912,-71.081729,,No,Yes,Phycocyanin,8.41,10/19/14,,,GoogleEarth,No,No,,,,,,,,,,,,,,,,,,,
"Ryan Brown, Amanda Murby",UNH Center for Freshwater Biology,,Nippo,NH,,08/18/14,"LLMP, Bob Craycraft",,WL-3,0-4.5,43.222912,-71.081729,,No,Yes,Phycocyanin,8.41,10/19/14,,,GoogleEarth,No,No,,,,,,,,,,,,,,,,,,,
"Ryan Brown, Amanda Murby",UNH Center for Freshwater Biology,,Nippo,NH,,08/18/14,"LLMP, Bob Craycraft",,Blank,,43.222912,-71.081729,,No,Yes,Chlorophyll,0.01,10/19/14,,,GoogleEarth,No,No,,,,,,,,,,,,,,,,,,,
"Ryan Brown, Amanda Murby",UNH Center for Freshwater Biology,,Nippo,NH,,08/18/14,"LLMP, Bob Craycraft",,Blank,,43.222912,-71.081729,,No,Yes,Chlorophyll,0.00,10/19/14,,,GoogleEarth,No,No,,,,,,,,,,,,,,,,,,,
"Ryan Brown, Amanda Murby",UNH Center for Freshwater Biology,,Nippo,NH,,08/18/14,"LLMP, Bob Craycraft",,Blank,,43.222912,-71.081729,,No,Yes,Chlorophyll,0.00,10/19/14,,,GoogleEarth,No,No,,,,,,,,,,,,,,,,,,,
"Ryan Brown, Amanda Murby",UNH Center for Freshwater Biology,,Nippo,NH,,08/18/14,"LLMP, Bob Craycraft",,Blank,,43.222912,-71.081729,,No,Yes,Chlorophyll,0.00,10/19/14,,,GoogleEarth,No,No,,,,,,,,,,,,,,,,,,,
"Ryan Brown, Amanda Murby",UNH Center for Freshwater Biology,,Nippo,NH,,08/18/14,"LLMP, Bob Craycraft",,WL-1,5,43.222912,-71.081729,,No,Yes,Chlorophyll,0.77,10/19/14,,,GoogleEarth,No,No,,,,,,,,,,,,,,,,,,,
"Ryan Brown, Amanda Murby",UNH Center for Freshwater Biology,,Nippo,NH,,08/18/14,"LLMP, Bob Craycraft",,WL-2,5,43.222912,-71.081729,,No,Yes,Chlorophyll,0.76,10/19/14,,,GoogleEarth,No,No,,,,,,,,,,,,,,,,,,,
"Ryan Brown, Amanda Murby",UNH Center for Freshwater Biology,,Nippo,NH,,08/18/14,"LLMP, Bob Craycraft",,WL-3,5,43.222912,-71.081729,,No,Yes,Chlorophyll,0.76,10/19/14,,,GoogleEarth,No,No,,,,,,,,,,,,,,,,,,,
"Ryan Brown, Amanda Murby",UNH Center for Freshwater Biology,,Nippo,NH,,08/18/14,"LLMP, Bob Craycraft",,WL-1,6,43.222912,-71.081729,,No,Yes,Chlorophyll,0.55,10/19/14,,,GoogleEarth,No,No,,,,,,,,,,,,,,,,,,,
"Ryan Brown, Amanda Murby",UNH Center for Freshwater Biology,,Nippo,NH,,08/18/14,"LLMP, Bob Craycraft",,WL-2,6,43.222912,-71.081729,,No,Yes,Chlorophyll,0.55,10/19/14,,,GoogleEarth,No,No,,,,,,,,,,,,,,,,,,,
"Ryan Brown, Amanda Murby",UNH Center for Freshwater Biology,,Nippo,NH,,08/18/14,"LLMP, Bob Craycraft",,WL-3,6,43.222912,-71.081729,,No,Yes,Chlorophyll,0.51,10/19/14,,,GoogleEarth,No,No,,,,,,,,,,,,,,,,,,,
"Ryan Brown, Amanda Murby",UNH Center for Freshwater Biology,,Nippo,NH,,08/18/14,"LLMP, Bob Craycraft",,WL-1,7,43.222912,-71.081729,,No,Yes,Chlorophyll,0.42,10/19/14,,,GoogleEarth,No,No,,,,,,,,,,,,,,,,,,,
"Ryan Brown, Amanda Murby",UNH Center for Freshwater Biology,,Nippo,NH,,08/18/14,"LLMP, Bob Craycraft",,WL-2,7,43.222912,-71.081729,,No,Yes,Chlorophyll,0.42,10/19/14,,,GoogleEarth,No,No,,,,,,,,,,,,,,,,,,,
"Ryan Brown, Amanda Murby",UNH Center for Freshwater Biology,,Nippo,NH,,08/18/14,"LLMP, Bob Craycraft",,WL-3,7,43.222912,-71.081729,,No,Yes,Chlorophyll,0.42,10/19/14,,,GoogleEarth,No,No,,,,,,,,,,,,,,,,,,,
"Ryan Brown, Amanda Murby",UNH Center for Freshwater Biology,,Nippo,NH,,08/18/14,"LLMP, Bob Craycraft",,WL-1,8,43.222912,-71.081729,,No,Yes,Chlorophyll,0.51,10/19/14,,,GoogleEarth,No,No,,,,,,,,,,,,,,,,,,,
"Ryan Brown, Amanda Murby",UNH Center for Freshwater Biology,,Nippo,NH,,08/18/14,"LLMP, Bob Craycraft",,WL-2,8,43.222912,-71.081729,,No,Yes,Chlorophyll,0.51,10/19/14,,,GoogleEarth,No,No,,,,,,,,,,,,,,,,,,,
"Ryan Brown, Amanda Murby",UNH Center for Freshwater Biology,,Nippo,NH,,08/18/14,"LLMP, Bob Craycraft",,WL-3,8,43.222912,-71.081729,,No,Yes,Chlorophyll,0.49,10/19/14,,,GoogleEarth,No,No,,,,,,,,,,,,,,,,,,,
"Ryan Brown, Amanda Murby",UNH Center for Freshwater Biology,,Nippo,NH,,08/18/14,"LLMP, Bob Craycraft",,WL-1,9,43.222912,-71.081729,,No,Yes,Chlorophyll,0.52,10/19/14,,,GoogleEarth,No,No,,,,,,,,,,,,,,,,,,,
"Ryan Brown, Amanda Murby",UNH Center for Freshwater Biology,,Nippo,NH,,08/18/14,"LLMP, Bob Craycraft",,WL-2,9,43.222912,-71.081729,,No,Yes,Chlorophyll,0.51,10/19/14,,,GoogleEarth,No,No,,,,,,,,,,,,,,,,,,,
"Ryan Brown, Amanda Murby",UNH Center for Freshwater Biology,,Nippo,NH,,08/18/14,"LLMP, Bob Craycraft",,WL-3,9,43.222912,-71.081729,,No,Yes,Chlorophyll,0.52,10/19/14,,,GoogleEarth,No,No,,,,,,,,,,,,,,,,,,,
"Ryan Brown, Amanda Murby",UNH Center for Freshwater Biology,,Nippo,NH,,08/18/14,"LLMP, Bob Craycraft",,WL-1,10,43.222912,-71.081729,,No,Yes,Chlorophyll,0.61,10/19/14,,,GoogleEarth,No,No,,,,,,,,,,,,,,,,,,,
"Ryan Brown, Amanda Murby",UNH Center for Freshwater Biology,,Nippo,NH,,08/18/14,"LLMP, Bob Craycraft",,WL-2,10,43.222912,-71.081729,,No,Yes,Chlorophyll,0.61,10/19/14,,,GoogleEarth,No,No,,,,,,,,,,,,,,,,,,,
"Ryan Brown, Amanda Murby",UNH Center for Freshwater Biology,,Nippo,NH,,08/18/14,"LLMP, Bob Craycraft",,WL-3,10,43.222912,-71.081729,,No,Yes,Chlorophyll,0.60,10/19/14,,,GoogleEarth,No,No,,,,,,,,,,,,,,,,,,,
"Ryan Brown, Amanda Murby",UNH Center for Freshwater Biology,,Nippo,NH,,08/18/14,"LLMP, Bob Craycraft",,WL-1,11,43.222912,-71.081729,,No,Yes,Chlorophyll,0.74,10/19/14,,,GoogleEarth,No,No,,,,,,,,,,,,,,,,,,,
"Ryan Brown, Amanda Murby",UNH Center for Freshwater Biology,,Nippo,NH,,08/18/14,"LLMP, Bob Craycraft",,WL-2,11,43.222912,-71.081729,,No,Yes,Chlorophyll,0.73,10/19/14,,,GoogleEarth,No,No,,,,,,,,,,,,,,,,,,,
"Ryan Brown, Amanda Murby",UNH Center for Freshwater Biology,,Nippo,NH,,08/18/14,"LLMP, Bob Craycraft",,WL-3,11,43.222912,-71.081729,,No,Yes,Chlorophyll,0.73,10/19/14,,,GoogleEarth,No,No,,,,,,,,,,,,,,,,,,,
"Ryan Brown, Amanda Murby",UNH Center for Freshwater Biology,,Nippo,NH,,08/18/14,"LLMP, Bob Craycraft",,WL-1,12,43.222912,-71.081729,,No,Yes,Chlorophyll,0.60,10/19/14,,,GoogleEarth,No,No,,,,,,,,,,,,,,,,,,,
"Ryan Brown, Amanda Murby",UNH Center for Freshwater Biology,,Nippo,NH,,08/18/14,"LLMP, Bob Craycraft",,WL-2,12,43.222912,-71.081729,,No,Yes,Chlorophyll,0.61,10/19/14,,,GoogleEarth,No,No,,,,,,,,,,,,,,,,,,,
"Ryan Brown, Amanda Murby",UNH Center for Freshwater Biology,,Nippo,NH,,08/18/14,"LLMP, Bob Craycraft",,WL-3,12,43.222912,-71.081729,,No,Yes,Chlorophyll,0.61,10/19/14,,,GoogleEarth,No,No,,,,,,,,,,,,,,,,,,,
"Ryan Brown, Amanda Murby",UNH Center for Freshwater Biology,,Nippo,NH,,08/18/14,"LLMP, Bob Craycraft",,WL-1,13,43.222912,-71.081729,,No,Yes,Chlorophyll,0.67,10/19/14,,,GoogleEarth,No,No,,,,,,,,,,,,,,,,,,,
"Ryan Brown, Amanda Murby",UNH Center for Freshwater Biology,,Nippo,NH,,08/18/14,"LLMP, Bob Craycraft",,WL-2,13,43.222912,-71.081729,,No,Yes,Chlorophyll,0.69,10/19/14,,,GoogleEarth,No,No,,,,,,,,,,,,,,,,,,,
"Ryan Brown, Amanda Murby",UNH Center for Freshwater Biology,,Nippo,NH,,08/18/14,"LLMP, Bob Craycraft",,WL-3,13,43.222912,-71.081729,,No,Yes,Chlorophyll,0.67,10/19/14,,,GoogleEarth,No,No,,,,,,,,,,,,,,,,,,,
"Ryan Brown, Amanda Murby",UNH Center for Freshwater Biology,,Nippo,NH,,08/18/14,"LLMP, Bob Craycraft",,WL-1,14,43.222912,-71.081729,,No,Yes,Chlorophyll,0.60,10/19/14,,,GoogleEarth,No,No,,,,,,,,,,,,,,,,,,,
"Ryan Brown, Amanda Murby",UNH Center for Freshwater Biology,,Nippo,NH,,08/18/14,"LLMP, Bob Craycraft",,WL-2,14,43.222912,-71.081729,,No,Yes,Chlorophyll,0.60,10/19/14,,,GoogleEarth,No,No,,,,,,,,,,,,,,,,,,,
"Ryan Brown, Amanda Murby",UNH Center for Freshwater Biology,,Nippo,NH,,08/18/14,"LLMP, Bob Craycraft",,WL-3,14,43.222912,-71.081729,,No,Yes,Chlorophyll,0.60,10/19/14,,,GoogleEarth,No,No,,,,,,,,,,,,,,,,,,,
"Ryan Brown, Amanda Murby",UNH Center for Freshwater Biology,,Nippo,NH,,08/18/14,"LLMP, Bob Craycraft",,WL-1,15,43.222912,-71.081729,,No,Yes,Chlorophyll,0.67,10/19/14,,,GoogleEarth,No,No,,,,,,,,,,,,,,,,,,,
"Ryan Brown, Amanda Murby",UNH Center for Freshwater Biology,,Nippo,NH,,08/18/14,"LLMP, Bob Craycraft",,WL-2,15,43.222912,-71.081729,,No,Yes,Chlorophyll,0.67,10/19/14,,,GoogleEarth,No,No,,,,,,,,,,,,,,,,,,,
"Ryan Brown, Amanda Murby",UNH Center for Freshwater Biology,,Nippo,NH,,08/18/14,"LLMP, Bob Craycraft",,WL-3,15,43.222912,-71.081729,,No,Yes,Chlorophyll,0.67,10/19/14,,,GoogleEarth,No,No,,,,,,,,,,,,,,,,,,,
"Ryan Brown, Amanda Murby",UNH Center for Freshwater Biology,,Nippo,NH,,08/18/14,"LLMP, Bob Craycraft",,WL-1,0-4.5,43.222912,-71.081729,,No,Yes,Chlorophyll,1.14,10/19/14,,,GoogleEarth,No,No,,,,,,,,,,,,,,,,,,,
"Ryan Brown, Amanda Murby",UNH Center for Freshwater Biology,,Nippo,NH,,08/18/14,"LLMP, Bob Craycraft",,WL-2,0-4.5,43.222912,-71.081729,,No,Yes,Chlorophyll,1.23,10/19/14,,,GoogleEarth,No,No,,,,,,,,,,,,,,,,,,,
"Ryan Brown, Amanda Murby",UNH Center for Freshwater Biology,,Nippo,NH,,08/18/14,"LLMP, Bob Craycraft",,WL-3,0-4.5,43.222912,-71.081729,,No,Yes,Chlorophyll,1.11,10/19/14,,,GoogleEarth,No,No,,,,,,,,,,,,,,,,,,,
"Ryan Brown, Amanda Murby",UNH Center for Freshwater Biology,,Attitash,NH,,09/09/14,"CFB, Haney, Murby",,Blank,,,,,Yes,Yes,Phycocyanin,0.10,10/14/14,,,GoogleEarth,No,No,,,,,,,,,,,,,,,,,,,
"Ryan Brown, Amanda Murby",UNH Center for Freshwater Biology,,Attitash,NH,,09/09/14,"CFB, Haney, Murby",,Blank,,,,,Yes,Yes,Phycocyanin,0.10,10/14/14,,,GoogleEarth,No,No,,,,,,,,,,,,,,,,,,,
"Ryan Brown, Amanda Murby",UNH Center for Freshwater Biology,,Attitash,NH,,09/09/14,"CFB, Haney, Murby",,Blank,,,,,Yes,Yes,Phycocyanin,0.10,10/14/14,,,GoogleEarth,No,No,,,,,,,,,,,,,,,,,,,
"Ryan Brown, Amanda Murby",UNH Center for Freshwater Biology,,Attitash,NH,,09/09/14,"CFB, Haney, Murby",,Blank,,,,,Yes,Yes,Phycocyanin,0.10,10/14/14,,,GoogleEarth,No,No,,,,,,,,,,,,,,,,,,,
"Ryan Brown, Amanda Murby",UNH Center for Freshwater Biology,,Attitash,NH,,09/09/14,"CFB, Haney, Murby",sunny,WL-1,1,42.849044,-70.982824,,Yes,Yes,Phycocyanin,6.82,10/14/14,,,GoogleEarth,No,No,,,,,,,,,,,,,,,,,,,
"Ryan Brown, Amanda Murby",UNH Center for Freshwater Biology,,Attitash,NH,,09/09/14,"CFB, Haney, Murby",sunny,WL-2,1,42.849044,-70.982824,,Yes,Yes,Phycocyanin,6.82,10/14/14,,,GoogleEarth,No,No,,,,,,,,,,,,,,,,,,,
"Ryan Brown, Amanda Murby",UNH Center for Freshwater Biology,,Attitash,NH,,09/09/14,"CFB, Haney, Murby",sunny,WL-3,1,42.849044,-70.982824,,Yes,Yes,Phycocyanin,7.88,10/14/14,,,GoogleEarth,No,No,,,,,,,,,,,,,,,,,,,
"Ryan Brown, Amanda Murby",UNH Center for Freshwater Biology,,Attitash,NH,,09/09/14,"CFB, Haney, Murby",sunny,WL-1,1,42.849044,-70.982824,,Yes,Yes,Phycocyanin,0.10,10/14/14,,,GoogleEarth,No,No,,,,,,,,,,,,,,,,,,,
"Ryan Brown, Amanda Murby",UNH Center for Freshwater Biology,,Attitash,NH,,09/09/14,"CFB, Haney, Murby",sunny,WL-2,1,42.849044,-70.982824,,Yes,Yes,Phycocyanin,0.55,10/14/14,,,GoogleEarth,No,No,,,,,,,,,,,,,,,,,,,
"Ryan Brown, Amanda Murby",UNH Center for Freshwater Biology,,Attitash,NH,,09/09/14,"CFB, Haney, Murby",sunny,WL-3,1,42.849044,-70.982824,,Yes,Yes,Phycocyanin,0.10,10/14/14,,,GoogleEarth,No,No,,,,,,,,,,,,,,,,,,,
"Ryan Brown, Amanda Murby",UNH Center for Freshwater Biology,,Attitash,NH,,09/09/14,"CFB, Haney, Murby",sunny,WL-1,1,42.849044,-70.982824,,Yes,Yes,Phycocyanin,5.23,10/14/14,,,GoogleEarth,No,No,,,,,,,,,,,,,,,,,,,
"Ryan Brown, Amanda Murby",UNH Center for Freshwater Biology,,Attitash,NH,,09/09/14,"CFB, Haney, Murby",sunny,WL-2,1,42.849044,-70.982824,,Yes,Yes,Phycocyanin,4.70,10/14/14,,,GoogleEarth,No,No,,,,,,,,,,,,,,,,,,,
"Ryan Brown, Amanda Murby",UNH Center for Freshwater Biology,,Attitash,NH,,09/09/14,"CFB, Haney, Murby",sunny,WL-3,1,42.849044,-70.982824,,Yes,Yes,Phycocyanin,5.23,10/14/14,,,GoogleEarth,No,No,,,,,,,,,,,,,,,,,,,
"Ryan Brown, Amanda Murby",UNH Center for Freshwater Biology,,Attitash,NH,,09/09/14,"CFB, Haney, Murby",sunny,Blank,1,42.849044,-70.982824,,Yes,Yes,Chlorophyll,0.00,10/14/14,,,GoogleEarth,No,No,,,,,,,,,,,,,,,,,,,
"Ryan Brown, Amanda Murby",UNH Center for Freshwater Biology,,Attitash,NH,,09/09/14,"CFB, Haney, Murby",sunny,Blank,1,42.849044,-70.982824,,Yes,Yes,Chlorophyll,0.00,10/14/14,,,GoogleEarth,No,No,,,,,,,,,,,,,,,,,,,
"Ryan Brown, Amanda Murby",UNH Center for Freshwater Biology,,Attitash,NH,,09/09/14,"CFB, Haney, Murby",sunny,Blank,1,42.849044,-70.982824,,Yes,Yes,Chlorophyll,0.00,10/14/14,,,GoogleEarth,No,No,,,,,,,,,,,,,,,,,,,
"Ryan Brown, Amanda Murby",UNH Center for Freshwater Biology,,Attitash,NH,,09/09/14,"CFB, Haney, Murby",sunny,Blank,1,42.849044,-70.982824,,Yes,Yes,Chlorophyll,0.00,10/14/14,,,GoogleEarth,No,No,,,,,,,,,,,,,,,,,,,
"Ryan Brown, Amanda Murby",UNH Center for Freshwater Biology,,Attitash,NH,,09/09/14,"CFB, Haney, Murby",sunny,WL-1,1,42.849044,-70.982824,,Yes,Yes,Chlorophyll,0.55,10/14/14,,,GoogleEarth,No,No,,,,,,,,,,,,,,,,,,,
"Ryan Brown, Amanda Murby",UNH Center for Freshwater Biology,,Attitash,NH,,09/09/14,"CFB, Haney, Murby",sunny,WL-2,1,42.849044,-70.982824,,Yes,Yes,Chlorophyll,0.55,10/14/14,,,GoogleEarth,No,No,,,,,,,,,,,,,,,,,,,
"Ryan Brown, Amanda Murby",UNH Center for Freshwater Biology,,Attitash,NH,,09/09/14,"CFB, Haney, Murby",sunny,WL-3,1,42.849044,-70.982824,,Yes,Yes,Chlorophyll,0.55,10/14/14,,,GoogleEarth,No,No,,,,,,,,,,,,,,,,,,,
"Ryan Brown, Amanda Murby",UNH Center for Freshwater Biology,,Attitash,NH,,09/09/14,"CFB, Haney, Murby",sunny,WL-1,1,42.849044,-70.982824,,Yes,Yes,Chlorophyll,0.51,10/14/14,,,GoogleEarth,No,No,,,,,,,,,,,,,,,,,,,
"Ryan Brown, Amanda Murby",UNH Center for Freshwater Biology,,Attitash,NH,,09/09/14,"CFB, Haney, Murby",sunny,WL-2,1,42.849044,-70.982824,,Yes,Yes,Chlorophyll,0.51,10/14/14,,,GoogleEarth,No,No,,,,,,,,,,,,,,,,,,,
"Ryan Brown, Amanda Murby",UNH Center for Freshwater Biology,,Attitash,NH,,09/09/14,"CFB, Haney, Murby",sunny,WL-3,1,42.849044,-70.982824,,Yes,Yes,Chlorophyll,0.49,10/14/14,,,GoogleEarth,No,No,,,,,,,,,,,,,,,,,,,
"Ryan Brown, Amanda Murby",UNH Center for Freshwater Biology,,Attitash,NH,,09/09/14,"CFB, Haney, Murby",sunny,WL-1,1,42.849044,-70.982824,,Yes,Yes,Chlorophyll,0.48,10/14/14,,,GoogleEarth,No,No,,,,,,,,,,,,,,,,,,,
"Ryan Brown, Amanda Murby",UNH Center for Freshwater Biology,,Attitash,NH,,09/09/14,"CFB, Haney, Murby",sunny,WL-2,1,42.849044,-70.982824,,Yes,Yes,Chlorophyll,0.48,10/14/14,,,GoogleEarth,No,No,,,,,,,,,,,,,,,,,,,
"Ryan Brown, Amanda Murby",UNH Center for Freshwater Biology,,Attitash,NH,,09/09/14,"CFB, Haney, Murby",sunny,WL-3,1,42.849044,-70.982824,,Yes,Yes,Chlorophyll,0.48,10/14/14,,,GoogleEarth,No,No,,,,,,,,,,,,,,,,,,,
"Ryan Brown, Amanda Murby",UNH Center for Freshwater Biology,,Williand,NH,,09/30/14,"CFB, Haney, Murby",,Blank,,,,,No,Yes,Phycocyanin,0.10,10/16/14,,,GoogleEarth,No,No,,,,,,,,,,,,,,,,,,,
"Ryan Brown, Amanda Murby",UNH Center for Freshwater Biology,,Williand,NH,,09/30/14,"CFB, Haney, Murby",,Blank,,,,,No,Yes,Phycocyanin,0.10,10/16/14,,,GoogleEarth,No,No,,,,,,,,,,,,,,,,,,,
"Ryan Brown, Amanda Murby",UNH Center for Freshwater Biology,,Williand,NH,,09/30/14,"CFB, Haney, Murby",,Blank,,,,,No,Yes,Phycocyanin,0.10,10/16/14,,,GoogleEarth,No,No,,,,,,,,,,,,,,,,,,,
"Ryan Brown, Amanda Murby",UNH Center for Freshwater Biology,,Williand,NH,,09/30/14,"CFB, Haney, Murby",cloudy,WL-1,4.27,43.228081,-70.887625,,No,Yes,Phycocyanin,0.10,10/16/14,,,GoogleEarth,No,No,,,,,,,,,,,,,,,,,,,
"Ryan Brown, Amanda Murby",UNH Center for Freshwater Biology,,Williand,NH,,09/30/14,"CFB, Haney, Murby",cloudy,WL-2,4.27,43.228081,-70.887625,,No,Yes,Phycocyanin,0.10,10/16/14,,,GoogleEarth,No,No,,,,,,,,,,,,,,,,,,,
"Ryan Brown, Amanda Murby",UNH Center for Freshwater Biology,,Williand,NH,,09/30/14,"CFB, Haney, Murby",cloudy,WL-3,4.27,43.228081,-70.887625,,No,Yes,Phycocyanin,0.10,10/16/14,,,GoogleEarth,No,No,,,,,,,,,,,,,,,,,,,
"Ryan Brown, Amanda Murby",UNH Center for Freshwater Biology,,Williand,NH,,09/30/14,"CFB, Haney, Murby",cloudy,WL-1,8.37,43.228081,-70.887625,,No,Yes,Phycocyanin,156.99,10/16/14,,,GoogleEarth,No,No,,,,,,,,,,,,,,,,,,,
"Ryan Brown, Amanda Murby",UNH Center for Freshwater Biology,,Williand,NH,,09/30/14,"CFB, Haney, Murby",cloudy,WL-2,8.37,43.228081,-70.887625,,No,Yes,Phycocyanin,151.29,10/16/14,,,GoogleEarth,No,No,,,,,,,,,,,,,,,,,,,
"Ryan Brown, Amanda Murby",UNH Center for Freshwater Biology,,Williand,NH,,09/30/14,"CFB, Haney, Murby",cloudy,WL-3,8.37,43.228081,-70.887625,,No,Yes,Phycocyanin,154.92,10/16/14,,,GoogleEarth,No,No,,,,,,,,,,,,,,,,,,,
"Ryan Brown, Amanda Murby",UNH Center for Freshwater Biology,,Williand,NH,,09/30/14,"CFB, Haney, Murby",cloudy,WL-1,8.27,43.228081,-70.887625,,No,Yes,Phycocyanin,159.06,10/16/14,,,GoogleEarth,No,No,,,,,,,,,,,,,,,,,,,
"Ryan Brown, Amanda Murby",UNH Center for Freshwater Biology,,Williand,NH,,09/30/14,"CFB, Haney, Murby",cloudy,WL-2,8.27,43.228081,-70.887625,,No,Yes,Phycocyanin,154.04,10/16/14,,,GoogleEarth,No,No,,,,,,,,,,,,,,,,,,,
"Ryan Brown, Amanda Murby",UNH Center for Freshwater Biology,,Williand,NH,,09/30/14,"CFB, Haney, Murby",cloudy,WL-3,8.27,43.228081,-70.887625,,No,Yes,Phycocyanin,155.44,10/16/14,,,GoogleEarth,No,No,,,,,,,,,,,,,,,,,,,
"Ryan Brown, Amanda Murby",UNH Center for Freshwater Biology,,Williand,NH,,09/30/14,"CFB, Haney, Murby",cloudy,Blank,,43.228081,-70.887625,,No,Yes,Chlorophyll,0.00,10/16/14,,,GoogleEarth,No,No,,,,,,,,,,,,,,,,,,,
"Ryan Brown, Amanda Murby",UNH Center for Freshwater Biology,,Williand,NH,,09/30/14,"CFB, Haney, Murby",cloudy,Blank,,43.228081,-70.887625,,No,Yes,Chlorophyll,0.00,10/16/14,,,GoogleEarth,No,No,,,,,,,,,,,,,,,,,,,
"Ryan Brown, Amanda Murby",UNH Center for Freshwater Biology,,Williand,NH,,09/30/14,"CFB, Haney, Murby",cloudy,Blank,,43.228081,-70.887625,,No,Yes,Chlorophyll,0.00,10/16/14,,,GoogleEarth,No,No,,,,,,,,,,,,,,,,,,,
"Ryan Brown, Amanda Murby",UNH Center for Freshwater Biology,,Williand,NH,,09/30/14,"CFB, Haney, Murby",cloudy,WL-1,1,43.228081,-70.887625,,No,Yes,Chlorophyll,0.30,10/16/14,,,GoogleEarth,No,No,,,,,,,,,,,,,,,,,,,
"Ryan Brown, Amanda Murby",UNH Center for Freshwater Biology,,Williand,NH,,09/30/14,"CFB, Haney, Murby",cloudy,WL-2,1,43.228081,-70.887625,,No,Yes,Chlorophyll,0.30,10/16/14,,,GoogleEarth,No,No,,,,,,,,,,,,,,,,,,,
"Ryan Brown, Amanda Murby",UNH Center for Freshwater Biology,,Williand,NH,,09/30/14,"CFB, Haney, Murby",cloudy,WL-3,1,43.228081,-70.887625,,No,Yes,Chlorophyll,0.30,10/16/14,,,GoogleEarth,No,No,,,,,,,,,,,,,,,,,,,
"Ryan Brown, Amanda Murby",UNH Center for Freshwater Biology,,Williand,NH,,09/30/14,"CFB, Haney, Murby",cloudy,WL-4,1,43.228081,-70.887625,,No,Yes,Chlorophyll,0.32,10/16/14,,,GoogleEarth,No,No,,,,,,,,,,,,,,,,,,,
"Ryan Brown, Amanda Murby",UNH Center for Freshwater Biology,,Williand,NH,,09/30/14,"CFB, Haney, Murby",cloudy,WL-5,1,43.228081,-70.887625,,No,Yes,Chlorophyll,0.29,10/16/14,,,GoogleEarth,No,No,,,,,,,,,,,,,,,,,,,
"Ryan Brown, Amanda Murby",UNH Center for Freshwater Biology,,Williand,NH,,09/30/14,"CFB, Haney, Murby",cloudy,WL-6,1,43.228081,-70.887625,,No,Yes,Chlorophyll,0.29,10/16/14,,,GoogleEarth,No,No,,,,,,,,,,,,,,,,,,,
"Ryan Brown, Amanda Murby",UNH Center for Freshwater Biology,,Williand,NH,,09/30/14,"CFB, Haney, Murby",cloudy,WL-7,1,43.228081,-70.887625,,No,Yes,Chlorophyll,0.29,10/16/14,,,GoogleEarth,No,No,,,,,,,,,,,,,,,,,,,
"Ryan Brown, Amanda Murby",UNH Center for Freshwater Biology,,Williand,NH,,09/30/14,"CFB, Haney, Murby",cloudy,WL-8,1,43.228081,-70.887625,,No,Yes,Chlorophyll,0.24,10/16/14,,,GoogleEarth,No,No,,,,,,,,,,,,,,,,,,,
"Ryan Brown, Amanda Murby",UNH Center for Freshwater Biology,,Williand,NH,,09/30/14,"CFB, Haney, Murby",cloudy,WL-1,4.27,43.228081,-70.887625,,No,Yes,Chlorophyll,1.11,10/16/14,,,GoogleEarth,No,No,,,,,,,,,,,,,,,,,,,
"Ryan Brown, Amanda Murby",UNH Center for Freshwater Biology,,Williand,NH,,09/30/14,"CFB, Haney, Murby",cloudy,WL-2,4.27,43.228081,-70.887625,,No,Yes,Chlorophyll,1.11,10/16/14,,,GoogleEarth,No,No,,,,,,,,,,,,,,,,,,,
"Ryan Brown, Amanda Murby",UNH Center for Freshwater Biology,,Williand,NH,,09/30/14,"CFB, Haney, Murby",cloudy,WL-3,4.27,43.228081,-70.887625,,No,Yes,Chlorophyll,1.08,10/16/14,,,GoogleEarth,No,No,,,,,,,,,,,,,,,,,,,
"Ryan Brown, Amanda Murby",UNH Center for Freshwater Biology,,Williand,NH,,09/30/14,"CFB, Haney, Murby",cloudy,WL-1,8.37,43.228081,-70.887625,,No,Yes,Chlorophyll,4.66,10/16/14,,,GoogleEarth,No,No,,,,,,,,,,,,,,,,,,,
"Ryan Brown, Amanda Murby",UNH Center for Freshwater Biology,,Williand,NH,,09/30/14,"CFB, Haney, Murby",cloudy,WL-2,8.37,43.228081,-70.887625,,No,Yes,Chlorophyll,4.55,10/16/14,,,GoogleEarth,No,No,,,,,,,,,,,,,,,,,,,
"Ryan Brown, Amanda Murby",UNH Center for Freshwater Biology,,Williand,NH,,09/30/14,"CFB, Haney, Murby",cloudy,WL-3,8.37,43.228081,-70.887625,,No,Yes,Chlorophyll,4.19,10/16/14,,,GoogleEarth,No,No,,,,,,,,,,,,,,,,,,,
"Ryan Brown, Amanda Murby",UNH Center for Freshwater Biology,,Williand,NH,,09/30/14,"CFB, Haney, Murby",cloudy,WL-1,8.27,43.228081,-70.887625,,No,Yes,Chlorophyll,3.82,10/16/14,,,GoogleEarth,No,No,,,,,,,,,,,,,,,,,,,
"Ryan Brown, Amanda Murby",UNH Center for Freshwater Biology,,Williand,NH,,09/30/14,"CFB, Haney, Murby",cloudy,WL-2,8.27,43.228081,-70.887625,,No,Yes,Chlorophyll,3.57,10/16/14,,,GoogleEarth,No,No,,,,,,,,,,,,,,,,,,,
"Ryan Brown, Amanda Murby",UNH Center for Freshwater Biology,,Williand,NH,,09/30/14,"CFB, Haney, Murby",cloudy,WL-3,8.27,43.228081,-70.887625,,No,Yes,Chlorophyll,3.97,10/16/14,,,GoogleEarth,No,No,,,,,,,,,,,,,,,,,,,
"Ryan Brown, Amanda Murby",UNH Center for Freshwater Biology,,Baboosic,NH,,,"LLMP, Kiddo, Craycraft",,Blank,,,,,No,Yes,Phycocyanin,0.10,10/16/14,,,GoogleEarth,No,Yes,"approx. GPS, not defined by separate sites",,,,,,,,,,,,,,,,,,
"Ryan Brown, Amanda Murby",UNH Center for Freshwater Biology,,Baboosic,NH,,,"LLMP, Kiddo, Craycraft",,Blank,,,,,No,Yes,Phycocyanin,0.10,10/16/14,,,GoogleEarth,No,Yes,,,,,,,,,,,,,,,,,,,
"Ryan Brown, Amanda Murby",UNH Center for Freshwater Biology,,Baboosic,NH,,,"LLMP, Kiddo, Craycraft",,Blank,,,,,No,Yes,Phycocyanin,0.10,10/16/14,,,GoogleEarth,No,Yes,,,,,,,,,,,,,,,,,,,
"Ryan Brown, Amanda Murby",UNH Center for Freshwater Biology,,Baboosic,NH,,,"LLMP, Kiddo, Craycraft",,Blank,,,,,No,Yes,Phycocyanin,0.10,10/16/14,,,GoogleEarth,No,Yes,,,,,,,,,,,,,,,,,,,
"Ryan Brown, Amanda Murby",UNH Center for Freshwater Biology,,Baboosic,NH,Sharks Location,07/30/14,"LLMP, Kiddo, Craycraft",,SS-1,0,42.883531,-71.577089,,No,Yes,Phycocyanin,70.51,10/16/14,,,GoogleEarth,No,Yes,,,,,,,,,,,,,,,,,,,
"Ryan Brown, Amanda Murby",UNH Center for Freshwater Biology,,Baboosic,NH,Sharks Location,07/30/14,"LLMP, Kiddo, Craycraft",,SS-2,0,42.883531,-71.577089,,No,Yes,Phycocyanin,57.06,10/16/14,,,GoogleEarth,No,Yes,,,,,,,,,,,,,,,,,,,
"Ryan Brown, Amanda Murby",UNH Center for Freshwater Biology,,Baboosic,NH,Sharks Location,07/30/14,"LLMP, Kiddo, Craycraft",,SS-3,0,42.883531,-71.577089,,No,Yes,Phycocyanin,66.37,10/16/14,,,GoogleEarth,No,Yes,,,,,,,,,,,,,,,,,,,
"Ryan Brown, Amanda Murby",UNH Center for Freshwater Biology,,Baboosic,NH,Sharks Location,07/30/14,"LLMP, Kiddo, Craycraft",,SS-4,0,42.883531,-71.577089,,No,Yes,Phycocyanin,71.55,10/16/14,,,GoogleEarth,No,Yes,,,,,,,,,,,,,,,,,,,
"Ryan Brown, Amanda Murby",UNH Center for Freshwater Biology,,Baboosic,NH,Sharks Location,07/30/14,"LLMP, Kiddo, Craycraft",,SS-5,0,42.883531,-71.577089,,No,Yes,Phycocyanin,42.58,10/16/14,,,GoogleEarth,No,Yes,,,,,,,,,,,,,,,,,,,
"Ryan Brown, Amanda Murby",UNH Center for Freshwater Biology,,Baboosic,NH,Sharks Location,07/30/14,"LLMP, Kiddo, Craycraft",,SS-6,0,42.883531,-71.577089,,No,Yes,Phycocyanin,46.20,10/16/14,,,GoogleEarth,No,Yes,,,,,,,,,,,,,,,,,,,
"Ryan Brown, Amanda Murby",UNH Center for Freshwater Biology,,Baboosic,NH,Sharks Location,07/30/14,"LLMP, Kiddo, Craycraft",,SS-7,0,42.883531,-71.577089,,No,Yes,Phycocyanin,68.96,10/16/14,,,GoogleEarth,No,Yes,,,,,,,,,,,,,,,,,,,
"Ryan Brown, Amanda Murby",UNH Center for Freshwater Biology,,Baboosic,NH,Sharks Location,07/30/14,"LLMP, Kiddo, Craycraft",,SS-8,0,42.883531,-71.577089,,No,Yes,Phycocyanin,60.17,10/16/14,,,GoogleEarth,No,Yes,,,,,,,,,,,,,,,,,,,
"Ryan Brown, Amanda Murby",UNH Center for Freshwater Biology,,Baboosic,NH,Sharks Location,07/30/14,"LLMP, Kiddo, Craycraft",,SS-9,0,42.883531,-71.577089,,No,Yes,Phycocyanin,53.96,10/16/14,,,GoogleEarth,No,Yes,,,,,,,,,,,,,,,,,,,
"Ryan Brown, Amanda Murby",UNH Center for Freshwater Biology,,Baboosic,NH,East Shore,08/01/14,"LLMP, Kiddo, Craycraft",,SS-1,0,42.883531,-71.577089,,No,Yes,Phycocyanin,6003.91,10/16/14,,,GoogleEarth,No,Yes,,,,,,,,,,,,,,,,,,,
"Ryan Brown, Amanda Murby",UNH Center for Freshwater Biology,,Baboosic,NH,East Shore,08/01/14,"LLMP, Kiddo, Craycraft",,SS-2,0,42.883531,-71.577089,,No,Yes,Phycocyanin,6142.78,10/16/14,,,GoogleEarth,No,Yes,,,,,,,,,,,,,,,,,,,
"Ryan Brown, Amanda Murby",UNH Center for Freshwater Biology,,Baboosic,NH,East Shore,08/01/14,"LLMP, Kiddo, Craycraft",,SS-3,0,42.883531,-71.577089,,No,Yes,Phycocyanin,6656.80,10/16/14,,,GoogleEarth,No,Yes,,,,,,,,,,,,,,,,,,,
"Ryan Brown, Amanda Murby",UNH Center for Freshwater Biology,,Baboosic,NH,East Shore,08/01/14,"LLMP, Kiddo, Craycraft",,SS-4,0,42.883531,-71.577089,,No,Yes,Phycocyanin,6501.87,10/16/14,,,GoogleEarth,No,Yes,,,,,,,,,,,,,,,,,,,
"Ryan Brown, Amanda Murby",UNH Center for Freshwater Biology,,Baboosic,NH,East Shore,08/01/14,"LLMP, Kiddo, Craycraft",,SS-5,0,42.883531,-71.577089,,No,Yes,Phycocyanin,6429.32,10/16/14,,,GoogleEarth,No,Yes,,,,,,,,,,,,,,,,,,,
"Ryan Brown, Amanda Murby",UNH Center for Freshwater Biology,,Baboosic,NH,East Shore,08/01/14,"LLMP, Kiddo, Craycraft",,SS-6,0,42.883531,-71.577089,,No,Yes,Phycocyanin,6421.03,10/16/14,,,GoogleEarth,No,Yes,,,,,,,,,,,,,,,,,,,
"Ryan Brown, Amanda Murby",UNH Center for Freshwater Biology,,Baboosic,NH,East Shore,08/01/14,"LLMP, Kiddo, Craycraft",,SS-7,0,42.883531,-71.577089,,No,Yes,Phycocyanin,5978.00,10/16/14,,,GoogleEarth,No,Yes,,,,,,,,,,,,,,,,,,,
"Ryan Brown, Amanda Murby",UNH Center for Freshwater Biology,,Baboosic,NH,East Shore,08/01/14,"LLMP, Kiddo, Craycraft",,SS-8,0,42.883531,-71.577089,,No,Yes,Phycocyanin,6355.74,10/16/14,,,GoogleEarth,No,Yes,,,,,,,,,,,,,,,,,,,
"Ryan Brown, Amanda Murby",UNH Center for Freshwater Biology,,Baboosic,NH,East Shore,08/01/14,"LLMP, Kiddo, Craycraft",,SS-9,0,42.883531,-71.577089,,No,Yes,Phycocyanin,6587.36,10/16/14,,,GoogleEarth,No,Yes,,,,,,,,,,,,,,,,,,,
"Ryan Brown, Amanda Murby",UNH Center for Freshwater Biology,,Baboosic,NH,East Shore,08/01/14,"LLMP, Kiddo, Craycraft",,SS-10,0,42.883531,-71.577089,,No,Yes,Phycocyanin,6522.08,10/16/14,,,GoogleEarth,No,Yes,,,,,,,,,,,,,,,,,,,
"Ryan Brown, Amanda Murby",UNH Center for Freshwater Biology,,Baboosic,NH,East Shore,08/01/14,"LLMP, Kiddo, Craycraft",,SS-11,0,42.883531,-71.577089,,No,Yes,Phycocyanin,6764.06,10/16/14,,,GoogleEarth,No,Yes,,,,,,,,,,,,,,,,,,,
"Ryan Brown, Amanda Murby",UNH Center for Freshwater Biology,,Baboosic,NH,East Shore,08/01/14,"LLMP, Kiddo, Craycraft",,Blank,,42.883531,-71.577089,,No,Yes,Phycocyanin,6893.08,10/16/14,,,GoogleEarth,No,Yes,,,,,,,,,,,,,,,,,,,
"Ryan Brown, Amanda Murby",UNH Center for Freshwater Biology,,Baboosic,NH,East Shore,08/01/14,"LLMP, Kiddo, Craycraft",,Blank,,42.883531,-71.577089,,No,Yes,Chlorophyll,0.00,10/16/14,,,GoogleEarth,No,Yes,,,,,,,,,,,,,,,,,,,
"Ryan Brown, Amanda Murby",UNH Center for Freshwater Biology,,Baboosic,NH,East Shore,08/01/14,"LLMP, Kiddo, Craycraft",,Blank,,42.883531,-71.577089,,No,Yes,Chlorophyll,0.00,10/16/14,,,GoogleEarth,No,Yes,,,,,,,,,,,,,,,,,,,
"Ryan Brown, Amanda Murby",UNH Center for Freshwater Biology,,Baboosic,NH,East Shore,08/01/14,"LLMP, Kiddo, Craycraft",,Blank,,42.883531,-71.577089,,No,Yes,Chlorophyll,0.00,10/16/14,,,GoogleEarth,No,Yes,,,,,,,,,,,,,,,,,,,
"Ryan Brown, Amanda Murby",UNH Center for Freshwater Biology,,Baboosic,NH,East Shore,08/01/14,"LLMP, Kiddo, Craycraft",,,0,42.883531,-71.577089,,No,Yes,Chlorophyll,1.17,10/16/14,,,GoogleEarth,No,Yes,,,,,,,,,,,,,,,,,,,
"Ryan Brown, Amanda Murby",UNH Center for Freshwater Biology,,Baboosic,NH,Sharks Location,07/30/14,"LLMP, Kiddo, Craycraft",,,0,42.883531,-71.577089,,No,Yes,Chlorophyll,1.17,10/16/14,,,GoogleEarth,No,Yes,,,,,,,,,,,,,,,,,,,
"Ryan Brown, Amanda Murby",UNH Center for Freshwater Biology,,Baboosic,NH,Sharks Location,07/30/14,"LLMP, Kiddo, Craycraft",,,0,42.883531,-71.577089,,No,Yes,Chlorophyll,1.16,10/16/14,,,GoogleEarth,No,Yes,,,,,,,,,,,,,,,,,,,
"Ryan Brown, Amanda Murby",UNH Center for Freshwater Biology,,Baboosic,NH,Sharks Location,07/30/14,"LLMP, Kiddo, Craycraft",,,0,42.883531,-71.577089,,No,Yes,Chlorophyll,1.16,10/16/14,,,GoogleEarth,No,Yes,,,,,,,,,,,,,,,,,,,
"Ryan Brown, Amanda Murby",UNH Center for Freshwater Biology,,Baboosic,NH,Sharks Location,07/30/14,"LLMP, Kiddo, Craycraft",,,0,42.883531,-71.577089,,No,Yes,Chlorophyll,1.35,10/16/14,,,GoogleEarth,No,Yes,,,,,,,,,,,,,,,,,,,
"Ryan Brown, Amanda Murby",UNH Center for Freshwater Biology,,Baboosic,NH,Sharks Location,07/30/14,"LLMP, Kiddo, Craycraft",,,0,42.883531,-71.577089,,No,Yes,Chlorophyll,1.10,10/16/14,,,GoogleEarth,No,Yes,,,,,,,,,,,,,,,,,,,
"Ryan Brown, Amanda Murby",UNH Center for Freshwater Biology,,Baboosic,NH,Sharks Location,07/30/14,"LLMP, Kiddo, Craycraft",,,0,42.883531,-71.577089,,No,Yes,Chlorophyll,1.20,10/16/14,,,GoogleEarth,No,Yes,,,,,,,,,,,,,,,,,,,
"Ryan Brown, Amanda Murby",UNH Center for Freshwater Biology,,Baboosic,NH,Sharks Location,07/30/14,"LLMP, Kiddo, Craycraft",,,0,42.883531,-71.577089,,No,Yes,Chlorophyll,1.29,10/16/14,,,GoogleEarth,No,Yes,,,,,,,,,,,,,,,,,,,
"Ryan Brown, Amanda Murby",UNH Center for Freshwater Biology,,Baboosic,NH,Sharks Location,07/30/14,"LLMP, Kiddo, Craycraft",,,0,42.883531,-71.577089,,No,Yes,Chlorophyll,1.33,10/16/14,,,GoogleEarth,No,Yes,,,,,,,,,,,,,,,,,,,
"Ryan Brown, Amanda Murby",UNH Center for Freshwater Biology,,Baboosic,NH,Sharks Location,07/30/14,"LLMP, Kiddo, Craycraft",,,0,42.883531,-71.577089,,No,Yes,Chlorophyll,1.30,10/16/14,,,GoogleEarth,No,Yes,,,,,,,,,,,,,,,,,,,
"Ryan Brown, Amanda Murby",UNH Center for Freshwater Biology,,Baboosic,NH,East Shore,08/01/14,"LLMP, Kiddo, Craycraft",,,0,42.883531,-71.577089,,No,Yes,Chlorophyll,41.29,10/16/14,,,GoogleEarth,No,Yes,,,,,,,,,,,,,,,,,,,
"Ryan Brown, Amanda Murby",UNH Center for Freshwater Biology,,Baboosic,NH,East Shore,08/01/14,"LLMP, Kiddo, Craycraft",,,0,42.883531,-71.577089,,No,Yes,Chlorophyll,41.09,10/16/14,,,GoogleEarth,No,Yes,,,,,,,,,,,,,,,,,,,
"Ryan Brown, Amanda Murby",UNH Center for Freshwater Biology,,Baboosic,NH,East Shore,08/01/14,"LLMP, Kiddo, Craycraft",,,0,42.883531,-71.577089,,No,Yes,Chlorophyll,41.60,10/16/14,,,GoogleEarth,No,Yes,,,,,,,,,,,,,,,,,,,
"Ryan Brown, Amanda Murby",UNH Center for Freshwater Biology,,Baboosic,NH,East Shore,08/01/14,"LLMP, Kiddo, Craycraft",,,0,42.883531,-71.577089,,No,Yes,Chlorophyll,39.94,10/16/14,,,GoogleEarth,No,Yes,,,,,,,,,,,,,,,,,,,
"Ryan Brown, Amanda Murby",UNH Center for Freshwater Biology,,Baboosic,NH,East Shore,08/01/14,"LLMP, Kiddo, Craycraft",,,0,42.883531,-71.577089,,No,Yes,Chlorophyll,40.62,10/16/14,,,GoogleEarth,No,Yes,,,,,,,,,,,,,,,,,,,
"Ryan Brown, Amanda Murby",UNH Center for Freshwater Biology,,Baboosic,NH,East Shore,08/01/14,"LLMP, Kiddo, Craycraft",,,0,42.883531,-71.577089,,No,Yes,Chlorophyll,41.43,10/16/14,,,GoogleEarth,No,Yes,,,,,,,,,,,,,,,,,,,
"Ryan Brown, Amanda Murby",UNH Center for Freshwater Biology,,Baboosic,NH,East Shore,08/01/14,"LLMP, Kiddo, Craycraft",,,0,42.883531,-71.577089,,No,Yes,Chlorophyll,40.06,10/16/14,,,GoogleEarth,No,Yes,,,,,,,,,,,,,,,,,,,
"Ryan Brown, Amanda Murby",UNH Center for Freshwater Biology,,Baboosic,NH,East Shore,08/01/14,"LLMP, Kiddo, Craycraft",,,0,42.883531,-71.577089,,No,Yes,Chlorophyll,41.25,10/16/14,,,GoogleEarth,No,Yes,,,,,,,,,,,,,,,,,,,
"Ryan Brown, Amanda Murby",UNH Center for Freshwater Biology,,Baboosic,NH,East Shore,08/01/14,"LLMP, Kiddo, Craycraft",,,0,42.883531,-71.577089,,No,Yes,Chlorophyll,41.69,10/16/14,,,GoogleEarth,No,Yes,,,,,,,,,,,,,,,,,,,
"Ryan Brown, Amanda Murby",UNH Center for Freshwater Biology,,Baboosic,NH,East Shore,08/01/14,"LLMP, Kiddo, Craycraft",,,0,42.883531,-71.577089,,No,Yes,Chlorophyll,43.57,10/16/14,,,GoogleEarth,No,Yes,,,,,,,,,,,,,,,,,,,
"Ryan Brown, Amanda Murby",UNH Center for Freshwater Biology,,Baboosic,NH,East Shore,08/01/14,"LLMP, Kiddo, Craycraft",,,0,42.883531,-71.577089,,No,Yes,Chlorophyll,43.14,10/16/14,,,GoogleEarth,No,Yes,,,,,,,,,,,,,,,,,,,
"Ryan Brown, Amanda Murby",UNH Center for Freshwater Biology,,Baboosic,NH,East Shore,08/01/14,"LLMP, Kiddo, Craycraft",,,0,42.883531,-71.577089,,No,Yes,Chlorophyll,42.95,10/16/14,,,GoogleEarth,No,Yes,,,,,,,,,,,,,,,,,,,
Ryan Brown,UNH Center for Freshwater Biology,,Lovell,NH,,,"LLMP, Bob Craycraft",,Blank,,43.543928,-71.012252,,No,Yes,Phycocyanin,0.10,10/16/14,,,GoogleEarth,No,Yes,Need GPS locations,,,,,,,,,,,,,,,,,,
Ryan Brown,UNH Center for Freshwater Biology,,Lovell,NH,,,"LLMP, Bob Craycraft",,Blank,,43.543928,-71.012252,,No,Yes,Phycocyanin,0.10,10/16/14,,,GoogleEarth,No,Yes,,,,,,,,,,,,,,,,,,,
Ryan Brown,UNH Center for Freshwater Biology,,Lovell,NH,,,"LLMP, Bob Craycraft",,Blank,,43.543928,-71.012252,,No,Yes,Phycocyanin,0.10,10/16/14,,,GoogleEarth,No,Yes,,,,,,,,,,,,,,,,,,,
Ryan Brown,UNH Center for Freshwater Biology,,Lovell,NH,,10/06/14,"LLMP, Bob Craycraft",,,0-6.0,43.543928,-71.012252,,No,Yes,Phycocyanin,4.70,10/16/14,,,GoogleEarth,No,Yes,,,,,,,,,,,,,,,,,,,
Ryan Brown,UNH Center for Freshwater Biology,,Lovell,NH,,10/06/14,"LLMP, Bob Craycraft",,,0-6.0,43.543928,-71.012252,,No,Yes,Phycocyanin,5.26,10/16/14,,,GoogleEarth,No,Yes,,,,,,,,,,,,,,,,,,,
Ryan Brown,UNH Center for Freshwater Biology,,Lovell,NH,,10/06/14,"LLMP, Bob Craycraft",,,0-6.0,43.543928,-71.012252,,No,Yes,Phycocyanin,5.23,10/16/14,,,GoogleEarth,No,Yes,,,,,,,,,,,,,,,,,,,
Ryan Brown,UNH Center for Freshwater Biology,,Lovell,NH,,08/25/14,"LLMP, Bob Craycraft",,,0-6.5,43.543928,-71.012252,,No,Yes,Phycocyanin,0.10,10/16/14,,,GoogleEarth,No,Yes,,,,,,,,,,,,,,,,,,,
Ryan Brown,UNH Center for Freshwater Biology,,Lovell,NH,,08/25/14,"LLMP, Bob Craycraft",,,0-6.5,43.543928,-71.012252,,No,Yes,Phycocyanin,0.10,10/16/14,,,GoogleEarth,No,Yes,,,,,,,,,,,,,,,,,,,
Ryan Brown,UNH Center for Freshwater Biology,,Lovell,NH,,08/25/14,"LLMP, Bob Craycraft",,,0-6.5,43.543928,-71.012252,,No,Yes,Phycocyanin,0.10,10/16/14,,,GoogleEarth,No,Yes,,,,,,,,,,,,,,,,,,,
Ryan Brown,UNH Center for Freshwater Biology,,Lovell,NH,,09/22/14,"LLMP, Bob Craycraft",,,0-6.5,43.543928,-71.012252,,No,Yes,Phycocyanin,0.10,10/16/14,,,GoogleEarth,No,Yes,,,,,,,,,,,,,,,,,,,
Ryan Brown,UNH Center for Freshwater Biology,,Lovell,NH,,09/22/14,"LLMP, Bob Craycraft",,,0-6.5,43.543928,-71.012252,,No,Yes,Phycocyanin,0.10,10/16/14,,,GoogleEarth,No,Yes,,,,,,,,,,,,,,,,,,,
Ryan Brown,UNH Center for Freshwater Biology,,Lovell,NH,,09/22/14,"LLMP, Bob Craycraft",,,0-6.5,43.543928,-71.012252,,No,Yes,Phycocyanin,0.10,10/16/14,,,GoogleEarth,No,Yes,,,,,,,,,,,,,,,,,,,
Ryan Brown,UNH Center for Freshwater Biology,,Lovell,NH,,08/25/14,"LLMP, Bob Craycraft",,,0-7.5,43.543928,-71.012252,,No,Yes,Phycocyanin,0.10,10/16/14,,,GoogleEarth,No,Yes,,,,,,,,,,,,,,,,,,,
Ryan Brown,UNH Center for Freshwater Biology,,Lovell,NH,,08/25/14,"LLMP, Bob Craycraft",,,0-7.5,43.543928,-71.012252,,No,Yes,Phycocyanin,0.10,10/16/14,,,GoogleEarth,No,Yes,,,,,,,,,,,,,,,,,,,
Ryan Brown,UNH Center for Freshwater Biology,,Lovell,NH,,08/25/14,"LLMP, Bob Craycraft",,,0-7.5,43.543928,-71.012252,,No,Yes,Phycocyanin,0.10,10/16/14,,,GoogleEarth,No,Yes,,,,,,,,,,,,,,,,,,,
Ryan Brown,UNH Center for Freshwater Biology,,Lovell,NH,,09/22/14,"LLMP, Bob Craycraft",,,0-7.5,43.543928,-71.012252,,No,Yes,Phycocyanin,0.10,10/16/14,,,GoogleEarth,No,Yes,,,,,,,,,,,,,,,,,,,
Ryan Brown,UNH Center for Freshwater Biology,,Lovell,NH,,09/22/14,"LLMP, Bob Craycraft",,,0-7.5,43.543928,-71.012252,,No,Yes,Phycocyanin,0.10,10/16/14,,,GoogleEarth,No,Yes,,,,,,,,,,,,,,,,,,,
Ryan Brown,UNH Center for Freshwater Biology,,Lovell,NH,,09/22/14,"LLMP, Bob Craycraft",,,0-7.5,43.543928,-71.012252,,No,Yes,Phycocyanin,0.10,10/16/14,,,GoogleEarth,No,Yes,,,,,,,,,,,,,,,,,,,
Ryan Brown,UNH Center for Freshwater Biology,,Lovell,NH,,10/06/14,"LLMP, Bob Craycraft",,,0-8.0,43.543928,-71.012252,,No,Yes,Phycocyanin,0.10,10/16/14,,,GoogleEarth,No,Yes,,,,,,,,,,,,,,,,,,,
Ryan Brown,UNH Center for Freshwater Biology,,Lovell,NH,,10/06/14,"LLMP, Bob Craycraft",,,0-8.0,43.543928,-71.012252,,No,Yes,Phycocyanin,0.10,10/16/14,,,GoogleEarth,No,Yes,,,,,,,,,,,,,,,,,,,
Ryan Brown,UNH Center for Freshwater Biology,,Lovell,NH,,10/06/14,"LLMP, Bob Craycraft",,,0-8.0,43.543928,-71.012252,,No,Yes,Phycocyanin,0.10,10/16/14,,,GoogleEarth,No,Yes,,,,,,,,,,,,,,,,,,,
Ryan Brown,UNH Center for Freshwater Biology,,Lovell,NH,,,"LLMP, Bob Craycraft",,Blank,,43.543928,-71.012252,,No,Yes,Phycocyanin,0.10,10/16/14,,,GoogleEarth,No,Yes,,,,,,,,,,,,,,,,,,,
Ryan Brown,UNH Center for Freshwater Biology,,Lovell,NH,,,"LLMP, Bob Craycraft",,Blank,,43.543928,-71.012252,,No,Yes,Chlorophyll,0.00,10/16/14,,,GoogleEarth,No,Yes,,,,,,,,,,,,,,,,,,,
Ryan Brown,UNH Center for Freshwater Biology,,Lovell,NH,,,"LLMP, Bob Craycraft",,Blank,,43.543928,-71.012252,,No,Yes,Chlorophyll,0.00,10/16/14,,,GoogleEarth,No,Yes,,,,,,,,,,,,,,,,,,,
Ryan Brown,UNH Center for Freshwater Biology,,Lovell,NH,,,"LLMP, Bob Craycraft",,Blank,,43.543928,-71.012252,,No,Yes,Chlorophyll,0.00,10/16/14,,,GoogleEarth,No,Yes,,,,,,,,,,,,,,,,,,,
Ryan Brown,UNH Center for Freshwater Biology,,Lovell,NH,,10/06/14,"LLMP, Bob Craycraft",,,0-6.0,43.543928,-71.012252,,No,Yes,Chlorophyll,0.49,10/16/14,,,GoogleEarth,No,Yes,,,,,,,,,,,,,,,,,,,
Ryan Brown,UNH Center for Freshwater Biology,,Lovell,NH,,10/06/14,"LLMP, Bob Craycraft",,,0-6.0,43.543928,-71.012252,,No,Yes,Chlorophyll,0.48,10/16/14,,,GoogleEarth,No,Yes,,,,,,,,,,,,,,,,,,,
Ryan Brown,UNH Center for Freshwater Biology,,Lovell,NH,,10/06/14,"LLMP, Bob Craycraft",,,0-6.0,43.543928,-71.012252,,No,Yes,Chlorophyll,0.46,10/16/14,,,GoogleEarth,No,Yes,,,,,,,,,,,,,,,,,,,
Ryan Brown,UNH Center for Freshwater Biology,,Lovell,NH,,08/25/14,"LLMP, Bob Craycraft",,,0-6.5,43.543928,-71.012252,,No,Yes,Chlorophyll,0.43,10/16/14,,,GoogleEarth,No,Yes,,,,,,,,,,,,,,,,,,,
Ryan Brown,UNH Center for Freshwater Biology,,Lovell,NH,,08/25/14,"LLMP, Bob Craycraft",,,0-6.5,43.543928,-71.012252,,No,Yes,Chlorophyll,0.40,10/16/14,,,GoogleEarth,No,Yes,,,,,,,,,,,,,,,,,,,
Ryan Brown,UNH Center for Freshwater Biology,,Lovell,NH,,08/25/14,"LLMP, Bob Craycraft",,,0-6.5,43.543928,-71.012252,,No,Yes,Chlorophyll,0.42,10/16/14,,,GoogleEarth,No,Yes,,,,,,,,,,,,,,,,,,,
Ryan Brown,UNH Center for Freshwater Biology,,Lovell,NH,,09/22/14,"LLMP, Bob Craycraft",,,0-6.5,43.543928,-71.012252,,No,Yes,Chlorophyll,0.42,10/16/14,,,GoogleEarth,No,Yes,,,,,,,,,,,,,,,,,,,
Ryan Brown,UNH Center for Freshwater Biology,,Lovell,NH,,09/22/14,"LLMP, Bob Craycraft",,,0-6.5,43.543928,-71.012252,,No,Yes,Chlorophyll,0.45,10/16/14,,,GoogleEarth,No,Yes,,,,,,,,,,,,,,,,,,,
Ryan Brown,UNH Center for Freshwater Biology,,Lovell,NH,,09/22/14,"LLMP, Bob Craycraft",,,0-6.5,43.543928,-71.012252,,No,Yes,Chlorophyll,0.43,10/16/14,,,GoogleEarth,No,Yes,,,,,,,,,,,,,,,,,,,
Ryan Brown,UNH Center for Freshwater Biology,,Lovell,NH,,08/25/14,"LLMP, Bob Craycraft",,,0-7.5,43.543928,-71.012252,,No,Yes,Chlorophyll,0.42,10/16/14,,,GoogleEarth,No,Yes,,,,,,,,,,,,,,,,,,,
Ryan Brown,UNH Center for Freshwater Biology,,Lovell,NH,,08/25/14,"LLMP, Bob Craycraft",,,0-7.5,43.543928,-71.012252,,No,Yes,Chlorophyll,0.43,10/16/14,,,GoogleEarth,No,Yes,,,,,,,,,,,,,,,,,,,
Ryan Brown,UNH Center for Freshwater Biology,,Lovell,NH,,08/25/14,"LLMP, Bob Craycraft",,,0-7.5,43.543928,-71.012252,,No,Yes,Chlorophyll,0.43,10/16/14,,,GoogleEarth,No,Yes,,,,,,,,,,,,,,,,,,,
Ryan Brown,UNH Center for Freshwater Biology,,Lovell,NH,,09/22/14,"LLMP, Bob Craycraft",,,0-7.5,43.543928,-71.012252,,No,Yes,Chlorophyll,0.42,10/16/14,,,GoogleEarth,No,Yes,,,,,,,,,,,,,,,,,,,
Ryan Brown,UNH Center for Freshwater Biology,,Lovell,NH,,09/22/14,"LLMP, Bob Craycraft",,,0-7.5,43.543928,-71.012252,,No,Yes,Chlorophyll,0.46,10/16/14,,,GoogleEarth,No,Yes,,,,,,,,,,,,,,,,,,,
Ryan Brown,UNH Center for Freshwater Biology,,Lovell,NH,,09/22/14,"LLMP, Bob Craycraft",,,0-7.5,43.543928,-71.012252,,No,Yes,Chlorophyll,0.39,10/16/14,,,GoogleEarth,No,Yes,,,,,,,,,,,,,,,,,,,
Ryan Brown,UNH Center for Freshwater Biology,,Lovell,NH,,10/06/14,"LLMP, Bob Craycraft",,,0-8.0,43.543928,-71.012252,,No,Yes,Chlorophyll,0.38,10/16/14,,,GoogleEarth,No,Yes,,,,,,,,,,,,,,,,,,,
Ryan Brown,UNH Center for Freshwater Biology,,Lovell,NH,,10/06/14,"LLMP, Bob Craycraft",,,0-8.0,43.543928,-71.012252,,No,Yes,Chlorophyll,0.39,10/16/14,,,GoogleEarth,No,Yes,,,,,,,,,,,,,,,,,,,
Ryan Brown,UNH Center for Freshwater Biology,,Lovell,NH,,10/06/14,"LLMP, Bob Craycraft",,,0-8.0,43.543928,-71.012252,,No,Yes,Chlorophyll,0.40,10/16/14,,,GoogleEarth,No,Yes,,,,,,,,,,,,,,,,,,,
Ryan Brown,UNH Center for Freshwater Biology,,Wentworth,NH,,08/21/14,"LLMP, Bob Craycraft",,Blank,,,,,No,Yes,Phycocyanin,0.10,10/21/14,,,GoogleEarth,No,Yes,,,,,,,,,,,,,,,,,,,
Ryan Brown,UNH Center for Freshwater Biology,,Wentworth,NH,,08/21/14,"LLMP, Bob Craycraft",,Blank,,,,,No,Yes,Phycocyanin,0.10,10/21/14,,,GoogleEarth,No,Yes,,,,,,,,,,,,,,,,,,,
Ryan Brown,UNH Center for Freshwater Biology,,Wentworth,NH,,08/21/14,"LLMP, Bob Craycraft",,Blank,,,,,No,Yes,Phycocyanin,0.10,10/21/14,,,GoogleEarth,No,Yes,,,,,,,,,,,,,,,,,,,
Ryan Brown,UNH Center for Freshwater Biology,,Wentworth,NH,,08/21/14,"LLMP, Bob Craycraft",,Blank,,,,,No,Yes,Phycocyanin,0.10,10/21/14,,,GoogleEarth,No,Yes,,,,,,,,,,,,,,,,,,,
Ryan Brown,UNH Center for Freshwater Biology,,Wentworth,NH,Center,08/21/14,"LLMP, Bob Craycraft",,,0-5.0,,,,No,Yes,Phycocyanin,1.00,10/21/14,,,GoogleEarth,No,Yes,Need GPS locations,,,,,,,,,,,,,,,,,,
Ryan Brown,UNH Center for Freshwater Biology,,Wentworth,NH,Center,08/21/14,"LLMP, Bob Craycraft",,,0-5.0,,,,No,Yes,Phycocyanin,1.52,10/21/14,,,GoogleEarth,No,Yes,,,,,,,,,,,,,,,,,,,
Ryan Brown,UNH Center for Freshwater Biology,,Wentworth,NH,Center,08/21/14,"LLMP, Bob Craycraft",,,0-5.0,,,,No,Yes,Phycocyanin,1.00,10/21/14,,,GoogleEarth,No,Yes,,,,,,,,,,,,,,,,,,,
Ryan Brown,UNH Center for Freshwater Biology,,Wentworth,NH,Triggs,08/21/14,"LLMP, Bob Craycraft",,,0-7.5,,,,No,Yes,Phycocyanin,1.00,10/21/14,,,GoogleEarth,No,Yes,,,,,,,,,,,,,,,,,,,
Ryan Brown,UNH Center for Freshwater Biology,,Wentworth,NH,Triggs,08/21/14,"LLMP, Bob Craycraft",,,0-7.5,,,,No,Yes,Phycocyanin,1.52,10/21/14,,,GoogleEarth,No,Yes,,,,,,,,,,,,,,,,,,,
Ryan Brown,UNH Center for Freshwater Biology,,Wentworth,NH,Triggs,08/21/14,"LLMP, Bob Craycraft",,,0-7.5,,,,No,Yes,Phycocyanin,1.52,10/21/14,,,GoogleEarth,No,Yes,,,,,,,,,,,,,,,,,,,
Ryan Brown,UNH Center for Freshwater Biology,,Wentworth,NH,Fullers,08/21/14,"LLMP, Bob Craycraft",,,0-7.5,,,,No,Yes,Phycocyanin,2.05,10/21/14,,,GoogleEarth,No,Yes,,,,,,,,,,,,,,,,,,,
Ryan Brown,UNH Center for Freshwater Biology,,Wentworth,NH,Fullers,08/21/14,"LLMP, Bob Craycraft",,,0-7.5,,,,No,Yes,Phycocyanin,2.58,10/21/14,,,GoogleEarth,No,Yes,,,,,,,,,,,,,,,,,,,
Ryan Brown,UNH Center for Freshwater Biology,,Wentworth,NH,Fullers,08/21/14,"LLMP, Bob Craycraft",,,0-7.5,,,,No,Yes,Phycocyanin,2.05,10/21/14,,,GoogleEarth,No,Yes,,,,,,,,,,,,,,,,,,,
Ryan Brown,UNH Center for Freshwater Biology,,Wentworth,NH,Governors,08/21/14,"LLMP, Bob Craycraft",,,0-7.5,,,,No,Yes,Phycocyanin,2.58,10/21/14,,,GoogleEarth,No,Yes,,,,,,,,,,,,,,,,,,,
Ryan Brown,UNH Center for Freshwater Biology,,Wentworth,NH,Governors,08/21/14,"LLMP, Bob Craycraft",,,0-7.5,,,,No,Yes,Phycocyanin,2.05,10/21/14,,,GoogleEarth,No,Yes,,,,,,,,,,,,,,,,,,,
Ryan Brown,UNH Center for Freshwater Biology,,Wentworth,NH,Governors,08/21/14,"LLMP, Bob Craycraft",,,0-7.5,,,,No,Yes,Phycocyanin,2.05,10/21/14,,,GoogleEarth,No,Yes,,,,,,,,,,,,,,,,,,,
Ryan Brown,UNH Center for Freshwater Biology,,Wentworth,NH,,08/21/14,"LLMP, Bob Craycraft",,Blank,,,,,No,Yes,Phycocyanin,2.05,10/21/14,,,GoogleEarth,No,Yes,,,,,,,,,,,,,,,,,,,
Ryan Brown,UNH Center for Freshwater Biology,,Wentworth,NH,,08/21/14,"LLMP, Bob Craycraft",,Blank,,,,,No,Yes,Chlorophyll,0.00,10/21/14,,,GoogleEarth,No,Yes,,,,,,,,,,,,,,,,,,,
Ryan Brown,UNH Center for Freshwater Biology,,Wentworth,NH,,08/21/14,"LLMP, Bob Craycraft",,Blank,,,,,No,Yes,Chlorophyll,0.00,10/21/14,,,GoogleEarth,No,Yes,,,,,,,,,,,,,,,,,,,
Ryan Brown,UNH Center for Freshwater Biology,,Wentworth,NH,,08/21/14,"LLMP, Bob Craycraft",,Blank,,,,,No,Yes,Chlorophyll,0.00,10/21/14,,,GoogleEarth,No,Yes,,,,,,,,,,,,,,,,,,,
Ryan Brown,UNH Center for Freshwater Biology,,Wentworth,NH,,08/21/14,"LLMP, Bob Craycraft",,,0-5.0,,,,No,Yes,Chlorophyll,0.00,10/21/14,,,GoogleEarth,No,Yes,,,,,,,,,,,,,,,,,,,
Ryan Brown,UNH Center for Freshwater Biology,,Wentworth,NH,,08/21/14,"LLMP, Bob Craycraft",,,0-5.0,,,,No,Yes,Chlorophyll,0.36,10/21/14,,,GoogleEarth,No,Yes,,,,,,,,,,,,,,,,,,,
Ryan Brown,UNH Center for Freshwater Biology,,Wentworth,NH,,08/21/14,"LLMP, Bob Craycraft",,,0-5.0,,,,No,Yes,Chlorophyll,0.38,10/21/14,,,GoogleEarth,No,Yes,,,,,,,,,,,,,,,,,,,
Ryan Brown,UNH Center for Freshwater Biology,,Wentworth,NH,,08/21/14,"LLMP, Bob Craycraft",,,0-7.5,,,,No,Yes,Chlorophyll,0.36,10/21/14,,,GoogleEarth,No,Yes,,,,,,,,,,,,,,,,,,,
Ryan Brown,UNH Center for Freshwater Biology,,Wentworth,NH,,08/21/14,"LLMP, Bob Craycraft",,,0-7.5,,,,No,Yes,Chlorophyll,1.00,10/21/14,,,GoogleEarth,No,Yes,,,,,,,,,,,,,,,,,,,
Ryan Brown,UNH Center for Freshwater Biology,,Wentworth,NH,,08/21/14,"LLMP, Bob Craycraft",,,0-7.5,,,,No,Yes,Chlorophyll,1.02,10/21/14,,,GoogleEarth,No,Yes,,,,,,,,,,,,,,,,,,,
Ryan Brown,UNH Center for Freshwater Biology,,Wentworth,NH,,08/21/14,"LLMP, Bob Craycraft",,,0-7.5,,,,No,Yes,Chlorophyll,1.07,10/21/14,,,GoogleEarth,No,Yes,,,,,,,,,,,,,,,,,,,
Ryan Brown,UNH Center for Freshwater Biology,,Wentworth,NH,,08/21/14,"LLMP, Bob Craycraft",,,0-7.5,,,,No,Yes,Chlorophyll,0.39,10/21/14,,,GoogleEarth,No,Yes,,,,,,,,,,,,,,,,,,,
Ryan Brown,UNH Center for Freshwater Biology,,Wentworth,NH,,08/21/14,"LLMP, Bob Craycraft",,,0-7.5,,,,No,Yes,Chlorophyll,0.42,10/21/14,,,GoogleEarth,No,Yes,,,,,,,,,,,,,,,,,,,
Ryan Brown,UNH Center for Freshwater Biology,,Wentworth,NH,,08/21/14,"LLMP, Bob Craycraft",,,0-7.5,,,,No,Yes,Chlorophyll,0.42,10/21/14,,,GoogleEarth,No,Yes,,,,,,,,,,,,,,,,,,,
Ryan Brown,UNH Center for Freshwater Biology,,Wentworth,NH,,08/21/14,"LLMP, Bob Craycraft",,,0-7.5,,,,No,Yes,Chlorophyll,0.40,10/21/14,,,GoogleEarth,No,Yes,,,,,,,,,,,,,,,,,,,
Ryan Brown,UNH Center for Freshwater Biology,,Wentworth,NH,,08/21/14,"LLMP, Bob Craycraft",,,0-7.5,,,,No,Yes,Chlorophyll,0.45,10/21/14,,,GoogleEarth,No,Yes,,,,,,,,,,,,,,,,,,,
Ryan Brown,UNH Center for Freshwater Biology,,Silver,NH,,08/15/14,"LLMP, Bob Craycraft",,Blank,,,,,No,Yes,Phycocyanin,0.55,10/21/14,,,GoogleEarth,No,Yes,Need GPS locations,,,,,,,,,,,,,,,,,,
Ryan Brown,UNH Center for Freshwater Biology,,Silver,NH,,08/15/14,"LLMP, Bob Craycraft",,Blank,,,,,No,Yes,Phycocyanin,0.55,10/21/14,,,GoogleEarth,No,Yes,"Silver Lake of Madison, NH",,,,,,,,,,,,,,,,,,
Ryan Brown,UNH Center for Freshwater Biology,,Silver,NH,,08/15/14,"LLMP, Bob Craycraft",,Blank,,,,,No,Yes,Phycocyanin,0.55,10/21/14,,,GoogleEarth,No,Yes,,,,,,,,,,,,,,,,,,,
Ryan Brown,UNH Center for Freshwater Biology,,Silver,NH,,08/15/14,"LLMP, Bob Craycraft",,Blank,,,,,No,Yes,Phycocyanin,0.10,10/21/14,,,GoogleEarth,No,Yes,,,,,,,,,,,,,,,,,,,
Ryan Brown,UNH Center for Freshwater Biology,,Silver,NH,East,08/15/14,"LLMP, Bob Craycraft",,,0-4.0,,,,No,Yes,Phycocyanin,0.10,10/21/14,,,GoogleEarth,No,Yes,,,,,,,,,,,,,,,,,,,
Ryan Brown,UNH Center for Freshwater Biology,,Silver,NH,East,08/15/14,"LLMP, Bob Craycraft",,,0-4.0,,,,No,Yes,Phycocyanin,1.00,10/21/14,,,GoogleEarth,No,Yes,,,,,,,,,,,,,,,,,,,
Ryan Brown,UNH Center for Freshwater Biology,,Silver,NH,East,08/15/14,"LLMP, Bob Craycraft",,,0-4.0,,,,No,Yes,Phycocyanin,4.70,10/21/14,,,GoogleEarth,No,Yes,,,,,,,,,,,,,,,,,,,
Ryan Brown,UNH Center for Freshwater Biology,,Silver,NH,N. Island,08/15/14,"LLMP, Bob Craycraft",,,0-4.5,,,,No,Yes,Phycocyanin,1.52,10/21/14,,,GoogleEarth,No,Yes,,,,,,,,,,,,,,,,,,,
Ryan Brown,UNH Center for Freshwater Biology,,Silver,NH,N. Island,08/15/14,"LLMP, Bob Craycraft",,,0-4.5,,,,No,Yes,Phycocyanin,2.58,10/21/14,,,GoogleEarth,No,Yes,,,,,,,,,,,,,,,,,,,
Ryan Brown,UNH Center for Freshwater Biology,,Silver,NH,N. Island,08/15/14,"LLMP, Bob Craycraft",,,0-4.5,,,,No,Yes,Phycocyanin,1.52,10/21/14,,,GoogleEarth,No,Yes,,,,,,,,,,,,,,,,,,,
Ryan Brown,UNH Center for Freshwater Biology,,Silver,NH,North,08/15/14,"LLMP, Bob Craycraft",,,0-5.0,,,,No,Yes,Phycocyanin,2.05,10/21/14,,,GoogleEarth,No,Yes,,,,,,,,,,,,,,,,,,,
Ryan Brown,UNH Center for Freshwater Biology,,Silver,NH,North,08/15/14,"LLMP, Bob Craycraft",,,0-5.0,,,,No,Yes,Phycocyanin,4.17,10/21/14,,,GoogleEarth,No,Yes,,,,,,,,,,,,,,,,,,,
Ryan Brown,UNH Center for Freshwater Biology,,Silver,NH,North,08/15/14,"LLMP, Bob Craycraft",,,0-5.0,,,,No,Yes,Phycocyanin,2.05,10/21/14,,,GoogleEarth,No,Yes,,,,,,,,,,,,,,,,,,,
Ryan Brown,UNH Center for Freshwater Biology,,Silver,NH,2Deep,08/15/14,"LLMP, Bob Craycraft",,,0-5.0,,,,No,Yes,Phycocyanin,2.05,10/21/14,,,GoogleEarth,No,Yes,,,,,,,,,,,,,,,,,,,
Ryan Brown,UNH Center for Freshwater Biology,,Silver,NH,2Deep,08/15/14,"LLMP, Bob Craycraft",,,0-5.0,,,,No,Yes,Phycocyanin,2.05,10/21/14,,,GoogleEarth,No,Yes,,,,,,,,,,,,,,,,,,,
Ryan Brown,UNH Center for Freshwater Biology,,Silver,NH,2Deep,08/15/14,"LLMP, Bob Craycraft",,,0-5.0,,,,No,Yes,Phycocyanin,1.52,10/21/14,,,GoogleEarth,No,Yes,,,,,,,,,,,,,,,,,,,
Ryan Brown,UNH Center for Freshwater Biology,,Silver,NH,1South,08/15/14,"LLMP, Bob Craycraft",,,0-5.0,,,,No,Yes,Phycocyanin,1.52,10/21/14,,,GoogleEarth,No,Yes,,,,,,,,,,,,,,,,,,,
Ryan Brown,UNH Center for Freshwater Biology,,Silver,NH,1South,08/15/14,"LLMP, Bob Craycraft",,,0-5.0,,,,No,Yes,Phycocyanin,1.52,10/21/14,,,GoogleEarth,No,Yes,,,,,,,,,,,,,,,,,,,
Ryan Brown,UNH Center for Freshwater Biology,,Silver,NH,1South,08/15/14,"LLMP, Bob Craycraft",,,0-5.0,,,,No,Yes,Phycocyanin,2.05,10/21/14,,,GoogleEarth,No,Yes,,,,,,,,,,,,,,,,,,,
Ryan Brown,UNH Center for Freshwater Biology,,Silver,NH,Center,08/15/14,"LLMP, Bob Craycraft",,,0-5.0,,,,No,Yes,Phycocyanin,2.05,10/21/14,,,GoogleEarth,No,Yes,,,,,,,,,,,,,,,,,,,
Ryan Brown,UNH Center for Freshwater Biology,,Silver,NH,Center,08/15/14,"LLMP, Bob Craycraft",,,0-5.0,,,,No,Yes,Phycocyanin,1.52,10/21/14,,,GoogleEarth,No,Yes,,,,,,,,,,,,,,,,,,,
Ryan Brown,UNH Center for Freshwater Biology,,Silver,NH,Center,08/15/14,"LLMP, Bob Craycraft",,,0-5.0,,,,No,Yes,Phycocyanin,1.00,10/21/14,,,GoogleEarth,No,Yes,,,,,,,,,,,,,,,,,,,
Ryan Brown,UNH Center for Freshwater Biology,,Silver,NH,,08/15/14,"LLMP, Bob Craycraft",,Blank,,,,,No,Yes,Phycocyanin,1.00,10/21/14,,,GoogleEarth,No,Yes,,,,,,,,,,,,,,,,,,,
Ryan Brown,UNH Center for Freshwater Biology,,Silver,NH,,08/15/14,"LLMP, Bob Craycraft",,Blank,,,,,No,Yes,Chlorophyll,0.00,10/21/14,,,GoogleEarth,No,Yes,,,,,,,,,,,,,,,,,,,
Ryan Brown,UNH Center for Freshwater Biology,,Silver,NH,,08/15/14,"LLMP, Bob Craycraft",,Blank,,,,,No,Yes,Chlorophyll,0.00,10/21/14,,,GoogleEarth,No,Yes,,,,,,,,,,,,,,,,,,,
Ryan Brown,UNH Center for Freshwater Biology,,Silver,NH,,08/15/14,"LLMP, Bob Craycraft",,Blank,,,,,No,Yes,Chlorophyll,0.00,10/21/14,,,GoogleEarth,No,Yes,,,,,,,,,,,,,,,,,,,
Ryan Brown,UNH Center for Freshwater Biology,,Silver,NH,East,08/15/14,"LLMP, Bob Craycraft",,,0-4.0,,,,No,Yes,Chlorophyll,0.00,10/21/14,,,GoogleEarth,No,Yes,,,,,,,,,,,,,,,,,,,
Ryan Brown,UNH Center for Freshwater Biology,,Silver,NH,East,08/15/14,"LLMP, Bob Craycraft",,,0-4.0,,,,No,Yes,Chlorophyll,0.48,10/21/14,,,GoogleEarth,No,Yes,,,,,,,,,,,,,,,,,,,
Ryan Brown,UNH Center for Freshwater Biology,,Silver,NH,East,08/15/14,"LLMP, Bob Craycraft",,,0-4.0,,,,No,Yes,Chlorophyll,0.46,10/21/14,,,GoogleEarth,No,Yes,,,,,,,,,,,,,,,,,,,
Ryan Brown,UNH Center for Freshwater Biology,,Silver,NH,N. Island,08/15/14,"LLMP, Bob Craycraft",,,0-4.5,,,,No,Yes,Chlorophyll,0.48,10/21/14,,,GoogleEarth,No,Yes,,,,,,,,,,,,,,,,,,,
Ryan Brown,UNH Center for Freshwater Biology,,Silver,NH,N. Island,08/15/14,"LLMP, Bob Craycraft",,,0-4.5,,,,No,Yes,Chlorophyll,0.48,10/21/14,,,GoogleEarth,No,Yes,,,,,,,,,,,,,,,,,,,
Ryan Brown,UNH Center for Freshwater Biology,,Silver,NH,N. Island,08/15/14,"LLMP, Bob Craycraft",,,0-4.5,,,,No,Yes,Chlorophyll,0.51,10/21/14,,,GoogleEarth,No,Yes,,,,,,,,,,,,,,,,,,,
Ryan Brown,UNH Center for Freshwater Biology,,Silver,NH,North,08/15/14,"LLMP, Bob Craycraft",,,0-5.0,,,,No,Yes,Chlorophyll,0.49,10/21/14,,,GoogleEarth,No,Yes,,,,,,,,,,,,,,,,,,,
Ryan Brown,UNH Center for Freshwater Biology,,Silver,NH,North,08/15/14,"LLMP, Bob Craycraft",,,0-5.0,,,,No,Yes,Chlorophyll,0.42,10/21/14,,,GoogleEarth,No,Yes,,,,,,,,,,,,,,,,,,,
Ryan Brown,UNH Center for Freshwater Biology,,Silver,NH,North,08/15/14,"LLMP, Bob Craycraft",,,0-5.0,,,,No,Yes,Chlorophyll,0.42,10/21/14,,,GoogleEarth,No,Yes,,,,,,,,,,,,,,,,,,,
Ryan Brown,UNH Center for Freshwater Biology,,Silver,NH,2Deep,08/15/14,"LLMP, Bob Craycraft",,,0-5.0,,,,No,Yes,Chlorophyll,0.42,10/21/14,,,GoogleEarth,No,Yes,,,,,,,,,,,,,,,,,,,
Ryan Brown,UNH Center for Freshwater Biology,,Silver,NH,2Deep,08/15/14,"LLMP, Bob Craycraft",,,0-5.0,,,,No,Yes,Chlorophyll,0.33,10/21/14,,,GoogleEarth,No,Yes,,,,,,,,,,,,,,,,,,,
Ryan Brown,UNH Center for Freshwater Biology,,Silver,NH,2Deep,08/15/14,"LLMP, Bob Craycraft",,,0-5.0,,,,No,Yes,Chlorophyll,0.35,10/21/14,,,GoogleEarth,No,Yes,,,,,,,,,,,,,,,,,,,
Ryan Brown,UNH Center for Freshwater Biology,,Silver,NH,1South,08/15/14,"LLMP, Bob Craycraft",,,0-5.0,,,,No,Yes,Chlorophyll,0.38,10/21/14,,,GoogleEarth,No,Yes,,,,,,,,,,,,,,,,,,,
Ryan Brown,UNH Center for Freshwater Biology,,Silver,NH,1South,08/15/14,"LLMP, Bob Craycraft",,,0-5.0,,,,No,Yes,Chlorophyll,0.36,10/21/14,,,GoogleEarth,No,Yes,,,,,,,,,,,,,,,,,,,
Ryan Brown,UNH Center for Freshwater Biology,,Silver,NH,1South,08/15/14,"LLMP, Bob Craycraft",,,0-5.0,,,,No,Yes,Chlorophyll,0.36,10/21/14,,,GoogleEarth,No,Yes,,,,,,,,,,,,,,,,,,,
Ryan Brown,UNH Center for Freshwater Biology,,Silver,NH,Center,08/15/14,"LLMP, Bob Craycraft",,,0-5.0,,,,No,Yes,Chlorophyll,0.38,10/21/14,,,GoogleEarth,No,Yes,,,,,,,,,,,,,,,,,,,
Ryan Brown,UNH Center for Freshwater Biology,,Silver,NH,Center,08/15/14,"LLMP, Bob Craycraft",,,0-5.0,,,,No,Yes,Chlorophyll,0.38,10/21/14,,,GoogleEarth,No,Yes,,,,,,,,,,,,,,,,,,,
Ryan Brown,UNH Center for Freshwater Biology,,Silver,NH,Center,08/15/14,"LLMP, Bob Craycraft",,,0-5.0,,,,No,Yes,Chlorophyll,0.36,10/21/14,,,GoogleEarth,No,Yes,,,,,,,,,,,,,,,,,,,
,,,,,,,,,,,,,,,,,,,,,,,,additional data missing,,,,,,,,,,,,,,,,,,
