"analysisID","sampleID","analysisDate","analysisTime","analystName","frozen","filtered","dilution","sampleTemperatureC","photosAnalysis","commentAnalysis"
1,842,06/23/14,,,FALSE,TRUE,,,,
2,842,06/23/14,,,FALSE,FALSE,,,,
3,842,06/27/14,,,TRUE,FALSE,,,,
4,847,06/23/14,,,FALSE,FALSE,,,,
5,847,06/27/14,,,TRUE,FALSE,,,,
6,852,06/23/14,,,FALSE,FALSE,,,,
7,852,06/27/14,,,TRUE,FALSE,,,,
8,860,06/26/14,,,FALSE,FALSE,,,,
9,860,06/27/14,,,TRUE,FALSE,,,,
10,862,06/27/14,,,FALSE,FALSE,,,,
11,868,06/27/14,,,FALSE,FALSE,,,,
12,874,07/01/14,,,FALSE,FALSE,,,,
13,874,07/09/14,,,TRUE,FALSE,,,,
14,877,07/03/14,,,FALSE,TRUE,,,,
15,877,07/03/14,,,FALSE,FALSE,,,,
16,877,07/09/14,,,TRUE,FALSE,,,,
17,879,07/08/14,,,FALSE,FALSE,,,,
18,879,07/09/14,,,TRUE,FALSE,,,,
19,883,07/09/14,,,FALSE,FALSE,,,,
20,884,07/09/14,,,FALSE,FALSE,,,,
21,883,07/16/14,,,TRUE,FALSE,,,,
22,884,07/16/14,,,TRUE,FALSE,,,,
23,872,07/14/14,,,FALSE,FALSE,,,,
24,873,07/14/14,,,FALSE,FALSE,,,,
25,844,07/15/14,,,FALSE,FALSE,,,,
26,844,07/17/14,,,TRUE,FALSE,,,,
27,846,07/15/14,,,FALSE,FALSE,,,,
28,846,07/17/14,,,TRUE,FALSE,,,,
29,851,07/15/14,,,FALSE,TRUE,,,,
30,851,07/15/14,,,FALSE,FALSE,,,,
31,851,07/23/14,,,TRUE,FALSE,,,,
32,856,07/16/14,,,FALSE,FALSE,,,,
33,856,07/23/14,,,TRUE,FALSE,,,,
34,865,07/17/14,,,FALSE,FALSE,,,,
35,865,07/23/14,,,TRUE,FALSE,,,,
36,848,07/24/14,,,FALSE,FALSE,,,,
37,886,07/24/14,,,FALSE,FALSE,,,,
38,886,07/30/14,,,TRUE,FALSE,,,,
39,887,07/25/14,,,FALSE,FALSE,,,,
40,887,07/31/14,,,TRUE,FALSE,,,,
41,888,07/30/14,,,FALSE,FALSE,,,,
42,880,07/31/14,,,FALSE,TRUE,,,,
43,880,07/31/14,,,FALSE,FALSE,,,,
44,871,08/01/14,,,FALSE,TRUE,,,,
45,871,08/01/14,,,FALSE,FALSE,,,,
46,871,08/06/14,,,TRUE,FALSE,,,,
47,859,08/04/14,,,FALSE,FALSE,,,,
48,845,08/05/14,,,FALSE,FALSE,,,,
49,890,08/05/14,,,FALSE,FALSE,,,,
50,889,08/07/14,,,TRUE,FALSE,,,,
51,855,08/05/14,,,FALSE,FALSE,,,,
52,866,08/06/14,,,FALSE,TRUE,,,,
53,866,08/06/14,,,FALSE,FALSE,,,,
54,891,08/07/14,,,FALSE,TRUE,,,,
55,891,08/07/14,,,FALSE,FALSE,,,,
56,892,08/11/14,,,FALSE,FALSE,,,,
57,881,08/18/14,,,FALSE,TRUE,,,,
58,881,08/18/14,,,FALSE,FALSE,,,,
59,867,08/20/14,,,FALSE,FALSE,,,,
60,843,08/20/14,,,FALSE,FALSE,,,,
61,894,08/20/14,,,FALSE,FALSE,,,,
62,854,08/20/14,,,FALSE,FALSE,,,,
63,878,09/05/14,,,FALSE,FALSE,,,,
64,895,09/08/14,,,FALSE,FALSE,,,,
65,863,09/08/14,,,FALSE,FALSE,,,,
66,882,09/09/14,,,FALSE,FALSE,,,,
67,876,08/29/14,,,FALSE,FALSE,,,,
68,853,08/29/14,,,TRUE,FALSE,,,,
69,867,08/29/14,,,TRUE,FALSE,,,,
70,843,08/29/14,,,TRUE,FALSE,,,,
71,893,08/29/14,,,TRUE,FALSE,,,,
72,870,09/02/14,,,FALSE,FALSE,,,,
73,861,09/16/14,,,FALSE,FALSE,,,,
74,843,10/09/14,,,TRUE,FALSE,,,,
75,861,10/09/14,,,TRUE,FALSE,,,,
76,895,10/09/14,,,TRUE,FALSE,,,,
77,885,10/09/14,,,TRUE,FALSE,,,,
78,858,10/09/14,,,TRUE,FALSE,,,,
79,876,10/09/14,,,TRUE,FALSE,,,,
80,876,10/09/14,,,FALSE,FALSE,,,,
81,893,10/09/14,,,TRUE,FALSE,,,,
82,867,10/09/14,,,TRUE,FALSE,,,,
83,864,10/09/14,,,TRUE,FALSE,,,,
84,853,10/09/14,,,TRUE,FALSE,,,,
85,870,10/09/14,,,TRUE,FALSE,,,,
86,857,10/09/14,,,TRUE,FALSE,,,,
87,896,10/09/14,,,TRUE,FALSE,,,,
88,869,10/09/14,,,TRUE,FALSE,,,,
89,878,10/09/14,,,TRUE,FALSE,,,,
90,875,10/09/14,,,TRUE,FALSE,,,,
91,849,10/09/14,,,TRUE,FALSE,,,,
92,850,10/09/14,,,TRUE,FALSE,,,,
93,896,08/26/14,,,FALSE,FALSE,,,,
94,857,08/25/14,,,FALSE,FALSE,,,,
95,858,08/25/14,,,FALSE,FALSE,,,,
96,20,07/03/14,10:47:00,,FALSE,FALSE,,,,
97,20,07/03/14,10:47:00,,FALSE,TRUE,,,,
98,3,07/03/14,11:20:00,,FALSE,FALSE,,,,
99,3,07/03/14,11:20:00,,FALSE,TRUE,,,,
100,28,07/10/14,14:22:00,,FALSE,FALSE,,,,
101,28,07/10/14,14:22:00,,FALSE,TRUE,,,,
102,41,07/10/14,14:37:00,,FALSE,FALSE,,,,
103,41,07/10/14,14:37:00,,FALSE,TRUE,,,,
104,16,07/10/14,15:09:00,,FALSE,FALSE,,,,
105,16,07/10/14,15:09:00,,FALSE,TRUE,,,,
106,2,07/10/14,15:52:00,,FALSE,FALSE,,,,
107,2,07/10/14,15:52:00,,FALSE,TRUE,,,,
108,26,07/17/14,11:09:00,,FALSE,FALSE,,,,
109,26,07/17/14,11:09:00,,FALSE,TRUE,,,,
110,7,07/17/14,11:44:00,,FALSE,FALSE,,,,
111,7,07/17/14,11:44:00,,FALSE,TRUE,,,,
112,27,07/17/14,12:12:00,,FALSE,FALSE,,,,
113,27,07/17/14,12:12:00,,FALSE,TRUE,,,,
114,49,07/17/14,12:39:00,,FALSE,FALSE,,,,
115,49,07/17/14,12:39:00,,FALSE,TRUE,,,,
116,32,07/24/14,,,FALSE,FALSE,,,,
117,32,07/24/14,,,FALSE,TRUE,,,,
118,43,07/24/14,,,FALSE,FALSE,,,,
119,43,07/24/14,,,FALSE,TRUE,,,,
120,14,07/24/14,,,FALSE,FALSE,,,,
121,14,07/24/14,,,FALSE,TRUE,,,,
122,4,07/24/14,,,FALSE,FALSE,,,,
123,4,07/24/14,,,FALSE,TRUE,,,,
124,15,07/31/14,10:47:00,,FALSE,FALSE,,,,
125,15,07/31/14,10:47:00,,FALSE,TRUE,,,,
126,31,07/31/14,11:10:00,,FALSE,FALSE,,,,
127,31,07/31/14,11:10:00,,FALSE,TRUE,,,,
128,50,07/31/14,11:52:00,,FALSE,FALSE,,,,
129,50,07/31/14,11:52:00,,FALSE,TRUE,,,,
130,13,07/31/14,12:12:00,,FALSE,FALSE,,,,
131,13,07/31/14,12:12:00,,FALSE,TRUE,,,,
132,24,08/07/14,13:42:00,,FALSE,FALSE,,,,
133,24,08/07/14,13:42:00,,FALSE,TRUE,,,,
134,1,08/07/14,14:15:00,,FALSE,FALSE,,,,
135,1,08/07/14,14:15:00,,FALSE,TRUE,,,,
136,33,08/07/14,14:42:00,,FALSE,FALSE,,,,
137,33,08/07/14,14:42:00,,FALSE,TRUE,,,,
138,42,08/07/14,15:20:00,,FALSE,FALSE,,,,
139,42,08/07/14,15:20:00,,FALSE,TRUE,,,,
140,22,08/14/14,10:51:00,,FALSE,FALSE,,,,
141,22,08/14/14,10:51:00,,FALSE,TRUE,,,,
142,9,08/14/14,11:21:00,,FALSE,FALSE,,,,
143,9,08/14/14,11:21:00,,FALSE,TRUE,,,,
144,34,08/14/14,11:43:00,,FALSE,FALSE,,,,
145,34,08/14/14,11:43:00,,FALSE,TRUE,,,,
146,46,08/14/14,12:12:00,,FALSE,FALSE,,,,
147,46,08/14/14,12:12:00,,FALSE,TRUE,,,,
148,40,08/21/14,13:54:00,,FALSE,FALSE,,,,
149,40,08/21/14,13:54:00,,FALSE,TRUE,,,,
150,19,08/21/14,14:32:00,,FALSE,FALSE,,,,
151,19,08/21/14,14:32:00,,FALSE,TRUE,,,,
152,6,08/21/14,14:54:00,,FALSE,FALSE,,,,
153,6,08/21/14,14:54:00,,FALSE,TRUE,,,,
154,38,08/21/14,15:22:00,,FALSE,FALSE,,,,
155,38,08/21/14,15:22:00,,FALSE,TRUE,,,,
156,37,08/28/14,13:15:00,,FALSE,FALSE,,,,
157,37,08/28/14,13:15:00,,FALSE,TRUE,,,,
158,17,08/28/14,14:00:00,,FALSE,FALSE,,,,
159,17,08/28/14,14:00:00,,FALSE,TRUE,,,,
160,48,08/28/14,14:20:00,,FALSE,FALSE,,,,
161,48,08/28/14,14:20:00,,FALSE,TRUE,,,,
162,12,08/28/14,15:00:00,,FALSE,FALSE,,,,
163,12,08/28/14,15:00:00,,FALSE,TRUE,,,,
164,36,09/04/14,12:25:00,,FALSE,FALSE,,,,
165,36,09/04/14,12:25:00,,FALSE,TRUE,,,,
166,18,09/04/14,13:00:00,,FALSE,FALSE,,,,
167,18,09/04/14,13:00:00,,FALSE,TRUE,,,,
168,39,09/04/14,13:30:00,,FALSE,FALSE,,,,
169,39,09/04/14,13:30:00,,FALSE,TRUE,,,,
170,5,09/04/14,14:00:00,,FALSE,FALSE,,,,
171,5,09/04/14,14:00:00,,FALSE,TRUE,,,,
172,47,09/11/14,13:04:00,,FALSE,FALSE,,,,
173,47,09/11/14,13:04:00,,FALSE,TRUE,,,,
174,21,09/11/14,13:35:00,,FALSE,FALSE,,,,
175,21,09/11/14,13:35:00,,FALSE,TRUE,,,,
176,8,09/11/14,14:28:00,,FALSE,FALSE,,,,
177,8,09/11/14,14:28:00,,FALSE,TRUE,,,,
178,30,09/11/14,14:45:00,,FALSE,FALSE,,,,
179,30,09/11/14,14:45:00,,FALSE,TRUE,,,,
180,44,09/18/14,13:00:00,,FALSE,FALSE,,,,
181,44,09/18/14,13:00:00,,FALSE,TRUE,,,,
182,23,09/18/14,13:30:00,,FALSE,FALSE,,,,
183,23,09/18/14,13:30:00,,FALSE,TRUE,,,,
184,10,09/18/14,14:40:00,,FALSE,FALSE,,,,
185,10,09/18/14,14:40:00,,FALSE,TRUE,,,,
186,35,09/18/14,12:30:00,,FALSE,FALSE,,,,
187,35,09/18/14,12:30:00,,FALSE,TRUE,,,,
188,25,10/02/14,13:20:00,,FALSE,FALSE,,,,
189,25,10/02/14,13:20:00,,FALSE,TRUE,,,,
190,11,10/02/14,14:35:00,,FALSE,FALSE,,,,
191,11,10/02/14,14:35:00,,FALSE,TRUE,,,,
192,29,10/02/14,12:35:00,,FALSE,FALSE,,,,
193,29,10/02/14,12:35:00,,FALSE,TRUE,,,,
194,45,10/02/14,12:55:00,,FALSE,FALSE,,,,
195,45,10/02/14,12:55:00,,FALSE,TRUE,,,,
196,20,12/11/14,,,TRUE,FALSE,,,,
197,20,12/11/14,,,TRUE,TRUE,,,,
198,3,12/11/14,,,TRUE,FALSE,,,,
199,3,12/11/14,,,TRUE,TRUE,,,,
200,28,12/11/14,,,TRUE,FALSE,,,,
201,28,12/11/14,,,TRUE,TRUE,,,,
202,41,12/11/14,,,TRUE,FALSE,,,,
203,41,12/11/14,,,TRUE,TRUE,,,,
204,16,12/11/14,,,TRUE,FALSE,,,,
205,16,12/11/14,,,TRUE,TRUE,,,,
206,2,12/11/14,,,TRUE,FALSE,,,,
207,2,12/11/14,,,TRUE,TRUE,,,,
208,26,12/11/14,,,TRUE,FALSE,,,,
209,26,12/11/14,,,TRUE,TRUE,,,,
210,7,12/11/14,,,TRUE,FALSE,,,,
211,7,12/11/14,,,TRUE,TRUE,,,,
212,27,12/11/14,,,TRUE,FALSE,,,,
213,27,12/11/14,,,TRUE,TRUE,,,,
214,49,12/11/14,,,TRUE,FALSE,,,,
215,49,12/11/14,,,TRUE,TRUE,,,,
216,43,12/11/14,,,TRUE,FALSE,,,,
217,43,12/11/14,,,TRUE,TRUE,,,,
218,15,12/11/14,,,TRUE,FALSE,,,,
219,15,12/11/14,,,TRUE,TRUE,,,,
220,1,12/11/14,,,TRUE,FALSE,,,,
221,1,12/11/14,,,TRUE,TRUE,,,,
222,34,12/11/14,,,TRUE,FALSE,,,,
223,34,12/11/14,,,TRUE,TRUE,,,,
224,40,12/11/14,,,TRUE,FALSE,,,,
225,40,12/11/14,,,TRUE,TRUE,,,,
226,17,12/11/14,,,TRUE,FALSE,,,,
227,17,12/11/14,,,TRUE,TRUE,,,,
228,5,12/11/14,,,TRUE,FALSE,,,,
229,5,12/11/14,,,TRUE,TRUE,,,,
230,30,12/11/14,,,TRUE,FALSE,,,,
231,30,12/11/14,,,TRUE,TRUE,,,,
232,44,12/11/14,,,TRUE,FALSE,,,,
233,44,12/11/14,,,TRUE,TRUE,,,,
234,25,12/11/14,,,TRUE,FALSE,,,,
235,25,12/11/14,,,TRUE,TRUE,,,,
236,32,12/11/14,,,TRUE,FALSE,,,,
237,14,12/11/14,,,TRUE,FALSE,,,,
238,31,12/11/14,,,TRUE,FALSE,,,,
239,33,12/11/14,,,TRUE,FALSE,,,,
240,46,12/11/14,,,TRUE,FALSE,,,,
241,19,12/11/14,,,TRUE,FALSE,,,,
242,48,12/11/14,,,TRUE,FALSE,,,,
243,47,12/11/14,,,TRUE,FALSE,,,,
244,23,12/11/14,,,TRUE,FALSE,,,,
245,11,12/11/14,,,TRUE,FALSE,,,,
246,546,,,,FALSE,FALSE,,,,
247,549,,,,FALSE,FALSE,,,,
248,553,,,,FALSE,FALSE,,,,
249,554,,,,FALSE,FALSE,,,,
250,545,,,,FALSE,FALSE,,,,
251,552,,,,FALSE,FALSE,,,,
252,550,,,,FALSE,FALSE,,,,
253,556,,,,FALSE,FALSE,,,,
254,593,,,,FALSE,FALSE,,,,
255,595,,,,FALSE,FALSE,,,,
256,596,,,,FALSE,FALSE,,,,
257,597,,,,FALSE,FALSE,,,,
258,594,,,,FALSE,FALSE,,,,
259,639,,,,FALSE,FALSE,,,,
260,667,,,,FALSE,FALSE,,,,
261,668,,,,FALSE,FALSE,,,,
262,669,,,,FALSE,FALSE,,,,
263,670,,,,FALSE,FALSE,,,,
264,671,,,,FALSE,FALSE,,,,
265,675,,,,FALSE,FALSE,,,,
266,674,,,,FALSE,FALSE,,,,
267,672,,,,FALSE,FALSE,,,,
268,673,,,,FALSE,FALSE,,,,
269,676,,,,FALSE,FALSE,,,,
270,677,,,,FALSE,FALSE,,,,
271,679,,,,FALSE,FALSE,,,,
272,678,,,,FALSE,FALSE,,,,
273,681,,,,FALSE,FALSE,,,,
274,680,,,,FALSE,FALSE,,,,
275,682,,,,FALSE,FALSE,,,,
276,684,,,,FALSE,FALSE,,,,
277,683,,,,FALSE,FALSE,,,,
278,558,,,,FALSE,FALSE,,,,
279,560,,,,FALSE,FALSE,,,,
280,559,,,,FALSE,FALSE,,,,
281,557,,,,FALSE,FALSE,,,,
282,561,,,,FALSE,FALSE,,,,
283,564,,,,FALSE,FALSE,,,,
284,563,,,,FALSE,FALSE,,,,
285,567,,,,FALSE,FALSE,,,,
286,562,,,,FALSE,FALSE,,,,
287,565,,,,FALSE,FALSE,,,,
288,566,,,,FALSE,FALSE,,,,
289,568,,,,FALSE,FALSE,,,,
290,570,,,,FALSE,FALSE,,,,
291,569,,,,FALSE,FALSE,,,,
292,572,,,,FALSE,FALSE,,,,
293,571,,,,FALSE,FALSE,,,,
294,573,,,,FALSE,FALSE,,,,
295,575,,,,FALSE,FALSE,,,,
296,574,,,,FALSE,FALSE,,,,
297,576,,,,FALSE,FALSE,,,,
298,578,,,,FALSE,FALSE,,,,
299,577,,,,FALSE,FALSE,,,,
300,581,,,,FALSE,FALSE,,,,
301,579,,,,FALSE,FALSE,,,,
302,580,,,,FALSE,FALSE,,,,
303,582,,,,FALSE,FALSE,,,,
304,583,,,,FALSE,FALSE,,,,
305,584,,,,FALSE,FALSE,,,,
306,585,,,,FALSE,FALSE,,,,
307,586,,,,FALSE,FALSE,,,,
308,590,,,,FALSE,FALSE,,,,
309,587,,,,FALSE,FALSE,,,,
310,588,,,,FALSE,FALSE,,,,
311,589,,,,FALSE,FALSE,,,,
312,591,,,,FALSE,FALSE,,,,
313,592,,,,FALSE,FALSE,,,,
314,598,,,,FALSE,FALSE,,,,
315,599,,,,FALSE,FALSE,,,,
316,603,,,,FALSE,FALSE,,,,
317,600,,,,FALSE,FALSE,,,,
318,601,,,,FALSE,FALSE,,,,
319,602,,,,FALSE,FALSE,,,,
320,605,,,,FALSE,FALSE,,,,
321,606,,,,FALSE,FALSE,,,,
322,604,,,,FALSE,FALSE,,,,
323,608,,,,FALSE,FALSE,,,,
324,607,,,,FALSE,FALSE,,,,
325,610,,,,FALSE,FALSE,,,,
326,611,,,,FALSE,FALSE,,,,
327,609,,,,FALSE,FALSE,,,,
328,613,,,,FALSE,FALSE,,,,
329,612,,,,FALSE,FALSE,,,,
330,615,,,,FALSE,FALSE,,,,
331,616,,,,FALSE,FALSE,,,,
332,614,,,,FALSE,FALSE,,,,
333,618,,,,FALSE,FALSE,,,,
334,617,,,,FALSE,FALSE,,,,
335,620,,,,FALSE,FALSE,,,,
336,621,,,,FALSE,FALSE,,,,
337,619,,,,FALSE,FALSE,,,,
338,626,,,,FALSE,FALSE,,,,
339,622,,,,FALSE,FALSE,,,,
340,623,,,,FALSE,FALSE,,,,
341,624,,,,FALSE,FALSE,,,,
342,625,,,,FALSE,FALSE,,,,
343,628,,,,FALSE,FALSE,,,,
344,634,,,,FALSE,FALSE,,,,
345,632,,,,FALSE,FALSE,,,,
346,630,,,,FALSE,FALSE,,,,
347,627,,,,FALSE,FALSE,,,,
348,635,,,,FALSE,FALSE,,,,
349,633,,,,FALSE,FALSE,,,,
350,629,,,,FALSE,FALSE,,,,
351,631,,,,FALSE,FALSE,,,,
352,636,,,,FALSE,FALSE,,,,
353,637,,,,FALSE,FALSE,,,,
354,638,,,,FALSE,FALSE,,,,
355,640,,,,FALSE,FALSE,,,,
356,642,,,,FALSE,FALSE,,,,
357,641,,,,FALSE,FALSE,,,,
358,643,,,,FALSE,FALSE,,,,
359,645,,,,FALSE,FALSE,,,,
360,644,,,,FALSE,FALSE,,,,
361,646,,,,FALSE,FALSE,,,,
362,647,,,,FALSE,FALSE,,,,
363,650,,,,FALSE,FALSE,,,,
364,648,,,,FALSE,FALSE,,,,
365,649,,,,FALSE,FALSE,,,,
366,651,,,,FALSE,FALSE,,,,
367,652,,,,FALSE,FALSE,,,,
368,653,,,,FALSE,FALSE,,,,
369,654,,,,FALSE,FALSE,,,,
370,655,,,,FALSE,FALSE,,,,
371,656,,,,FALSE,FALSE,,,,
372,657,,,,FALSE,FALSE,,,,
373,658,,,,FALSE,FALSE,,,,
374,659,,,,FALSE,FALSE,,,,
375,660,,,,FALSE,FALSE,,,,
376,661,,,,FALSE,FALSE,,,,
377,662,,,,FALSE,FALSE,,,,
378,663,,,,FALSE,FALSE,,,,
379,665,,,,FALSE,FALSE,,,,
380,547,,,,FALSE,FALSE,,,,
381,551,,,,FALSE,FALSE,,,,
382,548,,,,FALSE,FALSE,,,,
383,555,,,,FALSE,FALSE,,,,
384,666,,,,FALSE,FALSE,,,,
385,664,,,,FALSE,FALSE,,,,
386,546,,,,FALSE,TRUE,,,,
387,549,,,,FALSE,TRUE,,,,
388,553,,,,FALSE,TRUE,,,,
389,554,,,,FALSE,TRUE,,,,
390,545,,,,FALSE,TRUE,,,,
391,552,,,,FALSE,TRUE,,,,
392,550,,,,FALSE,TRUE,,,,
393,556,,,,FALSE,TRUE,,,,
394,593,,,,FALSE,TRUE,,,,
395,595,,,,FALSE,TRUE,,,,
396,596,,,,FALSE,TRUE,,,,
397,597,,,,FALSE,TRUE,,,,
398,594,,,,FALSE,TRUE,,,,
399,639,,,,FALSE,TRUE,,,,
400,667,,,,FALSE,TRUE,,,,
401,668,,,,FALSE,TRUE,,,,
402,669,,,,FALSE,TRUE,,,,
403,670,,,,FALSE,TRUE,,,,
404,671,,,,FALSE,TRUE,,,,
405,675,,,,FALSE,TRUE,,,,
406,674,,,,FALSE,TRUE,,,,
407,672,,,,FALSE,TRUE,,,,
408,673,,,,FALSE,TRUE,,,,
409,676,,,,FALSE,TRUE,,,,
410,677,,,,FALSE,TRUE,,,,
411,679,,,,FALSE,TRUE,,,,
412,678,,,,FALSE,TRUE,,,,
413,681,,,,FALSE,TRUE,,,,
414,680,,,,FALSE,TRUE,,,,
415,682,,,,FALSE,TRUE,,,,
416,684,,,,FALSE,TRUE,,,,
417,683,,,,FALSE,TRUE,,,,
418,558,,,,FALSE,TRUE,,,,
419,560,,,,FALSE,TRUE,,,,
420,559,,,,FALSE,TRUE,,,,
421,557,,,,FALSE,TRUE,,,,
422,561,,,,FALSE,TRUE,,,,
423,564,,,,FALSE,TRUE,,,,
424,563,,,,FALSE,TRUE,,,,
425,567,,,,FALSE,TRUE,,,,
426,562,,,,FALSE,TRUE,,,,
427,565,,,,FALSE,TRUE,,,,
428,566,,,,FALSE,TRUE,,,,
429,568,,,,FALSE,TRUE,,,,
430,570,,,,FALSE,TRUE,,,,
431,569,,,,FALSE,TRUE,,,,
432,572,,,,FALSE,TRUE,,,,
433,571,,,,FALSE,TRUE,,,,
434,573,,,,FALSE,TRUE,,,,
435,575,,,,FALSE,TRUE,,,,
436,574,,,,FALSE,TRUE,,,,
437,576,,,,FALSE,TRUE,,,,
438,578,,,,FALSE,TRUE,,,,
439,577,,,,FALSE,TRUE,,,,
440,581,,,,FALSE,TRUE,,,,
441,579,,,,FALSE,TRUE,,,,
442,580,,,,FALSE,TRUE,,,,
443,582,,,,FALSE,TRUE,,,,
444,583,,,,FALSE,TRUE,,,,
445,584,,,,FALSE,TRUE,,,,
446,585,,,,FALSE,TRUE,,,,
447,586,,,,FALSE,TRUE,,,,
448,590,,,,FALSE,TRUE,,,,
449,587,,,,FALSE,TRUE,,,,
450,588,,,,FALSE,TRUE,,,,
451,589,,,,FALSE,TRUE,,,,
452,591,,,,FALSE,TRUE,,,,
453,592,,,,FALSE,TRUE,,,,
454,598,,,,FALSE,TRUE,,,,
455,599,,,,FALSE,TRUE,,,,
456,603,,,,FALSE,TRUE,,,,
457,600,,,,FALSE,TRUE,,,,
458,601,,,,FALSE,TRUE,,,,
459,602,,,,FALSE,TRUE,,,,
460,605,,,,FALSE,TRUE,,,,
461,606,,,,FALSE,TRUE,,,,
462,604,,,,FALSE,TRUE,,,,
463,608,,,,FALSE,TRUE,,,,
464,607,,,,FALSE,TRUE,,,,
465,610,,,,FALSE,TRUE,,,,
466,611,,,,FALSE,TRUE,,,,
467,609,,,,FALSE,TRUE,,,,
468,613,,,,FALSE,TRUE,,,,
469,612,,,,FALSE,TRUE,,,,
470,615,,,,FALSE,TRUE,,,,
471,616,,,,FALSE,TRUE,,,,
472,614,,,,FALSE,TRUE,,,,
473,618,,,,FALSE,TRUE,,,,
474,617,,,,FALSE,TRUE,,,,
475,620,,,,FALSE,TRUE,,,,
476,621,,,,FALSE,TRUE,,,,
477,619,,,,FALSE,TRUE,,,,
478,626,,,,FALSE,TRUE,,,,
479,622,,,,FALSE,TRUE,,,,
480,623,,,,FALSE,TRUE,,,,
481,624,,,,FALSE,TRUE,,,,
482,625,,,,FALSE,TRUE,,,,
483,628,,,,FALSE,TRUE,,,,
484,634,,,,FALSE,TRUE,,,,
485,632,,,,FALSE,TRUE,,,,
486,630,,,,FALSE,TRUE,,,,
487,627,,,,FALSE,TRUE,,,,
488,635,,,,FALSE,TRUE,,,,
489,633,,,,FALSE,TRUE,,,,
490,629,,,,FALSE,TRUE,,,,
491,631,,,,FALSE,TRUE,,,,
492,636,,,,FALSE,TRUE,,,,
493,637,,,,FALSE,TRUE,,,,
494,638,,,,FALSE,TRUE,,,,
495,640,,,,FALSE,TRUE,,,,
496,642,,,,FALSE,TRUE,,,,
497,641,,,,FALSE,TRUE,,,,
498,643,,,,FALSE,TRUE,,,,
499,645,,,,FALSE,TRUE,,,,
500,644,,,,FALSE,TRUE,,,,
501,646,,,,FALSE,TRUE,,,,
502,647,,,,FALSE,TRUE,,,,
503,650,,,,FALSE,TRUE,,,,
504,648,,,,FALSE,TRUE,,,,
505,649,,,,FALSE,TRUE,,,,
506,651,,,,FALSE,TRUE,,,,
507,652,,,,FALSE,TRUE,,,,
508,653,,,,FALSE,TRUE,,,,
509,654,,,,FALSE,TRUE,,,,
510,655,,,,FALSE,TRUE,,,,
511,656,,,,FALSE,TRUE,,,,
512,657,,,,FALSE,TRUE,,,,
513,658,,,,FALSE,TRUE,,,,
514,659,,,,FALSE,TRUE,,,,
515,660,,,,FALSE,TRUE,,,,
516,661,,,,FALSE,TRUE,,,,
517,662,,,,FALSE,TRUE,,,,
518,663,,,,FALSE,TRUE,,,,
519,665,,,,FALSE,TRUE,,,,
520,547,,,,FALSE,TRUE,,,,
521,551,,,,FALSE,TRUE,,,,
522,548,,,,FALSE,TRUE,,,,
523,555,,,,FALSE,TRUE,,,,
524,666,,,,FALSE,TRUE,,,,
525,664,,,,FALSE,TRUE,,,,
526,546,,,,TRUE,FALSE,,,,
527,549,,,,TRUE,FALSE,,,,
528,553,,,,TRUE,FALSE,,,,
529,554,,,,TRUE,FALSE,,,,
530,545,,,,TRUE,FALSE,,,,
531,552,,,,TRUE,FALSE,,,,
532,550,,,,TRUE,FALSE,,,,
533,556,,,,TRUE,FALSE,,,,
534,593,,,,TRUE,FALSE,,,,
535,595,,,,TRUE,FALSE,,,,
536,596,,,,TRUE,FALSE,,,,
537,597,,,,TRUE,FALSE,,,,
538,594,,,,TRUE,FALSE,,,,
539,639,,,,TRUE,FALSE,,,,
540,667,,,,TRUE,FALSE,,,,
541,668,,,,TRUE,FALSE,,,,
542,669,,,,TRUE,FALSE,,,,
543,670,,,,TRUE,FALSE,,,,
544,671,,,,TRUE,FALSE,,,,
545,675,,,,TRUE,FALSE,,,,
546,674,,,,TRUE,FALSE,,,,
547,672,,,,TRUE,FALSE,,,,
548,673,,,,TRUE,FALSE,,,,
549,676,,,,TRUE,FALSE,,,,
550,677,,,,TRUE,FALSE,,,,
551,679,,,,TRUE,FALSE,,,,
552,678,,,,TRUE,FALSE,,,,
553,681,,,,TRUE,FALSE,,,,
554,680,,,,TRUE,FALSE,,,,
555,682,,,,TRUE,FALSE,,,,
556,684,,,,TRUE,FALSE,,,,
557,683,,,,TRUE,FALSE,,,,
558,558,,,,TRUE,FALSE,,,,
559,560,,,,TRUE,FALSE,,,,
560,559,,,,TRUE,FALSE,,,,
561,557,,,,TRUE,FALSE,,,,
562,561,,,,TRUE,FALSE,,,,
563,564,,,,TRUE,FALSE,,,,
564,563,,,,TRUE,FALSE,,,,
565,567,,,,TRUE,FALSE,,,,
566,562,,,,TRUE,FALSE,,,,
567,565,,,,TRUE,FALSE,,,,
568,566,,,,TRUE,FALSE,,,,
569,568,,,,TRUE,FALSE,,,,
570,570,,,,TRUE,FALSE,,,,
571,569,,,,TRUE,FALSE,,,,
572,572,,,,TRUE,FALSE,,,,
573,571,,,,TRUE,FALSE,,,,
574,573,,,,TRUE,FALSE,,,,
575,575,,,,TRUE,FALSE,,,,
576,574,,,,TRUE,FALSE,,,,
577,576,,,,TRUE,FALSE,,,,
578,578,,,,TRUE,FALSE,,,,
579,577,,,,TRUE,FALSE,,,,
580,581,,,,TRUE,FALSE,,,,
581,579,,,,TRUE,FALSE,,,,
582,580,,,,TRUE,FALSE,,,,
583,582,,,,TRUE,FALSE,,,,
584,583,,,,TRUE,FALSE,,,,
585,584,,,,TRUE,FALSE,,,,
586,585,,,,TRUE,FALSE,,,,
587,586,,,,TRUE,FALSE,,,,
588,590,,,,TRUE,FALSE,,,,
589,587,,,,TRUE,FALSE,,,,
590,588,,,,TRUE,FALSE,,,,
591,589,,,,TRUE,FALSE,,,,
592,591,,,,TRUE,FALSE,,,,
593,592,,,,TRUE,FALSE,,,,
594,598,,,,TRUE,FALSE,,,,
595,599,,,,TRUE,FALSE,,,,
596,603,,,,TRUE,FALSE,,,,
597,600,,,,TRUE,FALSE,,,,
598,601,,,,TRUE,FALSE,,,,
599,602,,,,TRUE,FALSE,,,,
600,605,,,,TRUE,FALSE,,,,
601,606,,,,TRUE,FALSE,,,,
602,604,,,,TRUE,FALSE,,,,
603,608,,,,TRUE,FALSE,,,,
604,607,,,,TRUE,FALSE,,,,
605,610,,,,TRUE,FALSE,,,,
606,611,,,,TRUE,FALSE,,,,
607,609,,,,TRUE,FALSE,,,,
608,613,,,,TRUE,FALSE,,,,
609,612,,,,TRUE,FALSE,,,,
610,615,,,,TRUE,FALSE,,,,
611,616,,,,TRUE,FALSE,,,,
612,614,,,,TRUE,FALSE,,,,
613,618,,,,TRUE,FALSE,,,,
614,617,,,,TRUE,FALSE,,,,
615,620,,,,TRUE,FALSE,,,,
616,621,,,,TRUE,FALSE,,,,
617,619,,,,TRUE,FALSE,,,,
618,626,,,,TRUE,FALSE,,,,
619,622,,,,TRUE,FALSE,,,,
620,623,,,,TRUE,FALSE,,,,
621,624,,,,TRUE,FALSE,,,,
622,625,,,,TRUE,FALSE,,,,
623,628,,,,TRUE,FALSE,,,,
624,634,,,,TRUE,FALSE,,,,
625,632,,,,TRUE,FALSE,,,,
626,630,,,,TRUE,FALSE,,,,
627,627,,,,TRUE,FALSE,,,,
628,635,,,,TRUE,FALSE,,,,
629,633,,,,TRUE,FALSE,,,,
630,629,,,,TRUE,FALSE,,,,
631,631,,,,TRUE,FALSE,,,,
632,636,,,,TRUE,FALSE,,,,
633,637,,,,TRUE,FALSE,,,,
634,638,,,,TRUE,FALSE,,,,
635,640,,,,TRUE,FALSE,,,,
636,642,,,,TRUE,FALSE,,,,
637,641,,,,TRUE,FALSE,,,,
638,643,,,,TRUE,FALSE,,,,
639,645,,,,TRUE,FALSE,,,,
640,644,,,,TRUE,FALSE,,,,
641,646,,,,TRUE,FALSE,,,,
642,647,,,,TRUE,FALSE,,,,
643,650,,,,TRUE,FALSE,,,,
644,648,,,,TRUE,FALSE,,,,
645,649,,,,TRUE,FALSE,,,,
646,651,,,,TRUE,FALSE,,,,
647,652,,,,TRUE,FALSE,,,,
648,653,,,,TRUE,FALSE,,,,
649,654,,,,TRUE,FALSE,,,,
650,655,,,,TRUE,FALSE,,,,
651,656,,,,TRUE,FALSE,,,,
652,657,,,,TRUE,FALSE,,,,
653,658,,,,TRUE,FALSE,,,,
654,659,,,,TRUE,FALSE,,,,
655,660,,,,TRUE,FALSE,,,,
656,661,,,,TRUE,FALSE,,,,
657,662,,,,TRUE,FALSE,,,,
658,663,,,,TRUE,FALSE,,,,
659,665,,,,TRUE,FALSE,,,,
660,547,,,,TRUE,FALSE,,,,
661,551,,,,TRUE,FALSE,,,,
662,548,,,,TRUE,FALSE,,,,
663,555,,,,TRUE,FALSE,,,,
664,666,,,,TRUE,FALSE,,,,
665,664,,,,TRUE,FALSE,,,,
666,546,,,,TRUE,TRUE,,,,
667,549,,,,TRUE,TRUE,,,,
668,553,,,,TRUE,TRUE,,,,
669,554,,,,TRUE,TRUE,,,,
670,545,,,,TRUE,TRUE,,,,
671,552,,,,TRUE,TRUE,,,,
672,550,,,,TRUE,TRUE,,,,
673,556,,,,TRUE,TRUE,,,,
674,593,,,,TRUE,TRUE,,,,
675,595,,,,TRUE,TRUE,,,,
676,596,,,,TRUE,TRUE,,,,
677,597,,,,TRUE,TRUE,,,,
678,594,,,,TRUE,TRUE,,,,
679,639,,,,TRUE,TRUE,,,,
680,667,,,,TRUE,TRUE,,,,
681,668,,,,TRUE,TRUE,,,,
682,669,,,,TRUE,TRUE,,,,
683,670,,,,TRUE,TRUE,,,,
684,671,,,,TRUE,TRUE,,,,
685,675,,,,TRUE,TRUE,,,,
686,674,,,,TRUE,TRUE,,,,
687,672,,,,TRUE,TRUE,,,,
688,673,,,,TRUE,TRUE,,,,
689,676,,,,TRUE,TRUE,,,,
690,677,,,,TRUE,TRUE,,,,
691,679,,,,TRUE,TRUE,,,,
692,678,,,,TRUE,TRUE,,,,
693,681,,,,TRUE,TRUE,,,,
694,680,,,,TRUE,TRUE,,,,
695,682,,,,TRUE,TRUE,,,,
696,684,,,,TRUE,TRUE,,,,
697,683,,,,TRUE,TRUE,,,,
698,558,,,,TRUE,TRUE,,,,
699,560,,,,TRUE,TRUE,,,,
700,559,,,,TRUE,TRUE,,,,
701,557,,,,TRUE,TRUE,,,,
702,561,,,,TRUE,TRUE,,,,
703,564,,,,TRUE,TRUE,,,,
704,563,,,,TRUE,TRUE,,,,
705,567,,,,TRUE,TRUE,,,,
706,562,,,,TRUE,TRUE,,,,
707,565,,,,TRUE,TRUE,,,,
708,566,,,,TRUE,TRUE,,,,
709,568,,,,TRUE,TRUE,,,,
710,570,,,,TRUE,TRUE,,,,
711,569,,,,TRUE,TRUE,,,,
712,572,,,,TRUE,TRUE,,,,
713,571,,,,TRUE,TRUE,,,,
714,573,,,,TRUE,TRUE,,,,
715,575,,,,TRUE,TRUE,,,,
716,574,,,,TRUE,TRUE,,,,
717,576,,,,TRUE,TRUE,,,,
718,578,,,,TRUE,TRUE,,,,
719,577,,,,TRUE,TRUE,,,,
720,581,,,,TRUE,TRUE,,,,
721,579,,,,TRUE,TRUE,,,,
722,580,,,,TRUE,TRUE,,,,
723,582,,,,TRUE,TRUE,,,,
724,583,,,,TRUE,TRUE,,,,
725,584,,,,TRUE,TRUE,,,,
726,585,,,,TRUE,TRUE,,,,
727,586,,,,TRUE,TRUE,,,,
728,590,,,,TRUE,TRUE,,,,
729,587,,,,TRUE,TRUE,,,,
730,588,,,,TRUE,TRUE,,,,
731,589,,,,TRUE,TRUE,,,,
732,591,,,,TRUE,TRUE,,,,
733,592,,,,TRUE,TRUE,,,,
734,598,,,,TRUE,TRUE,,,,
735,599,,,,TRUE,TRUE,,,,
736,603,,,,TRUE,TRUE,,,,
737,600,,,,TRUE,TRUE,,,,
738,601,,,,TRUE,TRUE,,,,
739,602,,,,TRUE,TRUE,,,,
740,605,,,,TRUE,TRUE,,,,
741,606,,,,TRUE,TRUE,,,,
742,604,,,,TRUE,TRUE,,,,
743,608,,,,TRUE,TRUE,,,,
744,607,,,,TRUE,TRUE,,,,
745,610,,,,TRUE,TRUE,,,,
746,611,,,,TRUE,TRUE,,,,
747,609,,,,TRUE,TRUE,,,,
748,613,,,,TRUE,TRUE,,,,
749,612,,,,TRUE,TRUE,,,,
750,615,,,,TRUE,TRUE,,,,
751,616,,,,TRUE,TRUE,,,,
752,614,,,,TRUE,TRUE,,,,
753,618,,,,TRUE,TRUE,,,,
754,617,,,,TRUE,TRUE,,,,
755,620,,,,TRUE,TRUE,,,,
756,621,,,,TRUE,TRUE,,,,
757,619,,,,TRUE,TRUE,,,,
758,626,,,,TRUE,TRUE,,,,
759,622,,,,TRUE,TRUE,,,,
760,623,,,,TRUE,TRUE,,,,
761,624,,,,TRUE,TRUE,,,,
762,625,,,,TRUE,TRUE,,,,
763,628,,,,TRUE,TRUE,,,,
764,634,,,,TRUE,TRUE,,,,
765,632,,,,TRUE,TRUE,,,,
766,630,,,,TRUE,TRUE,,,,
767,627,,,,TRUE,TRUE,,,,
768,635,,,,TRUE,TRUE,,,,
769,633,,,,TRUE,TRUE,,,,
770,629,,,,TRUE,TRUE,,,,
771,631,,,,TRUE,TRUE,,,,
772,636,,,,TRUE,TRUE,,,,
773,637,,,,TRUE,TRUE,,,,
774,638,,,,TRUE,TRUE,,,,
775,640,,,,TRUE,TRUE,,,,
776,642,,,,TRUE,TRUE,,,,
777,641,,,,TRUE,TRUE,,,,
778,643,,,,TRUE,TRUE,,,,
779,645,,,,TRUE,TRUE,,,,
780,644,,,,TRUE,TRUE,,,,
781,646,,,,TRUE,TRUE,,,,
782,647,,,,TRUE,TRUE,,,,
783,650,,,,TRUE,TRUE,,,,
784,648,,,,TRUE,TRUE,,,,
785,649,,,,TRUE,TRUE,,,,
786,651,,,,TRUE,TRUE,,,,
787,652,,,,TRUE,TRUE,,,,
788,653,,,,TRUE,TRUE,,,,
789,654,,,,TRUE,TRUE,,,,
790,655,,,,TRUE,TRUE,,,,
791,656,,,,TRUE,TRUE,,,,
792,657,,,,TRUE,TRUE,,,,
793,658,,,,TRUE,TRUE,,,,
794,659,,,,TRUE,TRUE,,,,
795,660,,,,TRUE,TRUE,,,,
796,661,,,,TRUE,TRUE,,,,
797,662,,,,TRUE,TRUE,,,,
798,663,,,,TRUE,TRUE,,,,
799,665,,,,TRUE,TRUE,,,,
800,547,,,,TRUE,TRUE,,,,
801,551,,,,TRUE,TRUE,,,,
802,548,,,,TRUE,TRUE,,,,
803,555,,,,TRUE,TRUE,,,,
804,666,,,,TRUE,TRUE,,,,
805,664,,,,TRUE,TRUE,,,,
806,71,,,,FALSE,TRUE,,,,
807,65,,,,FALSE,TRUE,,,,
808,65,,,,FALSE,FALSE,,,,
809,63,,,,FALSE,TRUE,,,,
810,63,,,,FALSE,FALSE,,,,
811,64,,,,FALSE,TRUE,,,,
812,64,,,,FALSE,FALSE,,,,
813,67,,,,FALSE,TRUE,,,,
814,67,,,,FALSE,FALSE,,,,
815,69,,,,FALSE,TRUE,,,,
816,69,,,,FALSE,FALSE,,,,
817,66,,,,FALSE,FALSE,,,,
818,70,,,,FALSE,TRUE,,,,
819,70,,,,FALSE,FALSE,,,,
820,68,,,,FALSE,TRUE,,,,
821,68,,,,FALSE,FALSE,,,,
822,77,,,,FALSE,TRUE,,,,
823,74,,,,FALSE,TRUE,,,,
824,74,,,,FALSE,FALSE,,,,
825,72,,,,FALSE,TRUE,,,,
826,72,,,,FALSE,FALSE,,,,
827,75,,,,FALSE,TRUE,,,,
828,75,,,,FALSE,FALSE,,,,
829,76,,,,FALSE,TRUE,,,,
830,76,,,,FALSE,FALSE,,,,
831,73,,,,FALSE,TRUE,,,,
832,73,,,,FALSE,FALSE,,,,
833,80,,,,FALSE,FALSE,,,,
834,79,,,,FALSE,TRUE,,,,
835,79,,,,FALSE,FALSE,,,,
836,78,,,,FALSE,TRUE,,,,
837,78,,,,FALSE,FALSE,,,,
838,82,,,,FALSE,TRUE,,,,
839,85,,,,FALSE,TRUE,,,,
840,85,,,,FALSE,FALSE,,,,
841,83,,,,FALSE,TRUE,,,,
842,83,,,,FALSE,FALSE,,,,
843,84,,,,FALSE,TRUE,,,,
844,84,,,,FALSE,FALSE,,,,
845,81,,,,FALSE,TRUE,,,,
846,81,,,,FALSE,FALSE,,,,
847,87,,,,FALSE,TRUE,,,,
848,87,,,,FALSE,FALSE,,,,
849,88,,,,FALSE,TRUE,,,,
850,88,,,,FALSE,FALSE,,,,
851,86,,,,FALSE,TRUE,,,,
852,86,,,,FALSE,FALSE,,,,
853,89,,,,FALSE,TRUE,,,,
854,89,,,,FALSE,FALSE,,,,
855,98,,,,FALSE,TRUE,,,,
856,97,,,,FALSE,TRUE,,,,
857,97,,,,FALSE,FALSE,,,,
858,91,,,,FALSE,TRUE,,,,
859,91,,,,FALSE,FALSE,,,,
860,92,,,,FALSE,TRUE,,,,
861,92,,,,FALSE,FALSE,,,,
862,93,,,,FALSE,TRUE,,,,
863,93,,,,FALSE,FALSE,,,,
864,90,,,,FALSE,TRUE,,,,
865,90,,,,FALSE,FALSE,,,,
866,96,,,,FALSE,TRUE,,,,
867,96,,,,FALSE,FALSE,,,,
868,95,,,,FALSE,TRUE,,,,
869,95,,,,FALSE,FALSE,,,,
870,94,,,,FALSE,TRUE,,,,
871,94,,,,FALSE,FALSE,,,,
872,100,,,,FALSE,TRUE,,,,
873,100,,,,FALSE,FALSE,,,,
874,104,,,,FALSE,TRUE,,,,
875,104,,,,FALSE,FALSE,,,,
876,105,,,,FALSE,TRUE,,,,
877,105,,,,FALSE,FALSE,,,,
878,103,,,,FALSE,TRUE,,,,
879,103,,,,FALSE,FALSE,,,,
880,106,,,,FALSE,TRUE,,,,
881,106,,,,FALSE,FALSE,,,,
882,102,,,,FALSE,TRUE,,,,
883,102,,,,FALSE,FALSE,,,,
884,101,,,,FALSE,TRUE,,,,
885,101,,,,FALSE,FALSE,,,,
886,99,,,,FALSE,TRUE,,,,
887,99,,,,FALSE,FALSE,,,,
888,107,,,,FALSE,TRUE,,,,
889,107,,,,FALSE,FALSE,,,,
890,114,,,,FALSE,TRUE,,,,
891,108,,,,FALSE,TRUE,,,,
892,108,,,,FALSE,FALSE,,,,
893,112,,,,FALSE,TRUE,,,,
894,112,,,,FALSE,FALSE,,,,
895,116,,,,FALSE,TRUE,,,,
896,116,,,,FALSE,FALSE,,,,
897,113,,,,FALSE,TRUE,,,,
898,113,,,,FALSE,FALSE,,,,
899,109,,,,FALSE,TRUE,,,,
900,109,,,,FALSE,FALSE,,,,
901,115,,,,FALSE,FALSE,,,,
902,111,,,,FALSE,TRUE,,,,
903,111,,,,FALSE,FALSE,,,,
904,110,,,,FALSE,TRUE,,,,
905,110,,,,FALSE,FALSE,,,,
906,54,,,,FALSE,TRUE,,,,
907,55,,,,FALSE,TRUE,,,,
908,55,,,,FALSE,FALSE,,,,
909,59,,,,FALSE,TRUE,,,,
910,59,,,,FALSE,FALSE,,,,
911,56,,,,FALSE,TRUE,,,,
912,56,,,,FALSE,FALSE,,,,
913,57,,,,FALSE,TRUE,,,,
914,57,,,,FALSE,FALSE,,,,
915,58,,,,FALSE,TRUE,,,,
916,58,,,,FALSE,FALSE,,,,
917,62,,,,FALSE,FALSE,,,,
918,60,,,,FALSE,TRUE,,,,
919,60,,,,FALSE,FALSE,,,,
920,61,,,,FALSE,TRUE,,,,
921,61,,,,FALSE,FALSE,,,,
922,51,,,,FALSE,TRUE,,,,
923,51,,,,FALSE,FALSE,,,,
924,117,,,,FALSE,TRUE,,,,
925,117,,,,FALSE,FALSE,,,,
926,53,,,,FALSE,TRUE,,,,
927,53,,,,FALSE,FALSE,,,,
928,52,,,,FALSE,TRUE,,,,
929,52,,,,FALSE,FALSE,,,,
930,817,08/04/14,,,FALSE,FALSE,,,,
931,841,08/04/14,,,FALSE,FALSE,,,,
932,813,10/19/14,,,TRUE,FALSE,,,,
933,807,10/19/14,,,TRUE,FALSE,,,,
934,805,10/19/14,,,TRUE,FALSE,,,,
935,808,10/19/14,,,TRUE,FALSE,,,,
936,806,10/19/14,,,TRUE,FALSE,,,,
937,814,10/19/14,,,TRUE,FALSE,,,,
938,815,10/19/14,,,TRUE,FALSE,,,,
939,809,10/19/14,,,TRUE,FALSE,,,,
940,811,10/19/14,,,TRUE,FALSE,,,,
941,816,10/19/14,,,TRUE,FALSE,,,,
942,810,10/19/14,,,TRUE,FALSE,,,,
943,812,10/19/14,,,TRUE,FALSE,,,,
944,824,10/14/14,,,TRUE,TRUE,,,,
945,801,10/16/14,,,TRUE,FALSE,,,,
946,804,10/16/14,,,TRUE,FALSE,,,,
947,803,10/16/14,,,TRUE,FALSE,,,,
948,802,10/16/14,,,TRUE,FALSE,,,,
949,825,10/16/14,,,TRUE,FALSE,,,,
950,826,10/16/14,,,TRUE,FALSE,,,,
951,828,10/16/14,,,TRUE,FALSE,,,,
952,827,10/16/14,,,TRUE,FALSE,,,,
953,832,10/16/14,,,TRUE,FALSE,,,,
954,833,10/16/14,,,TRUE,FALSE,,,,
955,831,10/16/14,,,TRUE,FALSE,,,,
956,830,10/16/14,,,TRUE,FALSE,,,,
957,829,10/16/14,,,TRUE,FALSE,,,,
958,834,10/16/14,,,TRUE,FALSE,,,,
959,823,10/21/14,,,TRUE,FALSE,,,,
960,818,10/21/14,,,TRUE,FALSE,,,,
961,819,10/21/14,,,TRUE,FALSE,,,,
962,820,10/21/14,,,TRUE,FALSE,,,,
963,822,10/21/14,,,TRUE,FALSE,,,,
964,821,10/21/14,,,TRUE,FALSE,,,,
965,835,10/21/14,,,TRUE,FALSE,,,,
966,836,10/21/14,,,TRUE,FALSE,,,,
967,837,10/21/14,,,TRUE,FALSE,,,,
968,838,10/21/14,,,TRUE,FALSE,,,,
969,839,10/21/14,,,TRUE,FALSE,,,,
970,840,10/21/14,,,TRUE,FALSE,,,,
971,758,07/18/14,,,FALSE,FALSE,,,,
972,758,07/18/14,,,FALSE,TRUE,,,,
973,758,07/18/14,,,TRUE,FALSE,,,,
974,758,07/18/14,,,TRUE,TRUE,,,,
975,759,11/09/14,,,TRUE,FALSE,,,,
976,759,11/09/14,,,TRUE,TRUE,,,,
977,729,08/12/14,,,TRUE,FALSE,,,,
978,730,07/18/14,,,FALSE,FALSE,,,,
979,730,07/18/14,,,TRUE,FALSE,,,,
980,730,07/18/14,,,FALSE,TRUE,,,,
981,731,11/09/14,,,TRUE,FALSE,,,,
982,731,11/09/14,,,TRUE,TRUE,,,,
983,732,08/15/14,,,FALSE,FALSE,,,,
984,732,11/09/14,,,TRUE,FALSE,,,,
985,732,08/15/14,,,FALSE,TRUE,,,,
986,732,11/09/14,,,TRUE,TRUE,,,,
987,733,09/19/14,,,FALSE,FALSE,,,,
988,733,11/09/14,,,TRUE,FALSE,,,,
989,733,09/19/14,,,FALSE,TRUE,,,,
990,733,11/09/14,,,TRUE,TRUE,,,,
991,686,08/12/14,,,TRUE,FALSE,,,,
992,686,08/12/14,,,TRUE,TRUE,,,,
993,685,07/18/14,,,FALSE,FALSE,,,,
994,685,07/18/14,,,FALSE,TRUE,,,,
995,685,08/12/14,,,TRUE,FALSE,,,,
996,685,08/12/14,,,TRUE,TRUE,,,,
997,691,11/09/14,,,TRUE,FALSE,,,,
998,691,11/09/14,,,TRUE,TRUE,,,,
999,687,11/09/14,,,TRUE,FALSE,,,,
1000,687,11/09/14,,,TRUE,TRUE,,,,
1001,690,11/09/14,,,TRUE,FALSE,,,,
1002,690,11/09/14,,,TRUE,TRUE,,,,
1003,688,11/09/14,,,TRUE,FALSE,,,,
1004,688,11/09/14,,,TRUE,TRUE,,,,
1005,689,11/09/14,,,TRUE,FALSE,,,,
1006,689,11/09/14,,,TRUE,TRUE,,,,
1007,713,08/12/14,,,TRUE,FALSE,,,,
1008,713,08/12/14,,,TRUE,TRUE,,,,
1009,714,07/19/14,,,FALSE,FALSE,,,,
1010,714,08/12/14,,,TRUE,FALSE,,,,
1011,715,08/16/14,,,FALSE,FALSE,,,,
1012,715,08/16/14,,,FALSE,TRUE,,,,
1013,715,11/09/14,,,TRUE,FALSE,,,,
1014,715,11/09/14,,,TRUE,TRUE,,,,
1015,716,11/09/14,,,TRUE,FALSE,,,,
1016,716,11/09/14,,,TRUE,TRUE,,,,
1017,734,08/12/14,,,TRUE,FALSE,,,,
1018,734,08/12/14,,,TRUE,TRUE,,,,
1019,736,07/19/14,,,FALSE,FALSE,,,,
1020,736,07/19/14,,,FALSE,TRUE,,,,
1021,737,11/09/14,,,TRUE,FALSE,,,,
1022,737,11/09/14,,,TRUE,TRUE,,,,
1023,735,11/09/14,,,TRUE,FALSE,,,,
1024,735,11/09/14,,,TRUE,TRUE,,,,
1025,739,11/09/14,,,TRUE,FALSE,,,,
1026,739,11/09/14,,,TRUE,TRUE,,,,
1027,742,11/09/14,,,TRUE,FALSE,,,,
1028,742,11/09/14,,,TRUE,TRUE,,,,
1029,746,08/12/14,,,TRUE,FALSE,,,,
1030,746,08/12/14,,,,TRUE,,,,
1031,746,08/12/14,,,TRUE,TRUE,,,,
1032,747,07/21/14,,,FALSE,FALSE,,,,
1033,747,07/21/14,,,FALSE,TRUE,,,,
1034,747,07/21/14,,,TRUE,FALSE,,,,
1035,747,11/09/14,,,TRUE,TRUE,,,,
1036,747,11/09/14,,,TRUE,FALSE,,,,
1037,748,11/09/14,,,TRUE,FALSE,,,,
1038,748,11/09/14,,,TRUE,TRUE,,,,
1039,749,11/09/14,,,TRUE,FALSE,,,,
1040,749,11/09/14,,,TRUE,TRUE,,,,
1041,750,11/09/14,,,TRUE,FALSE,,,,
1042,750,11/09/14,,,TRUE,TRUE,,,,
1043,752,11/09/14,,,TRUE,FALSE,,,,
1044,752,11/09/14,,,TRUE,TRUE,,,,
1045,760,11/09/14,,,TRUE,FALSE,,,,
1046,760,11/09/14,,,TRUE,TRUE,,,,
1047,761,11/09/14,,,TRUE,FALSE,,,,
1048,761,11/09/14,,,TRUE,TRUE,,,,
1049,763,11/09/14,,,TRUE,FALSE,,,,
1050,762,11/09/14,,,TRUE,TRUE,,,,
1051,703,08/12/14,,,FALSE,FALSE,,,,
1052,703,08/12/14,,,FALSE,TRUE,,,,
1053,701,07/18/14,,,FALSE,FALSE,,,,
1054,701,07/18/14,,,FALSE,TRUE,,,,
1055,701,11/09/14,,,TRUE,FALSE,,,,
1056,701,11/09/14,,,TRUE,TRUE,,,,
1057,704,11/09/14,,,TRUE,FALSE,,,,
1058,704,11/09/14,,,TRUE,TRUE,,,,
1059,700,08/15/14,,,FALSE,FALSE,,,,
1060,700,08/15/14,,,FALSE,TRUE,,,,
1061,700,11/09/14,,,TRUE,FALSE,,,,
1062,700,11/09/14,,,TRUE,TRUE,,,,
1063,699,11/09/14,,,TRUE,FALSE,,,,
1064,699,11/09/14,,,TRUE,TRUE,,,,
1065,702,09/10/14,,,FALSE,FALSE,,,,
1066,702,09/10/14,,,FALSE,TRUE,,,,
1067,702,11/09/14,,,TRUE,FALSE,,,,
1068,702,11/09/14,,,TRUE,TRUE,,,,
1069,770,08/12/14,,,TRUE,FALSE,,,,
1070,770,08/12/14,,,TRUE,TRUE,,,,
1071,771,08/12/14,,,TRUE,TRUE,,,,
1072,772,07/18/14,,,FALSE,TRUE,,,,
1073,772,07/18/14,,,FALSE,FALSE,,,,
1074,769,11/09/14,,,TRUE,FALSE,,,,
1075,769,11/09/14,,,TRUE,TRUE,,,,
1076,774,11/09/14,,,TRUE,FALSE,,,,
1077,774,11/09/14,,,TRUE,TRUE,,,,
1078,773,11/09/14,,,TRUE,FALSE,,,,
1079,773,11/09/14,,,TRUE,TRUE,,,,
1080,775,11/09/14,,,TRUE,TRUE,,,,
1081,775,11/09/14,,,TRUE,FALSE,,,,
1082,791,08/12/14,,,TRUE,FALSE,,,,
1083,791,08/12/14,,,TRUE,TRUE,,,,
1084,788,07/18/14,,,FALSE,FALSE,,,,
1085,788,08/12/14,,,TRUE,FALSE,,,,
1086,794,07/30/14,,,FALSE,FALSE,,,,
1087,794,08/12/14,,,TRUE,FALSE,,,,
1088,794,07/30/14,,,FALSE,TRUE,,,,
1089,794,08/12/14,,,TRUE,TRUE,,,,
1090,790,08/05/14,,,FALSE,FALSE,,,,
1091,790,08/12/14,,,TRUE,FALSE,,,,
1092,790,08/12/14,,,TRUE,TRUE,,,,
1093,792,08/12/14,,,FALSE,FALSE,,,,
1094,792,08/12/14,,,FALSE,TRUE,,,,
1095,789,08/20/14,,,FALSE,FALSE,,,,
1096,789,08/20/14,,,FALSE,TRUE,,,,
1097,795,08/27/14,,,FALSE,FALSE,,,,
1098,795,11/09/14,,,TRUE,FALSE,,,,
1099,795,08/27/14,,,FALSE,TRUE,,,,
1100,795,11/09/14,,,TRUE,TRUE,,,,
1101,793,11/09/14,,,TRUE,FALSE,,,,
1102,793,11/09/14,,,TRUE,TRUE,,,,
1103,717,11/09/14,,,TRUE,FALSE,,,,
1104,717,11/09/14,,,TRUE,TRUE,,,,
1105,718,11/09/14,,,TRUE,FALSE,,,,
1106,718,11/09/14,,,TRUE,TRUE,,,,
1107,714,07/19/14,,,FALSE,TRUE,,,,
1108,714,08/12/14,,,TRUE,TRUE,,,,
1109,729,08/12/14,,,TRUE,TRUE,,,,
1110,730,07/18/14,,,TRUE,TRUE,,,,
1111,796,08/12/14,,,TRUE,FALSE,,,,
1112,788,07/18/14,,,FALSE,TRUE,,,,
1113,788,08/12/14,,,TRUE,TRUE,,,,
1114,723,08/12/14,,,TRUE,FALSE,,,,
1115,726,07/18/14,,,FALSE,FALSE,,,,
1116,726,07/18/14,,,TRUE,FALSE,,,,
1117,726,07/18/14,,,FALSE,TRUE,,,,
1118,726,07/18/14,,,TRUE,TRUE,,,,
1119,728,11/09/14,,,TRUE,FALSE,,,,
1120,728,11/09/14,,,TRUE,TRUE,,,,
1121,727,09/19/14,,,FALSE,FALSE,,,,
1122,727,11/09/14,,,TRUE,FALSE,,,,
1123,727,11/09/14,,,TRUE,TRUE,,,,
1124,711,07/19/14,,,FALSE,FALSE,,,,
1125,711,08/12/14,,,TRUE,FALSE,,,,
1126,719,08/12/14,,,FALSE,FALSE,,,,
1127,719,11/09/14,,,TRUE,FALSE,,,,
1128,719,11/09/14,,,TRUE,TRUE,,,,
1129,720,11/09/14,,,TRUE,FALSE,,,,
1130,720,11/09/14,,,TRUE,TRUE,,,,
1131,764,07/18/14,,,FALSE,FALSE,,,,
1132,764,07/18/14,,,FALSE,TRUE,,,,
1133,764,07/18/14,,,TRUE,FALSE,,,,
1134,764,07/18/14,,,TRUE,TRUE,,,,
1135,765,11/09/14,,,TRUE,FALSE,,,,
1136,765,11/09/14,,,TRUE,TRUE,,,,
1137,721,11/09/14,,,TRUE,FALSE,,,,
1138,721,11/09/14,,,TRUE,TRUE,,,,
1139,712,08/12/14,,,TRUE,FALSE,,,,
1140,712,08/12/14,,,TRUE,TRUE,,,,
1141,722,11/09/14,,,TRUE,FALSE,,,,
1142,722,11/09/14,,,TRUE,TRUE,,,,
1143,767,11/09/14,,,TRUE,FALSE,,,,
1144,767,11/09/14,,,TRUE,TRUE,,,,
1145,768,11/09/14,,,TRUE,FALSE,,,,
1146,766,11/09/14,,,TRUE,TRUE,,,,
1147,766,11/09/14,,,TRUE,FALSE,,,,
1148,725,11/09/14,,,TRUE,FALSE,,,,
1149,725,11/09/14,,,TRUE,TRUE,,,,
1150,724,08/15/14,,,FALSE,FALSE,,,,
1151,724,11/09/14,,,TRUE,FALSE,,,,
1152,724,11/09/14,,,TRUE,TRUE,,,,
1153,696,08/12/14,,,TRUE,FALSE,,,,
1154,696,08/12/14,,,TRUE,TRUE,,,,
1155,693,07/18/14,,,FALSE,FALSE,,,,
1156,693,07/18/14,,,FALSE,TRUE,,,,
1157,693,08/12/14,,,TRUE,FALSE,,,,
1158,693,08/12/14,,,TRUE,TRUE,,,,
1159,697,11/09/14,,,TRUE,FALSE,,,,
1160,697,11/09/14,,,TRUE,TRUE,,,,
1161,698,11/09/14,,,TRUE,FALSE,,,,
1162,698,11/09/14,,,TRUE,TRUE,,,,
1163,694,11/09/14,,,TRUE,FALSE,,,,
1164,694,11/09/14,,,TRUE,TRUE,,,,
1165,695,11/09/14,,,TRUE,FALSE,,,,
1166,695,11/09/14,,,TRUE,TRUE,,,,
1167,692,11/09/14,,,TRUE,FALSE,,,,
1168,692,11/09/14,,,TRUE,TRUE,,,,
1169,744,08/12/14,,,TRUE,FALSE,,,,
1170,744,08/12/14,,,TRUE,TRUE,,,,
1171,743,07/19/14,,,FALSE,FALSE,,,,
1172,743,07/19/14,,,FALSE,TRUE,,,,
1173,741,11/09/14,,,TRUE,FALSE,,,,
1174,741,11/09/14,,,TRUE,TRUE,,,,
1175,745,11/09/14,,,TRUE,FALSE,,,,
1176,745,11/09/14,,,TRUE,TRUE,,,,
1177,738,11/09/14,,,TRUE,FALSE,,,,
1178,738,11/09/14,,,TRUE,TRUE,,,,
1179,740,11/09/14,,,TRUE,FALSE,,,,
1180,740,11/09/14,,,TRUE,TRUE,,,,
1181,753,08/12/14,,,TRUE,FALSE,,,,
1182,753,08/12/14,,,TRUE,TRUE,,,,
1183,754,07/21/14,,,FALSE,FALSE,,,,
1184,754,07/21/14,,,FALSE,TRUE,,,,
1185,754,11/09/14,,,TRUE,FALSE,,,,
1186,754,11/09/14,,,TRUE,TRUE,,,,
1187,755,11/09/14,,,TRUE,FALSE,,,,
1188,755,11/09/14,,,TRUE,TRUE,,,,
1189,756,11/09/14,,,TRUE,FALSE,,,,
1190,756,11/09/14,,,TRUE,TRUE,,,,
1191,757,11/09/14,,,TRUE,FALSE,,,,
1192,757,11/09/14,,,TRUE,TRUE,,,,
1193,751,11/09/14,,,TRUE,FALSE,,,,
1194,751,11/09/14,,,TRUE,TRUE,,,,
1195,708,07/18/14,,,FALSE,FALSE,,,,
1196,708,07/18/14,,,FALSE,TRUE,,,,
1197,708,08/12/14,,,TRUE,FALSE,,,,
1198,708,08/12/14,,,TRUE,TRUE,,,,
1199,707,11/09/14,,,TRUE,FALSE,,,,
1200,707,11/09/14,,,TRUE,TRUE,,,,
1201,705,08/15/14,,,FALSE,FALSE,,,,
1202,705,11/09/14,,,TRUE,FALSE,,,,
1203,705,11/09/14,,,TRUE,TRUE,,,,
1204,709,11/09/14,,,TRUE,FALSE,,,,
1205,709,11/09/14,,,TRUE,TRUE,,,,
1206,710,09/10/14,,,FALSE,FALSE,,,,
1207,710,11/09/14,,,TRUE,FALSE,,,,
1208,710,11/09/14,,,TRUE,TRUE,,,,
1209,780,08/12/14,,,TRUE,FALSE,,,,
1210,780,08/12/14,,,TRUE,TRUE,,,,
1211,777,07/18/14,,,FALSE,FALSE,,,,
1212,777,07/18/14,,,FALSE,TRUE,,,,
1213,781,11/09/14,,,TRUE,FALSE,,,,
1214,779,11/09/14,,,TRUE,TRUE,,,,
1215,779,11/09/14,,,TRUE,FALSE,,,,
1216,782,11/09/14,,,TRUE,FALSE,,,,
1217,782,11/09/14,,,TRUE,TRUE,,,,
1218,778,11/09/14,,,TRUE,FALSE,,,,
1219,778,11/09/14,,,TRUE,TRUE,,,,
1220,776,11/09/14,,,TRUE,FALSE,,,,
1221,776,11/09/14,,,TRUE,TRUE,,,,
1222,783,11/09/14,,,TRUE,FALSE,,,,
1223,783,11/09/14,,,TRUE,TRUE,,,,
1224,784,08/12/14,,,TRUE,FALSE,,,,
1225,784,08/12/14,,,TRUE,TRUE,,,,
1226,785,07/18/14,,,FALSE,FALSE,,,,
1227,785,08/12/14,,,TRUE,FALSE,,,,
1228,797,07/30/14,,,FALSE,FALSE,,,,
1229,797,08/12/14,,,TRUE,FALSE,,,,
1230,787,08/05/14,,,FALSE,FALSE,,,,
1231,787,08/12/14,,,TRUE,FALSE,,,,
1232,786,08/12/14,,,FALSE,FALSE,,,,
1233,798,08/20/14,,,FALSE,FALSE,,,,
1234,799,08/27/14,,,FALSE,FALSE,,,,
1235,799,11/09/14,,,TRUE,FALSE,,,,
1236,799,11/09/14,,,TRUE,TRUE,,,,
1237,800,11/09/14,,,TRUE,FALSE,,,,
1238,800,11/09/14,,,TRUE,TRUE,,,,
1239,706,08/12/14,,,FALSE,FALSE,,,,
1240,706,08/12/14,,,FALSE,TRUE,,,,
1241,711,07/19/14,,,FALSE,TRUE,,,,
1242,711,08/12/14,,,TRUE,TRUE,,,,
1243,785,07/18/14,,,FALSE,TRUE,,,,
1244,785,08/12/14,,,TRUE,TRUE,,,,
1245,723,08/12/14,,,TRUE,TRUE,,,,
1246,727,09/19/14,,,FALSE,TRUE,,,,
1247,719,08/12/14,,,FALSE,TRUE,,,,
1248,724,08/15/14,,,FALSE,TRUE,,,,
1249,705,08/15/14,,,FALSE,TRUE,,,,
1250,710,09/10/14,,,FALSE,TRUE,,,,
1251,797,07/30/14,,,FALSE,TRUE,,,,
1252,797,08/12/14,,,TRUE,TRUE,,,,
1253,787,08/12/14,,,TRUE,TRUE,,,,
1254,786,08/12/14,,,FALSE,TRUE,,,,
1255,798,08/20/14,,,FALSE,TRUE,,,,
1256,799,08/27/14,,,FALSE,TRUE,,,,
1257,385,08/13/14,14:30:00,,FALSE,FALSE,,,,
1258,385,08/13/14,14:30:00,,FALSE,TRUE,,,,
1259,386,08/14/14,14:50:00,,FALSE,FALSE,,,,
1260,386,08/14/14,14:50:00,,FALSE,TRUE,,,,
1261,387,08/13/14,14:55:00,,FALSE,FALSE,,,,
1262,387,08/13/14,14:55:00,,FALSE,TRUE,,,,
1263,388,08/13/14,15:10:00,,FALSE,FALSE,,,,
1264,388,08/13/14,15:10:00,,FALSE,TRUE,,,,
1265,389,08/13/14,15:21:00,,FALSE,FALSE,,,,
1266,389,08/13/14,15:21:00,,FALSE,TRUE,,,,
1267,390,08/13/14,15:29:00,,FALSE,FALSE,,,,
1268,390,08/13/14,15:29:00,,FALSE,TRUE,,,,
1269,391,08/13/14,15:40:00,,FALSE,FALSE,,,,
1270,391,08/13/14,15:40:00,,FALSE,TRUE,,,,
1271,183,08/28/14,13:12:00,,FALSE,FALSE,,,,
1272,183,08/28/14,13:12:00,,FALSE,TRUE,,,,
1273,184,08/28/14,12:50:00,,FALSE,FALSE,,,,
1274,184,08/28/14,12:50:00,,FALSE,TRUE,,,,
1275,185,08/28/14,12:55:00,,FALSE,FALSE,,,,
1276,185,08/28/14,12:55:00,,FALSE,TRUE,,,,
1277,186,08/28/14,13:05:00,,FALSE,FALSE,,,,
1278,186,08/28/14,13:05:00,,FALSE,TRUE,,,,
1279,187,08/28/14,13:18:00,,FALSE,FALSE,,,,
1280,187,08/28/14,13:18:00,,FALSE,TRUE,,,,
1281,188,08/28/14,13:25:00,,FALSE,FALSE,,,,
1282,188,08/28/14,13:25:00,,FALSE,TRUE,,,,
1283,189,08/28/14,13:01:00,,FALSE,FALSE,,,,
1284,189,08/28/14,13:01:00,,FALSE,TRUE,,,,
1285,190,08/29/14,10:44:00,,FALSE,FALSE,,,,
1286,190,08/29/14,10:44:00,,FALSE,TRUE,,,,
1287,191,08/29/14,10:39:00,,FALSE,FALSE,,,,
1288,191,08/29/14,10:39:00,,FALSE,TRUE,,,,
1289,192,08/28/14,10:33:00,,FALSE,FALSE,,,,
1290,192,08/28/14,10:33:00,,FALSE,TRUE,,,,
1291,193,08/29/14,10:55:00,,FALSE,FALSE,,,,
1292,193,08/29/14,10:55:00,,FALSE,TRUE,,,,
1293,194,08/29/14,10:10:00,,FALSE,FALSE,,,,
1294,194,08/29/14,10:10:00,,FALSE,TRUE,,,,
1295,195,08/29/14,10:27:00,,FALSE,FALSE,,,,
1296,195,08/29/14,10:27:00,,FALSE,TRUE,,,,
1297,196,08/29/14,10:51:00,,FALSE,FALSE,,,,
1298,196,08/29/14,10:51:00,,FALSE,TRUE,,,,
1299,121,09/04/14,11:15:00,,FALSE,FALSE,,,,
1300,121,09/04/14,11:15:00,,FALSE,TRUE,,,,
1301,122,09/04/14,11:19:00,,FALSE,FALSE,,,,
1302,122,09/04/14,11:19:00,,FALSE,TRUE,,,,
1303,123,09/04/14,11:09:00,,FALSE,FALSE,,,,
1304,123,09/04/14,11:09:00,,FALSE,TRUE,,,,
1305,124,09/04/14,11:05:00,,FALSE,FALSE,,,,
1306,124,09/04/14,11:05:00,,FALSE,TRUE,,,,
1307,125,09/04/14,11:00:00,,FALSE,FALSE,,,,
1308,125,09/04/14,11:00:00,,FALSE,TRUE,,,,
1309,126,09/04/14,10:50:00,,FALSE,FALSE,,,,
1310,126,09/04/14,10:50:00,,FALSE,TRUE,,,,
1311,127,09/04/14,10:35:00,,FALSE,FALSE,,,,
1312,127,09/04/14,10:35:00,,FALSE,TRUE,,,,
1313,312,09/09/14,09:37:00,,FALSE,FALSE,,,,
1314,312,09/09/14,09:37:00,,FALSE,TRUE,,,,
1315,314,09/09/14,09:43:00,,FALSE,FALSE,,,,
1316,314,09/09/14,09:43:00,,FALSE,TRUE,,,,
1317,315,09/09/14,09:50:00,,FALSE,FALSE,,,,
1318,315,09/09/14,09:50:00,,FALSE,TRUE,,,,
1319,316,09/09/14,10:01:00,,FALSE,FALSE,,,,
1320,316,09/09/14,10:01:00,,FALSE,TRUE,,,,
1321,317,09/09/14,10:07:00,,FALSE,FALSE,,,,
1322,317,09/09/14,10:07:00,,FALSE,TRUE,,,,
1323,318,09/09/14,10:15:00,,FALSE,FALSE,,,,
1324,318,09/09/14,10:15:00,,FALSE,TRUE,,,,
1325,313,09/09/14,09:14:00,,FALSE,FALSE,,,,
1326,313,09/09/14,09:14:00,,FALSE,TRUE,,,,
1327,229,09/11/14,15:22:00,,FALSE,FALSE,,,,
1328,229,09/11/14,15:22:00,,FALSE,TRUE,,,,
1329,230,09/11/14,15:05:00,,FALSE,FALSE,,,,
1330,230,09/11/14,15:05:00,,FALSE,TRUE,,,,
1331,231,09/11/14,15:31:00,,FALSE,FALSE,,,,
1332,231,09/11/14,15:31:00,,FALSE,TRUE,,,,
1333,232,09/11/14,15:39:00,,FALSE,FALSE,,,,
1334,232,09/11/14,15:39:00,,FALSE,TRUE,,,,
1335,233,09/11/14,10:00:00,,FALSE,FALSE,,,,
1336,233,09/11/14,10:00:00,,FALSE,TRUE,,,,
1337,234,09/11/14,15:58:00,,FALSE,FALSE,,,,
1338,234,09/11/14,15:58:00,,FALSE,TRUE,,,,
1339,235,09/11/14,16:10:00,,FALSE,FALSE,,,,
1340,235,09/11/14,16:10:00,,FALSE,TRUE,,,,
1341,236,09/11/14,16:25:00,,FALSE,FALSE,,,,
1342,236,09/11/14,16:25:00,,FALSE,TRUE,,,,
1343,237,09/11/14,16:33:00,,FALSE,FALSE,,,,
1344,237,09/11/14,16:33:00,,FALSE,TRUE,,,,
1345,238,09/11/14,15:15:00,,FALSE,FALSE,,,,
1346,238,09/11/14,15:15:00,,FALSE,TRUE,,,,
1347,413,09/15/14,10:27:00,,FALSE,FALSE,,,,
1348,413,09/15/14,10:27:00,,FALSE,TRUE,,,,
1349,415,09/15/14,10:50:00,,FALSE,FALSE,,,,
1350,415,09/15/14,10:50:00,,FALSE,TRUE,,,,
1351,416,09/15/14,10:45:00,,FALSE,FALSE,,,,
1352,416,09/15/14,10:45:00,,FALSE,TRUE,,,,
1353,417,09/15/14,10:41:00,,FALSE,FALSE,,,,
1354,417,09/15/14,10:41:00,,FALSE,TRUE,,,,
1355,414,09/15/14,10:31:00,,FALSE,FALSE,,,,
1356,414,09/15/14,10:31:00,,FALSE,TRUE,,,,
1357,418,09/15/14,10:54:00,,FALSE,FALSE,,,,
1358,418,09/15/14,10:54:00,,FALSE,TRUE,,,,
1359,419,09/15/14,10:36:00,,FALSE,FALSE,,,,
1360,419,09/15/14,10:36:00,,FALSE,TRUE,,,,
1361,206,09/17/14,15:20:00,,FALSE,FALSE,,,,
1362,206,09/17/14,15:20:00,,FALSE,TRUE,,,,
1363,207,09/17/14,15:31:00,,FALSE,FALSE,,,,
1364,207,09/17/14,15:31:00,,FALSE,TRUE,,,,
1365,208,09/17/14,15:33:00,,FALSE,FALSE,,,,
1366,208,09/17/14,15:33:00,,FALSE,TRUE,,,,
1367,209,09/17/14,15:27:00,,FALSE,FALSE,,,,
1368,209,09/17/14,15:27:00,,FALSE,TRUE,,,,
1369,206,09/17/14,15:24:00,,FALSE,FALSE,,,,
1370,206,09/17/14,15:24:00,,FALSE,TRUE,,,,
1371,210,09/17/14,15:16:00,,FALSE,FALSE,,,,
1372,210,09/17/14,15:16:00,,FALSE,TRUE,,,,
1373,211,09/17/14,15:02:00,,FALSE,FALSE,,,,
1374,211,09/17/14,15:02:00,,FALSE,TRUE,,,,
1375,212,09/17/14,15:08:00,,FALSE,FALSE,,,,
1376,212,09/17/14,15:08:00,,FALSE,TRUE,,,,
1377,213,09/17/14,15:02:00,,FALSE,TRUE,,,,
1378,213,09/17/14,15:02:00,,FALSE,FALSE,,,,
1379,214,09/17/14,15:06:00,,FALSE,FALSE,,,,
1380,214,09/17/14,15:06:00,,FALSE,TRUE,,,,
1381,150,10/17/14,17:05:00,,FALSE,FALSE,,,,
1382,150,10/17/14,17:05:00,,FALSE,TRUE,,,,
1383,151,10/17/14,17:00:00,,FALSE,FALSE,,,,
1384,151,10/17/14,17:00:00,,FALSE,TRUE,,,,
1385,152,10/17/14,17:02:00,,FALSE,FALSE,,,,
1386,152,10/17/14,17:02:00,,FALSE,TRUE,,,,
1387,153,10/17/14,17:08:00,,FALSE,FALSE,,,,
1388,153,10/17/14,17:08:00,,FALSE,TRUE,,,,
1389,154,10/17/14,17:17:00,,FALSE,FALSE,,,,
1390,154,10/17/14,17:17:00,,FALSE,TRUE,,,,
1391,155,10/17/14,17:19:00,,FALSE,FALSE,,,,
1392,155,10/17/14,17:19:00,,FALSE,TRUE,,,,
1393,156,10/17/14,17:14:00,,FALSE,FALSE,,,,
1394,156,10/17/14,17:14:00,,FALSE,TRUE,,,,
1395,343,10/17/14,10:55:00,,FALSE,FALSE,,,,
1396,343,10/17/14,10:55:00,,FALSE,TRUE,,,,
1397,344,10/17/14,10:58:00,,FALSE,FALSE,,,,
1398,344,10/17/14,10:58:00,,FALSE,TRUE,,,,
1399,345,10/17/14,11:03:00,,FALSE,FALSE,,,,
1400,345,10/17/14,11:03:00,,FALSE,TRUE,,,,
1401,346,10/17/14,11:14:00,,FALSE,FALSE,,,,
1402,346,10/17/14,11:14:00,,FALSE,TRUE,,,,
1403,347,10/17/14,11:23:00,,FALSE,FALSE,,,,
1404,347,10/17/14,11:23:00,,FALSE,TRUE,,,,
1405,348,10/17/14,11:25:00,,FALSE,FALSE,,,,
1406,348,10/17/14,11:25:00,,FALSE,TRUE,,,,
1407,349,10/17/14,10:52:00,,FALSE,FALSE,,,,
1408,349,10/17/14,10:52:00,,FALSE,TRUE,,,,
1409,305,10/17/14,10:22:00,,FALSE,FALSE,,,,
1410,305,10/17/14,10:22:00,,FALSE,TRUE,,,,
1411,307,10/17/14,10:46:00,,FALSE,FALSE,,,,
1412,307,10/17/14,10:46:00,,FALSE,TRUE,,,,
1413,308,10/17/14,10:44:00,,FALSE,FALSE,,,,
1414,308,10/17/14,10:44:00,,FALSE,TRUE,,,,
1415,309,10/17/14,10:34:00,,FALSE,FALSE,,,,
1416,309,10/17/14,10:34:00,,FALSE,TRUE,,,,
1417,310,10/17/14,10:31:00,,FALSE,FALSE,,,,
1418,310,10/17/14,10:31:00,,FALSE,TRUE,,,,
1419,306,10/17/14,10:25:00,,FALSE,FALSE,,,,
1420,306,10/17/14,10:25:00,,FALSE,TRUE,,,,
1421,311,10/17/14,10:28:00,,FALSE,FALSE,,,,
1422,311,10/17/14,10:28:00,,FALSE,TRUE,,,,
1423,377,09/04/14,15:31:00,,FALSE,FALSE,,,,
1424,377,09/04/14,15:31:00,,FALSE,TRUE,,,,
1425,378,09/04/14,15:09:00,,FALSE,FALSE,,,,
1426,378,09/04/14,15:09:00,,FALSE,TRUE,,,,
1427,379,09/04/14,15:15:00,,FALSE,FALSE,,,,
1428,379,09/04/14,15:15:00,,FALSE,TRUE,,,,
1429,380,09/04/14,15:36:00,,FALSE,FALSE,,,,
1430,380,09/04/14,15:36:00,,FALSE,TRUE,,,,
1431,381,09/04/14,15:44:00,,FALSE,FALSE,,,,
1432,381,09/04/14,15:44:00,,FALSE,TRUE,,,,
1433,382,09/04/14,15:20:00,,FALSE,FALSE,,,,
1434,382,09/04/14,15:20:00,,FALSE,TRUE,,,,
1435,383,09/04/14,15:25:00,,FALSE,FALSE,,,,
1436,383,09/04/14,15:25:00,,FALSE,TRUE,,,,
1437,384,10/16/14,10:36:00,,FALSE,FALSE,,,,
1438,384,10/16/14,10:36:00,,FALSE,TRUE,,,,
1439,392,10/16/14,10:47:00,,FALSE,FALSE,,,,
1440,392,10/16/14,10:47:00,,FALSE,TRUE,,,,
1441,393,10/16/14,10:39:00,,FALSE,FALSE,,,,
1442,393,10/16/14,10:39:00,,FALSE,TRUE,,,,
1443,394,10/16/14,10:33:00,,FALSE,FALSE,,,,
1444,394,10/16/14,10:33:00,,FALSE,TRUE,,,,
1445,395,10/16/14,10:32:00,,FALSE,FALSE,,,,
1446,395,10/16/14,10:32:00,,FALSE,TRUE,,,,
1447,396,10/16/14,10:27:00,,FALSE,FALSE,,,,
1448,396,10/16/14,10:27:00,,FALSE,TRUE,,,,
1449,397,10/16/14,10:43:00,,FALSE,FALSE,,,,
1450,397,10/16/14,10:43:00,,FALSE,TRUE,,,,
1451,434,10/16/14,09:32:00,,FALSE,FALSE,,,,
1452,434,10/16/14,09:32:00,,FALSE,TRUE,,,,
1453,435,10/16/14,09:29:00,,FALSE,FALSE,,,,
1454,435,10/16/14,09:29:00,,FALSE,TRUE,,,,
1455,436,10/16/14,09:34:00,,FALSE,FALSE,,,,
1456,436,10/16/14,09:34:00,,FALSE,TRUE,,,,
1457,437,10/16/14,09:42:00,,FALSE,FALSE,,,,
1458,437,10/16/14,09:42:00,,FALSE,TRUE,,,,
1459,438,10/16/14,09:47:00,,FALSE,FALSE,,,,
1460,438,10/16/14,09:47:00,,FALSE,TRUE,,,,
1461,439,10/16/14,09:51:00,,FALSE,FALSE,,,,
1462,439,10/16/14,09:51:00,,FALSE,TRUE,,,,
1463,440,10/16/14,09:37:00,,FALSE,FALSE,,,,
1464,440,10/16/14,09:37:00,,FALSE,TRUE,,,,
1465,215,10/15/14,15:26:00,,FALSE,FALSE,,,,
1466,215,10/15/14,15:26:00,,FALSE,TRUE,,,,
1467,217,10/15/14,15:24:00,,FALSE,FALSE,,,,
1468,217,10/15/14,15:24:00,,FALSE,TRUE,,,,
1469,218,10/15/14,15:20:00,,FALSE,FALSE,,,,
1470,218,10/15/14,15:20:00,,FALSE,TRUE,,,,
1471,216,10/15/14,15:15:00,,FALSE,FALSE,,,,
1472,216,10/15/14,15:15:00,,FALSE,TRUE,,,,
1473,219,10/15/14,15:12:00,,FALSE,FALSE,,,,
1474,219,10/15/14,15:12:00,,FALSE,TRUE,,,,
1475,220,10/15/14,15:08:00,,FALSE,FALSE,,,,
1476,220,10/15/14,15:08:00,,FALSE,TRUE,,,,
1477,221,10/15/14,15:05:00,,FALSE,FALSE,,,,
1478,221,10/15/14,15:05:00,,FALSE,TRUE,,,,
1479,128,10/15/14,14:50:00,,FALSE,FALSE,,,,
1480,128,10/15/14,14:50:00,,FALSE,TRUE,,,,
1481,129,10/15/14,14:52:00,,FALSE,FALSE,,,,
1482,129,10/15/14,14:52:00,,FALSE,TRUE,,,,
1483,130,10/15/14,14:48:00,,FALSE,FALSE,,,,
1484,130,10/15/14,14:48:00,,FALSE,TRUE,,,,
1485,131,10/15/14,14:44:00,,FALSE,FALSE,,,,
1486,131,10/15/14,14:44:00,,FALSE,TRUE,,,,
1487,132,10/15/14,14:40:00,,FALSE,FALSE,,,,
1488,132,10/15/14,14:40:00,,FALSE,TRUE,,,,
1489,133,10/15/14,14:37:00,,FALSE,FALSE,,,,
1490,133,10/15/14,14:37:00,,FALSE,TRUE,,,,
1491,134,10/15/14,14:35:00,,FALSE,FALSE,,,,
1492,134,10/15/14,14:35:00,,FALSE,TRUE,,,,
1493,491,10/15/14,14:04:00,,FALSE,FALSE,,,,
1494,491,10/15/14,14:04:00,,FALSE,TRUE,,,,
1495,492,10/15/14,13:50:00,,FALSE,FALSE,,,,
1496,492,10/15/14,13:50:00,,FALSE,TRUE,,,,
1497,494,10/15/14,14:07:00,,FALSE,FALSE,,,,
1498,494,10/15/14,14:07:00,,FALSE,TRUE,,,,
1499,495,10/15/14,14:01:00,,FALSE,FALSE,,,,
1500,495,10/15/14,14:01:00,,FALSE,TRUE,,,,
1501,496,10/15/14,13:59:00,,FALSE,FALSE,,,,
1502,496,10/15/14,13:59:00,,FALSE,TRUE,,,,
1503,497,10/15/14,13:55:00,,FALSE,FALSE,,,,
1504,497,10/15/14,13:55:00,,FALSE,TRUE,,,,
1505,493,10/15/14,13:53:00,,FALSE,FALSE,,,,
1506,493,10/15/14,13:53:00,,FALSE,TRUE,,,,
1507,319,09/19/14,10:14:00,,FALSE,FALSE,,,,
1508,319,09/19/14,10:14:00,,FALSE,TRUE,,,,
1509,320,09/19/14,10:29:00,,FALSE,FALSE,,,,
1510,320,09/19/14,10:29:00,,FALSE,TRUE,,,,
1511,321,09/19/14,10:24:00,,FALSE,FALSE,,,,
1512,321,09/19/14,10:24:00,,FALSE,TRUE,,,,
1513,322,09/19/14,10:10:00,,FALSE,FALSE,,,,
1514,322,09/19/14,10:10:00,,FALSE,TRUE,,,,
1515,324,09/19/14,10:16:00,,FALSE,FALSE,,,,
1516,324,09/19/14,10:16:00,,FALSE,TRUE,,,,
1517,323,09/19/14,10:12:00,,FALSE,FALSE,,,,
1518,323,09/19/14,10:12:00,,FALSE,TRUE,,,,
1519,325,09/18/14,10:22:00,,FALSE,FALSE,,,,
1520,325,09/18/14,10:22:00,,FALSE,TRUE,,,,
1521,355,09/19/14,10:58:00,,FALSE,FALSE,,,,
1522,355,09/19/14,10:58:00,,FALSE,TRUE,,,,
1523,356,09/19/14,10:45:00,,FALSE,FALSE,,,,
1524,356,09/19/14,10:45:00,,FALSE,TRUE,,,,
1525,358,09/19/14,10:50:00,,FALSE,FALSE,,,,
1526,358,09/19/14,10:50:00,,FALSE,TRUE,,,,
1527,359,09/19/14,10:48:00,,FALSE,FALSE,,,,
1528,359,09/19/14,10:48:00,,FALSE,TRUE,,,,
1529,357,09/19/14,10:40:00,,FALSE,FALSE,,,,
1530,357,09/19/14,10:40:00,,FALSE,TRUE,,,,
1531,360,09/19/14,10:54:00,,FALSE,FALSE,,,,
1532,360,09/19/14,10:54:00,,FALSE,TRUE,,,,
1533,361,09/19/14,11:15:00,,FALSE,FALSE,,,,
1534,361,09/19/14,11:15:00,,FALSE,TRUE,,,,
1535,398,09/18/14,13:40:00,,FALSE,FALSE,,,,
1536,398,09/18/14,13:40:00,,FALSE,TRUE,,,,
1537,399,09/18/14,13:27:00,,FALSE,FALSE,,,,
1538,399,09/18/14,13:27:00,,FALSE,TRUE,,,,
1539,400,09/18/14,14:02:00,,FALSE,FALSE,,,,
1540,400,09/18/14,14:02:00,,FALSE,TRUE,,,,
1541,401,09/18/14,13:56:00,,FALSE,FALSE,,,,
1542,401,09/18/14,13:56:00,,FALSE,TRUE,,,,
1543,402,09/18/14,14:04:00,,FALSE,FALSE,,,,
1544,402,09/18/14,14:04:00,,FALSE,TRUE,,,,
1545,403,09/18/14,13:52:00,,FALSE,FALSE,,,,
1546,403,09/18/14,13:52:00,,FALSE,TRUE,,,,
1547,404,09/18/14,13:59:00,,FALSE,FALSE,,,,
1548,404,09/18/14,13:59:00,,FALSE,TRUE,,,,
1549,441,09/18/14,14:23:00,,FALSE,FALSE,,,,
1550,441,09/18/14,14:23:00,,FALSE,TRUE,,,,
1551,443,09/18/14,14:42:00,,FALSE,FALSE,,,,
1552,443,09/18/14,14:42:00,,FALSE,TRUE,,,,
1553,442,09/18/14,14:18:00,,FALSE,FALSE,,,,
1554,442,09/18/14,14:18:00,,FALSE,TRUE,,,,
1555,444,09/18/14,14:44:00,,FALSE,FALSE,,,,
1556,444,09/18/14,14:44:00,,FALSE,TRUE,,,,
1557,445,09/18/14,14:26:00,,FALSE,FALSE,,,,
1558,445,09/18/14,14:26:00,,FALSE,TRUE,,,,
1559,446,09/18/14,14:40:00,,FALSE,FALSE,,,,
1560,446,09/18/14,14:40:00,,FALSE,TRUE,,,,
1561,447,09/18/14,14:35:00,,FALSE,FALSE,,,,
1562,447,09/18/14,14:35:00,,FALSE,TRUE,,,,
1563,448,09/18/14,14:34:00,,FALSE,FALSE,,,,
1564,448,09/18/14,14:34:00,,FALSE,TRUE,,,,
1565,449,09/15/14,14:33:00,,FALSE,FALSE,,,,
1566,449,09/15/14,14:33:00,,FALSE,TRUE,,,,
1567,450,09/18/14,14:29:00,,FALSE,FALSE,,,,
1568,450,09/18/14,14:29:00,,FALSE,TRUE,,,,
1569,498,09/15/14,09:35:00,,FALSE,FALSE,,,,
1570,498,09/15/14,09:35:00,,FALSE,TRUE,,,,
1571,499,09/15/14,09:41:00,,FALSE,FALSE,,,,
1572,499,09/15/14,09:41:00,,FALSE,TRUE,,,,
1573,500,09/15/14,09:41:00,,FALSE,FALSE,,,,
1574,500,09/15/14,09:41:00,,FALSE,TRUE,,,,
1575,501,09/15/14,09:51:00,,FALSE,FALSE,,,,
1576,501,09/15/14,09:51:00,,FALSE,TRUE,,,,
1577,502,09/15/14,09:56:00,,FALSE,FALSE,,,,
1578,502,09/15/14,09:56:00,,FALSE,TRUE,,,,
1579,503,09/15/14,10:02:00,,FALSE,FALSE,,,,
1580,503,09/15/14,10:02:00,,FALSE,TRUE,,,,
1581,504,09/15/14,10:08:00,,FALSE,FALSE,,,,
1582,504,09/15/14,10:08:00,,FALSE,TRUE,,,,
1583,135,09/17/14,13:59:00,,FALSE,FALSE,,,,
1584,135,09/17/14,13:59:00,,FALSE,TRUE,,,,
1585,136,09/17/14,14:06:00,,FALSE,FALSE,,,,
1586,136,09/17/14,14:06:00,,FALSE,TRUE,,,,
1587,137,09/17/14,13:57:00,,FALSE,FALSE,,,,
1588,137,09/17/14,13:57:00,,FALSE,TRUE,,,,
1589,138,09/17/14,14:04:00,,FALSE,FALSE,,,,
1590,138,09/17/14,14:04:00,,FALSE,TRUE,,,,
1591,139,09/17/14,13:50:00,,FALSE,FALSE,,,,
1592,139,09/17/14,13:50:00,,FALSE,TRUE,,,,
1593,141,09/17/14,14:10:00,,FALSE,FALSE,,,,
1594,141,09/17/14,14:10:00,,FALSE,TRUE,,,,
1595,140,09/17/14,13:55:00,,FALSE,FALSE,,,,
1596,140,09/17/14,13:55:00,,FALSE,TRUE,,,,
1597,420,10/15/14,11:30:00,,FALSE,FALSE,,,,
1598,420,10/15/14,11:30:00,,FALSE,TRUE,,,,
1599,422,10/15/14,11:48:00,,FALSE,FALSE,,,,
1600,422,10/15/14,11:48:00,,FALSE,TRUE,,,,
1601,423,10/15/14,11:51:00,,FALSE,FALSE,,,,
1602,423,10/15/14,11:51:00,,FALSE,TRUE,,,,
1603,424,10/15/14,11:55:00,,FALSE,FALSE,,,,
1604,424,10/15/14,11:55:00,,FALSE,TRUE,,,,
1605,425,10/15/14,11:59:00,,FALSE,FALSE,,,,
1606,425,10/15/14,11:59:00,,FALSE,TRUE,,,,
1607,426,10/15/14,12:02:00,,FALSE,FALSE,,,,
1608,426,10/15/14,12:02:00,,FALSE,TRUE,,,,
1609,421,10/15/14,11:45:00,,FALSE,FALSE,,,,
1610,421,10/15/14,11:45:00,,FALSE,TRUE,,,,
1611,239,10/15/14,09:50:00,,FALSE,FALSE,,,,
1612,239,10/15/14,09:50:00,,FALSE,TRUE,,,,
1613,240,10/15/14,10:46:00,,FALSE,FALSE,,,,
1614,240,10/15/14,10:46:00,,FALSE,TRUE,,,,
1615,241,10/15/14,10:44:00,,FALSE,FALSE,,,,
1616,241,10/15/14,10:44:00,,FALSE,TRUE,,,,
1617,242,10/15/14,09:40:00,,FALSE,FALSE,,,,
1618,242,10/15/14,09:40:00,,FALSE,TRUE,,,,
1619,244,10/15/14,09:54:00,,FALSE,FALSE,,,,
1620,244,10/15/14,09:54:00,,FALSE,TRUE,,,,
1621,245,10/15/14,09:45:00,,FALSE,FALSE,,,,
1622,245,10/15/14,09:45:00,,FALSE,TRUE,,,,
1623,246,10/15/14,09:57:00,,FALSE,FALSE,,,,
1624,246,10/15/14,09:57:00,,FALSE,TRUE,,,,
1625,247,10/15/14,10:20:00,,FALSE,FALSE,,,,
1626,247,10/15/14,10:20:00,,FALSE,TRUE,,,,
1627,248,10/15/14,10:26:00,,FALSE,FALSE,,,,
1628,248,10/15/14,10:26:00,,FALSE,TRUE,,,,
1629,243,10/15/14,09:35:00,,FALSE,FALSE,,,,
1630,243,10/15/14,09:35:00,,FALSE,TRUE,,,,
1631,362,10/03/14,13:52:00,,FALSE,FALSE,,,,
1632,362,10/03/14,13:52:00,,FALSE,TRUE,,,,
1633,363,10/03/14,13:40:00,,FALSE,FALSE,,,,
1634,363,10/03/14,13:40:00,,FALSE,TRUE,,,,
1635,364,10/03/14,13:45:00,,FALSE,FALSE,,,,
1636,364,10/03/14,13:45:00,,FALSE,TRUE,,,,
1637,365,10/03/14,13:48:00,,FALSE,FALSE,,,,
1638,365,10/03/14,13:48:00,,FALSE,TRUE,,,,
1639,366,10/03/14,13:58:00,,FALSE,FALSE,,,,
1640,366,10/03/14,13:58:00,,FALSE,TRUE,,,,
1641,367,10/03/14,13:32:00,,FALSE,FALSE,,,,
1642,367,10/03/14,13:32:00,,FALSE,TRUE,,,,
1643,368,10/03/14,13:37:00,,FALSE,FALSE,,,,
1644,368,10/03/14,13:37:00,,FALSE,TRUE,,,,
1645,326,10/03/14,13:21:00,,FALSE,FALSE,,,,
1646,326,10/03/14,13:21:00,,FALSE,TRUE,,,,
1647,327,10/03/14,13:00:00,,FALSE,FALSE,,,,
1648,327,10/03/14,13:00:00,,FALSE,TRUE,,,,
1649,328,10/03/14,13:04:00,,FALSE,FALSE,,,,
1650,328,10/03/14,13:04:00,,FALSE,TRUE,,,,
1651,329,10/03/14,13:08:00,,FALSE,FALSE,,,,
1652,329,10/03/14,13:08:00,,FALSE,TRUE,,,,
1653,330,10/03/14,13:17:00,,FALSE,FALSE,,,,
1654,330,10/03/14,13:17:00,,FALSE,TRUE,,,,
1655,331,10/03/14,13:25:00,,FALSE,FALSE,,,,
1656,331,10/03/14,13:25:00,,FALSE,TRUE,,,,
1657,332,10/03/14,13:12:00,,FALSE,FALSE,,,,
1658,332,10/03/14,13:12:00,,FALSE,TRUE,,,,
1659,405,10/03/14,12:53:00,,FALSE,FALSE,,,,
1660,405,10/03/14,12:53:00,,FALSE,TRUE,,,,
1661,406,10/03/14,12:48:00,,FALSE,FALSE,,,,
1662,406,10/03/14,12:48:00,,FALSE,TRUE,,,,
1663,407,10/03/14,12:45:00,,FALSE,FALSE,,,,
1664,407,10/03/14,12:45:00,,FALSE,TRUE,,,,
1665,408,10/03/14,12:41:00,,FALSE,FALSE,,,,
1666,408,10/03/14,12:41:00,,FALSE,TRUE,,,,
1667,409,10/03/14,12:38:00,,FALSE,FALSE,,,,
1668,409,10/03/14,12:38:00,,FALSE,TRUE,,,,
1669,410,10/03/14,12:34:00,,FALSE,FALSE,,,,
1670,410,10/03/14,12:34:00,,FALSE,TRUE,,,,
1671,411,10/03/14,12:30:00,,FALSE,FALSE,,,,
1672,411,10/03/14,12:30:00,,FALSE,TRUE,,,,
1673,451,10/03/14,11:58:00,,FALSE,FALSE,,,,
1674,451,10/03/14,11:58:00,,FALSE,TRUE,,,,
1675,452,10/03/14,11:48:00,,FALSE,FALSE,,,,
1676,452,10/03/14,11:48:00,,FALSE,TRUE,,,,
1677,454,10/03/14,12:21:00,,FALSE,FALSE,,,,
1678,454,10/03/14,12:21:00,,FALSE,TRUE,,,,
1679,455,10/03/14,12:16:00,,FALSE,FALSE,,,,
1680,455,10/03/14,12:16:00,,FALSE,TRUE,,,,
1681,456,10/03/14,12:08:00,,FALSE,FALSE,,,,
1682,456,10/03/14,12:08:00,,FALSE,TRUE,,,,
1683,457,10/03/14,12:03:00,,FALSE,FALSE,,,,
1684,457,10/03/14,12:03:00,,FALSE,TRUE,,,,
1685,453,10/03/14,11:54:00,,FALSE,FALSE,,,,
1686,453,10/03/14,11:54:00,,FALSE,TRUE,,,,
1687,157,10/01/14,13:06:00,,FALSE,FALSE,,,,
1688,157,10/01/14,13:06:00,,FALSE,TRUE,,,,
1689,158,10/01/14,12:47:00,,FALSE,FALSE,,,,
1690,158,10/01/14,12:47:00,,FALSE,TRUE,,,,
1691,160,10/01/14,13:19:00,,FALSE,FALSE,,,,
1692,160,10/01/14,13:19:00,,FALSE,TRUE,,,,
1693,161,10/01/14,13:13:00,,FALSE,FALSE,,,,
1694,161,10/01/14,13:13:00,,FALSE,TRUE,,,,
1695,162,10/01/14,13:25:00,,FALSE,FALSE,,,,
1696,162,10/01/14,13:25:00,,FALSE,TRUE,,,,
1697,163,10/01/14,13:01:00,,FALSE,FALSE,,,,
1698,163,10/01/14,13:01:00,,FALSE,TRUE,,,,
1699,164,10/01/14,12:56:00,,FALSE,FALSE,,,,
1700,164,10/01/14,12:56:00,,FALSE,TRUE,,,,
1701,165,10/01/14,12:43:00,,FALSE,FALSE,,,,
1702,165,10/01/14,12:43:00,,FALSE,TRUE,,,,
1703,166,10/01/14,12:51:00,,FALSE,FALSE,,,,
1704,166,10/01/14,12:51:00,,FALSE,TRUE,,,,
1705,159,10/01/14,12:37:00,,FALSE,FALSE,,,,
1706,159,10/01/14,12:37:00,,FALSE,TRUE,,,,
1707,142,10/01/14,10:10:00,,FALSE,FALSE,,,,
1708,142,10/01/14,10:10:00,,FALSE,TRUE,,,,
1709,143,10/01/14,10:14:00,,FALSE,FALSE,,,,
1710,143,10/01/14,10:14:00,,FALSE,TRUE,,,,
1711,144,10/01/14,10:20:00,,FALSE,FALSE,,,,
1712,144,10/01/14,10:20:00,,FALSE,TRUE,,,,
1713,145,10/01/14,10:25:00,,FALSE,FALSE,,,,
1714,145,10/01/14,10:25:00,,FALSE,TRUE,,,,
1715,146,10/01/14,10:32:00,,FALSE,FALSE,,,,
1716,146,10/01/14,10:32:00,,FALSE,TRUE,,,,
1717,147,10/01/14,10:38:00,,FALSE,FALSE,,,,
1718,147,10/01/14,10:38:00,,FALSE,TRUE,,,,
1719,148,10/01/14,10:42:00,,FALSE,FALSE,,,,
1720,148,10/01/14,10:42:00,,FALSE,TRUE,,,,
1721,222,10/01/14,10:45:00,,FALSE,FALSE,,,,
1722,222,10/01/14,10:45:00,,FALSE,TRUE,,,,
1723,222,10/01/14,10:43:00,,FALSE,FALSE,,,,
1724,222,10/01/14,10:43:00,,FALSE,TRUE,,,,
1725,223,10/01/14,10:30:00,,FALSE,FALSE,,,,
1726,223,10/01/14,10:30:00,,FALSE,TRUE,,,,
1727,224,10/01/14,10:49:00,,FALSE,FALSE,,,,
1728,224,10/01/14,10:49:00,,FALSE,TRUE,,,,
1729,225,10/01/14,10:55:00,,FALSE,FALSE,,,,
1730,225,10/01/14,10:55:00,,FALSE,TRUE,,,,
1731,225,10/01/14,11:00:00,,FALSE,FALSE,,,,
1732,225,10/01/14,11:00:00,,FALSE,TRUE,,,,
1733,222,10/01/14,10:34:00,,FALSE,FALSE,,,,
1734,222,10/01/14,10:34:00,,FALSE,TRUE,,,,
1735,167,09/18/14,09:38:00,,FALSE,FALSE,,,,
1736,167,09/18/14,09:38:00,,FALSE,TRUE,,,,
1737,168,09/18/14,10:40:00,,FALSE,FALSE,,,,
1738,168,09/18/14,10:40:00,,FALSE,TRUE,,,,
1739,168,09/18/14,10:45:00,,FALSE,FALSE,,,,
1740,168,09/18/14,10:45:00,,FALSE,TRUE,,,,
1741,169,09/18/14,10:48:00,,FALSE,FALSE,,,,
1742,169,09/18/14,10:48:00,,FALSE,TRUE,,,,
1743,170,09/18/14,10:13:00,,FALSE,FALSE,,,,
1744,170,09/18/14,10:13:00,,FALSE,TRUE,,,,
1745,170,09/18/14,09:41:00,,FALSE,FALSE,,,,
1746,170,09/18/14,09:41:00,,FALSE,TRUE,,,,
1747,167,09/18/14,09:34:00,,FALSE,FALSE,,,,
1748,167,09/18/14,09:34:00,,FALSE,TRUE,,,,
1749,167,09/18/14,09:30:00,,FALSE,FALSE,,,,
1750,167,09/18/14,09:30:00,,FALSE,TRUE,,,,
1751,171,09/18/14,09:25:00,,FALSE,FALSE,,,,
1752,171,09/18/14,09:25:00,,FALSE,TRUE,,,,
1753,170,09/18/14,10:12:00,,FALSE,FALSE,,,,
1754,170,09/18/14,10:12:00,,FALSE,TRUE,,,,
1755,197,08/29/14,09:40:00,,FALSE,FALSE,,,,
1756,197,08/29/14,09:40:00,,FALSE,TRUE,,,,
1757,198,08/29/14,09:03:00,,FALSE,FALSE,,,,
1758,198,08/29/14,09:03:00,,FALSE,TRUE,,,,
1759,200,08/29/14,09:54:00,,FALSE,FALSE,,,,
1760,200,08/29/14,09:54:00,,FALSE,TRUE,,,,
1761,201,08/29/14,09:48:00,,FALSE,FALSE,,,,
1762,201,08/29/14,09:48:00,,FALSE,TRUE,,,,
1763,202,08/29/14,09:34:00,,FALSE,FALSE,,,,
1764,202,08/29/14,09:34:00,,FALSE,TRUE,,,,
1765,199,08/29/14,09:14:00,,FALSE,FALSE,,,,
1766,199,08/29/14,09:14:00,,FALSE,TRUE,,,,
1767,203,08/29/14,09:22:00,,FALSE,FALSE,,,,
1768,203,08/29/14,09:22:00,,FALSE,TRUE,,,,
1769,485,08/28/14,09:15:00,,FALSE,FALSE,,,,
1770,485,08/28/14,09:15:00,,FALSE,TRUE,,,,
1771,486,08/28/14,09:22:00,,FALSE,FALSE,,,,
1772,486,08/28/14,09:22:00,,FALSE,TRUE,,,,
1773,487,08/28/14,09:28:00,,FALSE,FALSE,,,,
1774,487,08/28/14,09:28:00,,FALSE,TRUE,,,,
1775,488,08/28/14,09:35:00,,FALSE,FALSE,,,,
1776,488,08/28/14,09:35:00,,FALSE,TRUE,,,,
1777,489,08/28/14,09:42:00,,FALSE,FALSE,,,,
1778,489,08/28/14,09:42:00,,FALSE,TRUE,,,,
1779,490,08/28/14,09:48:00,,FALSE,FALSE,,,,
1780,490,08/28/14,09:48:00,,FALSE,TRUE,,,,
1781,490,08/28/14,09:53:00,,FALSE,FALSE,,,,
1782,490,08/28/14,09:53:00,,FALSE,TRUE,,,,
1783,226,09/04/14,12:14:00,,FALSE,FALSE,,,,
1784,226,09/04/14,12:14:00,,FALSE,TRUE,,,,
1785,227,09/04/14,11:32:00,,FALSE,FALSE,,,,
1786,227,09/04/14,11:32:00,,FALSE,TRUE,,,,
1787,228,09/04/14,13:20:00,,FALSE,FALSE,,,,
1788,228,09/04/14,13:20:00,,FALSE,TRUE,,,,
1789,228,09/04/14,13:14:00,,FALSE,FALSE,,,,
1790,228,09/04/14,13:14:00,,FALSE,TRUE,,,,
1791,228,09/04/14,13:04:00,,FALSE,FALSE,,,,
1792,228,09/04/14,13:04:00,,FALSE,TRUE,,,,
1793,226,09/04/14,12:03:00,,FALSE,FALSE,,,,
1794,226,09/04/14,12:03:00,,FALSE,TRUE,,,,
1795,227,09/04/14,11:57:00,,FALSE,FALSE,,,,
1796,227,09/04/14,11:57:00,,FALSE,TRUE,,,,
1797,227,09/04/14,11:45:00,,FALSE,FALSE,,,,
1798,227,09/04/14,11:45:00,,FALSE,TRUE,,,,
1799,227,09/04/14,11:40:00,,FALSE,FALSE,,,,
1800,227,09/04/14,11:40:00,,FALSE,TRUE,,,,
1801,226,09/04/14,12:07:00,,FALSE,FALSE,,,,
1802,226,09/04/14,12:07:00,,FALSE,TRUE,,,,
1803,527,08/28/14,12:01:00,,FALSE,FALSE,,,,
1804,527,08/28/14,12:01:00,,FALSE,TRUE,,,,
1805,528,08/28/14,12:27:00,,FALSE,FALSE,,,,
1806,528,08/28/14,12:27:00,,FALSE,TRUE,,,,
1807,529,08/28/14,12:19:00,,FALSE,FALSE,,,,
1808,529,08/28/14,12:19:00,,FALSE,TRUE,,,,
1809,530,08/28/14,12:05:00,,FALSE,FALSE,,,,
1810,530,08/28/14,12:05:00,,FALSE,TRUE,,,,
1811,525,08/28/14,11:55:00,,FALSE,FALSE,,,,
1812,525,08/28/14,11:55:00,,FALSE,TRUE,,,,
1813,525,08/28/14,11:48:00,,FALSE,FALSE,,,,
1814,525,08/28/14,11:48:00,,FALSE,TRUE,,,,
1815,526,08/28/14,12:13:00,,FALSE,FALSE,,,,
1816,526,08/28/14,12:13:00,,FALSE,TRUE,,,,
1817,350,09/09/14,11:18:00,,FALSE,FALSE,,,,
1818,350,09/09/14,11:18:00,,FALSE,TRUE,,,,
1819,351,09/09/14,10:25:00,,FALSE,FALSE,,,,
1820,351,09/09/14,10:25:00,,FALSE,TRUE,,,,
1821,353,09/09/14,11:28:00,,FALSE,FALSE,,,,
1822,353,09/09/14,11:28:00,,FALSE,TRUE,,,,
1823,354,09/09/14,11:38:00,,FALSE,FALSE,,,,
1824,354,09/09/14,11:38:00,,FALSE,TRUE,,,,
1825,354,09/09/14,11:24:00,,FALSE,FALSE,,,,
1826,354,09/09/14,11:24:00,,FALSE,TRUE,,,,
1827,350,09/09/14,11:15:00,,FALSE,FALSE,,,,
1828,350,09/09/14,11:15:00,,FALSE,TRUE,,,,
1829,369,09/09/14,11:06:00,,FALSE,FALSE,,,,
1830,369,09/09/14,11:06:00,,FALSE,TRUE,,,,
1831,352,09/09/14,10:49:00,,FALSE,FALSE,,,,
1832,352,09/09/14,10:49:00,,FALSE,TRUE,,,,
1833,352,09/09/14,10:37:00,,FALSE,FALSE,,,,
1834,352,09/09/14,10:37:00,,FALSE,TRUE,,,,
1835,352,09/09/14,10:44:00,,FALSE,FALSE,,,,
1836,352,09/09/14,10:44:00,,FALSE,TRUE,,,,
1837,249,09/26/14,12:47:00,,FALSE,FALSE,,,,
1838,249,09/26/14,12:47:00,,FALSE,TRUE,,,,
1839,250,09/26/14,13:08:00,,FALSE,FALSE,,,,
1840,250,09/26/14,13:02:00,,FALSE,FALSE,,,,
1841,251,09/26/14,12:15:00,,FALSE,FALSE,,,,
1842,251,09/26/14,12:15:00,,FALSE,TRUE,,,,
1843,250,09/26/14,12:52:00,,FALSE,FALSE,,,,
1844,250,09/26/14,12:52:00,,FALSE,TRUE,,,,
1845,253,09/26/14,12:37:00,,FALSE,FALSE,,,,
1846,253,09/26/14,12:37:00,,FALSE,TRUE,,,,
1847,252,09/26/14,12:33:00,,FALSE,FALSE,,,,
1848,252,09/26/14,12:33:00,,FALSE,TRUE,,,,
1849,252,09/26/14,12:22:00,,FALSE,FALSE,,,,
1850,252,09/26/14,12:22:00,,FALSE,TRUE,,,,
1851,252,09/26/14,12:28:00,,FALSE,FALSE,,,,
1852,252,09/26/14,12:28:00,,FALSE,TRUE,,,,
1853,249,09/26/14,12:42:00,,FALSE,FALSE,,,,
1854,249,09/26/14,12:42:00,,FALSE,TRUE,,,,
1855,427,09/26/14,11:56:00,,FALSE,FALSE,,,,
1856,427,09/26/14,11:56:00,,FALSE,TRUE,,,,
1857,427,09/26/14,12:01:00,,FALSE,FALSE,,,,
1858,427,09/26/14,12:01:00,,FALSE,TRUE,,,,
1859,428,09/26/14,11:51:00,,FALSE,FALSE,,,,
1860,428,09/26/14,11:51:00,,FALSE,TRUE,,,,
1861,429,09/26/14,11:47:00,,FALSE,FALSE,,,,
1862,429,09/26/14,11:47:00,,FALSE,TRUE,,,,
1863,429,09/26/14,11:41:00,,FALSE,FALSE,,,,
1864,429,09/26/14,11:41:00,,FALSE,TRUE,,,,
1865,429,09/26/14,11:36:00,,FALSE,FALSE,,,,
1866,429,09/26/14,11:36:00,,FALSE,TRUE,,,,
1867,430,09/26/14,11:32:00,,FALSE,FALSE,,,,
1868,430,09/26/14,11:32:00,,FALSE,TRUE,,,,
1869,505,09/26/14,10:48:00,,FALSE,FALSE,,,,
1870,505,09/26/14,10:48:00,,FALSE,TRUE,,,,
1871,505,09/26/14,10:53:00,,FALSE,FALSE,,,,
1872,505,09/26/14,10:53:00,,FALSE,TRUE,,,,
1873,505,09/26/14,10:58:00,,FALSE,FALSE,,,,
1874,505,09/26/14,10:58:00,,FALSE,TRUE,,,,
1875,507,09/26/14,11:04:00,,FALSE,FALSE,,,,
1876,507,09/26/14,11:04:00,,FALSE,TRUE,,,,
1877,507,09/26/14,11:10:00,,FALSE,FALSE,,,,
1878,507,09/26/14,11:10:00,,FALSE,TRUE,,,,
1879,508,09/26/14,11:15:00,,FALSE,FALSE,,,,
1880,508,09/26/14,11:15:00,,FALSE,TRUE,,,,
1881,506,09/26/14,10:43:00,,FALSE,FALSE,,,,
1882,506,09/26/14,10:43:00,,FALSE,TRUE,,,,
1883,458,09/04/14,16:59:00,,FALSE,FALSE,,,,
1884,458,09/04/14,16:59:00,,FALSE,TRUE,,,,
1885,459,09/04/14,16:50:00,,FALSE,FALSE,,,,
1886,459,09/04/14,16:50:00,,FALSE,TRUE,,,,
1887,460,09/04/14,17:05:00,,FALSE,FALSE,,,,
1888,460,09/04/14,17:05:00,,FALSE,TRUE,,,,
1889,461,09/04/14,16:56:00,,FALSE,FALSE,,,,
1890,461,09/04/14,16:56:00,,FALSE,TRUE,,,,
1891,462,09/04/14,16:35:00,,FALSE,FALSE,,,,
1892,462,09/04/14,16:35:00,,FALSE,TRUE,,,,
1893,463,09/04/14,16:28:00,,FALSE,FALSE,,,,
1894,463,09/04/14,16:28:00,,FALSE,TRUE,,,,
1895,464,09/04/14,16:18:00,,FALSE,FALSE,,,,
1896,464,09/04/14,16:18:00,,FALSE,TRUE,,,,
1897,465,09/04/14,16:10:00,,FALSE,FALSE,,,,
1898,465,09/04/14,16:10:00,,FALSE,TRUE,,,,
1899,466,09/04/14,16:23:00,,FALSE,FALSE,,,,
1900,466,09/04/14,16:23:00,,FALSE,TRUE,,,,
1901,467,09/04/14,16:46:00,,FALSE,FALSE,,,,
1902,467,09/04/14,16:46:00,,FALSE,TRUE,,,,
1903,172,09/03/14,13:49:00,,FALSE,FALSE,,,,
1904,172,09/03/14,13:49:00,,FALSE,TRUE,,,,
1905,173,09/03/14,13:47:00,,FALSE,FALSE,,,,
1906,173,09/03/14,13:47:00,,FALSE,TRUE,,,,
1907,174,09/03/14,13:41:00,,FALSE,FALSE,,,,
1908,174,09/03/14,13:41:00,,FALSE,TRUE,,,,
1909,175,09/03/14,13:37:00,,FALSE,FALSE,,,,
1910,175,09/03/14,13:37:00,,FALSE,TRUE,,,,
1911,176,09/03/14,13:29:00,,FALSE,FALSE,,,,
1912,176,09/03/14,13:29:00,,FALSE,TRUE,,,,
1913,177,09/03/14,13:13:00,,FALSE,FALSE,,,,
1914,177,09/03/14,13:13:00,,FALSE,TRUE,,,,
1915,178,09/03/14,13:05:00,,FALSE,FALSE,,,,
1916,178,09/03/14,13:05:00,,FALSE,TRUE,,,,
1917,179,09/03/14,12:56:00,,FALSE,FALSE,,,,
1918,179,09/03/14,12:56:00,,FALSE,TRUE,,,,
1919,180,09/03/14,12:36:00,,FALSE,FALSE,,,,
1920,180,09/03/14,12:36:00,,FALSE,TRUE,,,,
1921,181,09/03/14,13:17:00,,FALSE,FALSE,,,,
1922,181,09/03/14,13:17:00,,FALSE,TRUE,,,,
1923,431,08/28/14,10:20:00,,FALSE,FALSE,,,,
1924,431,08/28/14,10:20:00,,FALSE,TRUE,,,,
1925,432,08/28/14,10:33:00,,FALSE,FALSE,,,,
1926,432,08/28/14,10:33:00,,FALSE,TRUE,,,,
1927,433,08/28/14,10:08:00,,FALSE,FALSE,,,,
1928,433,08/28/14,10:08:00,,FALSE,TRUE,,,,
1929,519,08/27/14,15:10:00,,FALSE,TRUE,,,,
1930,519,08/27/14,15:10:00,,FALSE,FALSE,,,,
1931,520,08/27/14,15:38:00,,FALSE,FALSE,,,,
1932,520,08/27/14,15:38:00,,FALSE,TRUE,,,,
1933,521,08/27/14,15:32:00,,FALSE,FALSE,,,,
1934,521,08/27/14,15:32:00,,FALSE,TRUE,,,,
1935,522,08/27/14,15:26:00,,FALSE,FALSE,,,,
1936,522,08/27/14,15:26:00,,FALSE,TRUE,,,,
1937,523,08/27/14,15:15:00,,FALSE,FALSE,,,,
1938,523,08/27/14,15:15:00,,FALSE,TRUE,,,,
1939,519,08/27/14,14:56:00,,FALSE,FALSE,,,,
1940,519,08/27/14,14:56:00,,FALSE,TRUE,,,,
1941,524,08/27/14,15:20:00,,FALSE,FALSE,,,,
1942,524,08/27/14,15:20:00,,FALSE,TRUE,,,,
1943,254,08/27/14,12:58:00,,FALSE,FALSE,,,,
1944,254,08/27/14,12:58:00,,FALSE,TRUE,,,,
1945,258,08/27/14,13:29:00,,FALSE,FALSE,,,,
1946,258,08/27/14,13:29:00,,FALSE,TRUE,,,,
1947,259,08/27/14,13:24:00,,FALSE,FALSE,,,,
1948,259,08/27/14,13:24:00,,FALSE,TRUE,,,,
1949,260,08/27/14,13:16:00,,FALSE,FALSE,,,,
1950,260,08/27/14,13:16:00,,FALSE,TRUE,,,,
1951,261,08/27/14,13:56:00,,FALSE,FALSE,,,,
1952,261,08/27/14,13:56:00,,FALSE,TRUE,,,,
1953,256,08/27/14,12:50:00,,FALSE,FALSE,,,,
1954,256,08/27/14,12:50:00,,FALSE,TRUE,,,,
1955,257,08/27/14,12:41:00,,FALSE,FALSE,,,,
1956,257,08/27/14,12:41:00,,FALSE,TRUE,,,,
1957,255,08/27/14,12:32:00,,FALSE,FALSE,,,,
1958,255,08/27/14,12:32:00,,FALSE,TRUE,,,,
1959,262,08/27/14,13:10:00,,FALSE,FALSE,,,,
1960,262,08/27/14,13:10:00,,FALSE,TRUE,,,,
1961,263,08/27/14,13:05:00,,FALSE,FALSE,,,,
1962,263,08/27/14,13:05:00,,FALSE,TRUE,,,,
1963,478,08/27/14,10:51:00,,FALSE,FALSE,,,,
1964,478,08/27/14,10:51:00,,FALSE,TRUE,,,,
1965,479,08/27/14,11:28:00,,FALSE,FALSE,,,,
1966,479,08/27/14,11:28:00,,FALSE,TRUE,,,,
1967,480,08/27/14,11:20:00,,FALSE,TRUE,,,,
1968,480,08/27/14,11:20:00,,FALSE,FALSE,,,,
1969,481,08/27/14,10:27:00,,FALSE,FALSE,,,,
1970,481,08/27/14,10:27:00,,FALSE,TRUE,,,,
1971,482,08/27/14,10:34:00,,FALSE,FALSE,,,,
1972,482,08/27/14,10:34:00,,FALSE,TRUE,,,,
1973,483,08/27/14,10:59:00,,FALSE,FALSE,,,,
1974,483,08/27/14,10:59:00,,FALSE,TRUE,,,,
1975,484,08/27/14,11:08:00,,FALSE,FALSE,,,,
1976,484,08/27/14,11:08:00,,FALSE,TRUE,,,,
1977,509,08/26/14,15:00:00,,FALSE,FALSE,,,,
1978,509,08/26/14,15:00:00,,FALSE,TRUE,,,,
1979,510,08/26/14,14:55:00,,FALSE,FALSE,,,,
1980,510,08/26/14,14:55:00,,FALSE,TRUE,,,,
1981,511,08/26/14,15:20:00,,FALSE,FALSE,,,,
1982,511,08/26/14,15:20:00,,FALSE,TRUE,,,,
1983,512,08/26/14,15:16:00,,FALSE,FALSE,,,,
1984,512,08/26/14,15:16:00,,FALSE,TRUE,,,,
1985,513,08/26/14,15:11:00,,FALSE,FALSE,,,,
1986,513,08/26/14,15:11:00,,FALSE,TRUE,,,,
1987,514,08/26/14,14:31:00,,FALSE,FALSE,,,,
1988,514,08/26/14,14:31:00,,FALSE,TRUE,,,,
1989,516,08/26/14,14:50:00,,FALSE,FALSE,,,,
1990,516,08/26/14,14:50:00,,FALSE,TRUE,,,,
1991,517,08/24/14,14:46:00,,FALSE,FALSE,,,,
1992,517,08/24/14,14:46:00,,FALSE,TRUE,,,,
1993,515,08/26/14,14:41:00,,FALSE,FALSE,,,,
1994,515,08/26/14,14:41:00,,FALSE,TRUE,,,,
1995,518,08/26/14,15:05:00,,FALSE,FALSE,,,,
1996,518,08/26/14,15:05:00,,FALSE,TRUE,,,,
1997,468,08/26/14,12:21:00,,FALSE,FALSE,,,,
1998,468,08/26/14,12:21:00,,FALSE,TRUE,,,,
1999,469,08/26/14,12:50:00,,FALSE,FALSE,,,,
2000,469,08/26/14,12:50:00,,FALSE,TRUE,,,,
2001,470,08/26/14,12:44:00,,FALSE,FALSE,,,,
2002,470,08/26/14,12:44:00,,FALSE,TRUE,,,,
2003,471,08/26/14,12:39:00,,FALSE,FALSE,,,,
2004,471,08/26/14,12:39:00,,FALSE,TRUE,,,,
2005,472,08/26/14,12:26:00,,FALSE,FALSE,,,,
2006,472,08/26/14,12:26:00,,FALSE,TRUE,,,,
2007,473,08/26/14,12:57:00,,FALSE,FALSE,,,,
2008,473,08/26/14,12:57:00,,FALSE,TRUE,,,,
2009,474,08/26/14,12:14:00,,FALSE,FALSE,,,,
2010,474,08/26/14,12:14:00,,FALSE,TRUE,,,,
2011,475,08/26/14,12:05:00,,FALSE,FALSE,,,,
2012,475,08/26/14,12:05:00,,FALSE,TRUE,,,,
2013,476,08/26/14,11:56:00,,FALSE,FALSE,,,,
2014,476,08/26/14,11:56:00,,FALSE,TRUE,,,,
2015,477,08/26/14,12:34:00,,FALSE,FALSE,,,,
2016,477,08/26/14,12:34:00,,FALSE,TRUE,,,,
2017,274,08/22/14,15:44:00,,FALSE,FALSE,,,,
2018,274,08/22/14,15:44:00,,FALSE,TRUE,,,,
2019,275,08/22/14,15:55:00,,FALSE,FALSE,,,,
2020,275,08/22/14,15:55:00,,FALSE,TRUE,,,,
2021,269,08/22/14,15:18:00,,FALSE,FALSE,,,,
2022,269,08/22/14,15:18:00,,FALSE,TRUE,,,,
2023,270,08/22/14,15:34:00,,FALSE,FALSE,,,,
2024,270,08/22/14,15:34:00,,FALSE,TRUE,,,,
2025,271,08/22/14,15:18:00,,FALSE,FALSE,,,,
2026,271,08/22/14,15:18:00,,FALSE,TRUE,,,,
2027,272,08/22/14,15:28:00,,FALSE,FALSE,,,,
2028,272,08/22/14,15:28:00,,FALSE,TRUE,,,,
2029,273,08/22/14,15:40:00,,FALSE,FALSE,,,,
2030,273,08/22/14,15:40:00,,FALSE,TRUE,,,,
2031,333,08/22/14,14:40:00,,FALSE,FALSE,,,,
2032,333,08/22/14,14:40:00,,FALSE,TRUE,,,,
2033,334,08/22/14,14:10:00,,FALSE,FALSE,,,,
2034,334,08/22/14,14:10:00,,FALSE,TRUE,,,,
2035,335,08/22/14,14:15:00,,FALSE,FALSE,,,,
2036,335,08/22/14,14:15:00,,FALSE,TRUE,,,,
2037,336,08/22/14,14:20:00,,FALSE,FALSE,,,,
2038,336,08/22/14,14:20:00,,FALSE,TRUE,,,,
2039,337,08/22/14,14:25:00,,FALSE,FALSE,,,,
2040,337,08/22/14,14:25:00,,FALSE,TRUE,,,,
2041,338,08/22/14,14:00:00,,FALSE,FALSE,,,,
2042,338,08/22/14,14:00:00,,FALSE,TRUE,,,,
2043,340,08/22/14,14:30:00,,FALSE,FALSE,,,,
2044,340,08/22/14,14:30:00,,FALSE,TRUE,,,,
2045,341,08/22/14,14:05:00,,FALSE,FALSE,,,,
2046,341,08/22/14,14:05:00,,FALSE,TRUE,,,,
2047,342,08/22/14,14:35:00,,FALSE,FALSE,,,,
2048,342,08/22/14,14:35:00,,FALSE,TRUE,,,,
2049,339,08/22/14,13:55:00,,FALSE,FALSE,,,,
2050,339,08/22/14,13:55:00,,FALSE,TRUE,,,,
2051,370,08/22/14,13:38:00,,FALSE,FALSE,,,,
2052,370,08/22/14,13:38:00,,FALSE,TRUE,,,,
2053,371,08/22/14,13:33:00,,FALSE,FALSE,,,,
2054,371,08/22/14,13:33:00,,FALSE,TRUE,,,,
2055,372,08/22/14,13:27:00,,FALSE,FALSE,,,,
2056,372,08/22/14,13:27:00,,FALSE,TRUE,,,,
2057,373,08/22/14,13:18:00,,FALSE,FALSE,,,,
2058,373,08/22/14,13:18:00,,FALSE,TRUE,,,,
2059,374,08/22/14,13:07:00,,FALSE,FALSE,,,,
2060,374,08/22/14,13:07:00,,FALSE,TRUE,,,,
2061,375,08/22/14,12:55:00,,FALSE,FALSE,,,,
2062,375,08/22/14,12:55:00,,FALSE,TRUE,,,,
2063,376,08/22/14,13:43:00,,FALSE,FALSE,,,,
2064,376,08/22/14,13:43:00,,FALSE,TRUE,,,,
2065,541,08/22/14,09:59:00,,FALSE,FALSE,,,,
2066,541,08/22/14,09:59:00,,FALSE,TRUE,,,,
2067,542,08/22/14,10:19:00,,FALSE,FALSE,,,,
2068,542,08/22/14,10:19:00,,FALSE,TRUE,,,,
2069,543,08/22/14,10:15:00,,FALSE,FALSE,,,,
2070,543,08/22/14,10:15:00,,FALSE,TRUE,,,,
2071,544,08/22/14,10:04:00,,FALSE,FALSE,,,,
2072,544,08/22/14,10:04:00,,FALSE,TRUE,,,,
2073,538,08/22/14,09:55:00,,FALSE,FALSE,,,,
2074,538,08/22/14,09:55:00,,FALSE,TRUE,,,,
2075,539,08/22/14,09:44:00,,FALSE,FALSE,,,,
2076,539,08/22/14,09:44:00,,FALSE,TRUE,,,,
2077,540,08/22/14,10:08:00,,FALSE,FALSE,,,,
2078,540,08/22/14,10:08:00,,FALSE,TRUE,,,,
2079,284,08/22/14,09:18:00,,FALSE,FALSE,,,,
2080,284,08/22/14,09:18:00,,FALSE,TRUE,,,,
2081,285,08/22/14,09:23:00,,FALSE,FALSE,,,,
2082,285,08/22/14,09:23:00,,FALSE,TRUE,,,,
2083,286,08/22/14,09:14:00,,FALSE,FALSE,,,,
2084,286,08/22/14,09:14:00,,FALSE,TRUE,,,,
2085,287,08/22/14,09:06:00,,FALSE,FALSE,,,,
2086,287,08/22/14,09:06:00,,FALSE,TRUE,,,,
2087,288,08/22/14,09:01:00,,FALSE,FALSE,,,,
2088,288,08/22/14,09:01:00,,FALSE,TRUE,,,,
2089,289,08/22/14,09:27:00,,FALSE,FALSE,,,,
2090,289,08/22/14,09:27:00,,FALSE,TRUE,,,,
2091,290,08/22/14,09:33:00,,FALSE,FALSE,,,,
2092,290,08/22/14,09:33:00,,FALSE,TRUE,,,,
2093,298,08/21/14,17:08:00,,FALSE,FALSE,,,,
2094,298,08/21/14,17:08:00,,FALSE,TRUE,,,,
2095,299,08/21/14,17:13:00,,FALSE,FALSE,,,,
2096,299,08/21/14,17:13:00,,FALSE,TRUE,,,,
2097,300,08/21/14,17:04:00,,FALSE,FALSE,,,,
2098,300,08/21/14,17:04:00,,FALSE,TRUE,,,,
2099,301,08/21/14,16:59:00,,FALSE,FALSE,,,,
2100,301,08/21/14,16:59:00,,FALSE,TRUE,,,,
2101,302,08/21/14,16:51:00,,FALSE,FALSE,,,,
2102,302,08/21/14,16:51:00,,FALSE,TRUE,,,,
2103,303,08/21/14,16:43:00,,FALSE,FALSE,,,,
2104,303,08/21/14,16:43:00,,FALSE,TRUE,,,,
2105,304,08/21/14,17:18:00,,FALSE,FALSE,,,,
2106,304,08/21/14,17:18:00,,FALSE,TRUE,,,,
2107,531,08/21/14,11:17:00,,FALSE,FALSE,,,,
2108,531,08/21/14,11:17:00,,FALSE,TRUE,,,,
2109,532,08/21/14,11:22:00,,FALSE,FALSE,,,,
2110,532,08/21/14,11:22:00,,FALSE,TRUE,,,,
2111,533,08/21/14,11:30:00,,FALSE,FALSE,,,,
2112,533,08/21/14,11:30:00,,FALSE,TRUE,,,,
2113,534,08/21/14,11:35:00,,FALSE,FALSE,,,,
2114,534,08/21/14,11:35:00,,FALSE,TRUE,,,,
2115,535,08/21/14,11:47:00,,FALSE,FALSE,,,,
2116,535,08/21/14,11:47:00,,FALSE,TRUE,,,,
2117,536,08/21/14,11:52:00,,FALSE,FALSE,,,,
2118,536,08/21/14,11:52:00,,FALSE,TRUE,,,,
2119,537,08/21/14,12:00:00,,FALSE,FALSE,,,,
2120,537,08/21/14,12:00:00,,FALSE,TRUE,,,,
2121,278,08/21/14,10:52:00,,FALSE,FALSE,,,,
2122,278,08/21/14,10:52:00,,FALSE,TRUE,,,,
2123,279,08/21/14,10:46:00,,FALSE,FALSE,,,,
2124,279,08/21/14,10:46:00,,FALSE,TRUE,,,,
2125,280,08/21/14,10:57:00,,FALSE,FALSE,,,,
2126,280,08/21/14,10:57:00,,FALSE,TRUE,,,,
2127,281,08/21/14,10:35:00,,FALSE,FALSE,,,,
2128,281,08/21/14,10:35:00,,FALSE,TRUE,,,,
2129,282,08/21/14,10:29:00,,FALSE,FALSE,,,,
2130,282,08/21/14,10:29:00,,FALSE,TRUE,,,,
2131,283,08/21/14,10:40:00,,FALSE,FALSE,,,,
2132,283,08/21/14,10:40:00,,FALSE,TRUE,,,,
2133,277,08/21/14,11:01:00,,FALSE,FALSE,,,,
2134,277,08/21/14,11:01:00,,FALSE,TRUE,,,,
2135,264,08/20/14,11:01:00,,FALSE,FALSE,,,,
2136,264,08/20/14,11:01:00,,FALSE,TRUE,,,,
2137,265,08/20/14,11:14:00,,FALSE,FALSE,,,,
2138,265,08/20/14,11:14:00,,FALSE,TRUE,,,,
2139,265,08/20/14,11:20:00,,FALSE,FALSE,,,,
2140,265,08/20/14,11:20:00,,FALSE,TRUE,,,,
2141,266,08/20/14,11:26:00,,FALSE,FALSE,,,,
2142,266,08/20/14,11:26:00,,FALSE,TRUE,,,,
2143,267,08/20/14,11:30:00,,FALSE,FALSE,,,,
2144,267,08/20/14,11:30:00,,FALSE,TRUE,,,,
2145,267,08/20/14,11:34:00,,FALSE,FALSE,,,,
2146,267,08/20/14,11:34:00,,FALSE,TRUE,,,,
2147,268,08/20/14,11:39:00,,FALSE,FALSE,,,,
2148,268,08/20/14,11:39:00,,FALSE,TRUE,,,,
2149,291,08/19/14,10:00:00,,FALSE,FALSE,,,,
2150,291,08/19/14,10:00:00,,FALSE,TRUE,,,,
2151,293,08/19/14,10:45:00,,FALSE,FALSE,,,,
2152,293,08/19/14,10:45:00,,FALSE,TRUE,,,,
2153,294,08/19/14,10:43:00,,FALSE,FALSE,,,,
2154,294,08/19/14,10:43:00,,FALSE,TRUE,,,,
2155,295,08/19/14,10:40:00,,FALSE,FALSE,,,,
2156,295,08/19/14,10:40:00,,FALSE,TRUE,,,,
2157,296,08/19/14,10:15:00,,FALSE,FALSE,,,,
2158,296,08/19/14,10:15:00,,FALSE,TRUE,,,,
2159,292,08/19/14,10:00:00,,FALSE,FALSE,,,,
2160,292,08/19/14,10:00:00,,FALSE,TRUE,,,,
2161,297,08/19/14,10:20:00,,FALSE,FALSE,,,,
2162,297,08/19/14,10:20:00,,FALSE,TRUE,,,,
2163,276,08/13/14,14:26:00,,FALSE,FALSE,,,,
2164,276,08/13/14,14:26:00,,FALSE,TRUE,,,,
2165,149,08/14/14,14:26:00,,FALSE,FALSE,,,,
2166,149,08/14/14,14:26:00,,FALSE,TRUE,,,,
2167,412,08/26/14,15:25:00,,FALSE,FALSE,,,,
2168,412,08/26/14,15:25:00,,FALSE,TRUE,,,,
2169,205,08/27/14,15:40:00,,FALSE,FALSE,,,,
2170,205,08/27/14,15:40:00,,FALSE,TRUE,,,,
2171,204,08/28/14,14:30:00,,FALSE,FALSE,,,,
2172,204,08/28/14,14:30:00,,FALSE,TRUE,,,,
2173,120,09/09/14,13:50:00,,FALSE,FALSE,,,,
2174,120,09/09/14,13:50:00,,FALSE,TRUE,,,,
2175,119,09/09/14,13:40:00,,FALSE,FALSE,,,,
2176,119,09/09/14,13:40:00,,FALSE,TRUE,,,,
2177,118,09/09/14,13:30:00,,FALSE,FALSE,,,,
2178,118,09/09/14,13:30:00,,FALSE,TRUE,,,,
2179,182,10/15/14,14:14:00,,FALSE,FALSE,,,,
2180,182,10/15/14,14:14:00,,FALSE,TRUE,,,,
