"stationID","waterbodyID","otherStationID","stationLocation","stationType","longitudeSta","latitudeSta","locationSourceSta","commentSta"
"21_SS1","CRWA_MA70-02","ND","ND","nearShore",-71.061925,42.36936,"Magellan","No WBID; this is the charles river"
"20_SS1","CRWA_MA72-08","BROAD","BROAD","nearShore",-71.081652,42.362866,"Magellan","No WBID; this is the charles river"
"22_SS1","CRWA_MA72-08","CB","CB","nearShore",-71.073377,42.358755,"Magellan","No WBID; this is the charles river"
"23_SS1","CRWA_MA72-08","SP","SP","nearShore",-71.087433,42.358519,"Magellan","No WBID; this is the charles river"
"149_SS1","CTDEEP_14514",,"Near outlet dam","nearShore",-71.81883,41.64518,,""
"152_SS1","CTDEEP_15675",,"At dam","nearShore",-72.7338,41.5082,,""
"151_SS1","CTDEEP_15924-M",,"middle of swimming area","nearShore",-71.97948,41.85735,,"no WBID; lake exists but not in NHDplus"
"148_SS1","CTDEEP_18475",,"at boat ramp","nearShore",-72.428591,41.798303,,""
"142_SS1","CTDEEP_18713",,"at middle of beach","nearShore",-73.206937,41.424144,,""
"143_SS1","CTDEEP_18714",,"at middle of beach","nearShore",-72.52544,41.409081,,""
"144_SS1","CTDEEP_18715",,"at middle of beach","nearShore",-73.28029,41.697709,,""
"145_SS1","CTDEEP_18716",,"at middle of beach","nearShore",-73.382964,41.707665,,""
"146_SS1","CTDEEP_18717",,"at middle of beach","nearShore",-73.4765,41.512,,""
"147_SS1","CTDEEP_18718",,"at middle of beach","nearShore",-72.221,41.501,,"Lon/Lat off by ~100m"
"150_SS1","CTDEEP_18742",,,"nearShore",-73.26681,41.8367,,""
"633_DH1","MIDAS_1018","1",,"offShore",-67.87154,46.289409,"Handheld","Lon/Lat off by ~200m"
"632_DH1","MIDAS_1776","1",,"offShore",-68.005058,46.615817,"Handheld",""
"631_DH1","MIDAS_1808","1",,"offShore",-67.809076,46.711588,"Handheld","no WBID; lake exists but not in NHDplus"
"328_SS2","MIDAS_2264","1",,"nearShore",-69.23407,44.87186,"Handheld",""
"378_SS3","MIDAS_2264","1",,"nearShore",-69.22292,44.84919,"Handheld",""
"330_SS1","MIDAS_2264","1",,"nearShore",-69.23383,44.87172,"Handheld",""
"331_WL3","MIDAS_2264","1",,"offShore",-69.23254,44.86781,"Handheld",""
"332_WL2","MIDAS_2264","1",,"offShore",-69.23267,44.86774,"Handheld",""
"333_WL1","MIDAS_2264","1",,"offShore",-69.23308,44.86749,"Handheld",""
"333_DH1","MIDAS_2264","1",,"offShore",-69.23308,44.86749,"Handheld",""
"627_DH1","MIDAS_3734","1",,"offShore",-70.3586,43.77696,"Handheld",""
"285_WL2","MIDAS_3796","1",,"offShore",-70.10011,44.15814,"Handheld",""
"285_DH1","MIDAS_3796","1",,"offShore",-70.10011,44.15814,"Handheld",""
"285_WL1","MIDAS_3796","1",,"offShore",-70.10011,44.15814,"Handheld",""
"285_WL3","MIDAS_3796","1",,"offShore",-70.10011,44.15814,"Handheld",""
"285_SS2","MIDAS_3796","1",,"nearShore",-70.10011,44.15814,"Handheld",""
"285_SS3","MIDAS_3796","1",,"nearShore",-70.10011,44.15814,"Handheld",""
"285_SS1","MIDAS_3796","1",,"nearShore",-70.10011,44.15814,"Handheld",""
"285_SC2","MIDAS_3796","1",,"other",-70.10011,44.15814,"Handheld",""
"285_SC1","MIDAS_3796","1",,"other",-70.10011,44.15814,"Handheld",""
"285_SC3","MIDAS_3796","1",,"other",-70.10011,44.15814,"Handheld",""
"634_SC1","MIDAS_3814","99",,"other",-70.044666,44.23015,"Handheld",""
"234_SS1","MIDAS_3824","1",,"nearShore",-70.05743,44.37414,"Handheld",""
"235_DH1","MIDAS_3824","1",,"offShore",-70.05964,44.36188,"Handheld",""
"236_WL1","MIDAS_3824","1",,"offShore",-70.05962,44.36183,"Handheld",""
"237_WL3","MIDAS_3824","1",,"offShore",-70.05935,44.36246,"Handheld",""
"238_SS2","MIDAS_3824","1",,"nearShore",-70.05804,44.37565,"Handheld",""
"239_SS3","MIDAS_3824","1",,"nearShore",-70.0582,44.37585,"Handheld",""
"240_WL2","MIDAS_3824","1",,"offShore",-70.05938,44.36212,"Handheld",""
"241_SS1","MIDAS_3832","1",,"nearShore",-70.03896,44.27537,"Handheld",""
"242_WL3","MIDAS_3832","1",,"offShore",-70.0433,44.28085,"Handheld",""
"243_WL2","MIDAS_3832","1",,"offShore",-70.04372,44.28191,"Handheld",""
"244_SS3","MIDAS_3832","1",,"nearShore",-70.03967,44.2751,"Handheld",""
"245_DH1","MIDAS_3832","1",,"offShore",-70.04433,44.28256,"Handheld",""
"245_WL1","MIDAS_3832","1",,"offShore",-70.04433,44.28256,"Handheld",""
"246_SS2","MIDAS_3832","1",,"nearShore",-70.0393,44.27525,"Handheld",""
"448_SS1","MIDAS_3836","1",,"nearShore",-70.07248,44.32254,"Handheld",""
"449_DH1","MIDAS_3836","1",,"offShore",-70.07557,44.32493,"Handheld",""
"449_WL1","MIDAS_3836","1",,"offShore",-70.07557,44.32493,"Handheld",""
"450_SS3","MIDAS_3836","1",,"nearShore",-70.0714,44.32186,"Handheld",""
"451_SS2","MIDAS_3836","1",,"nearShore",-70.07187,44.32218,"Handheld",""
"452_WL3","MIDAS_3836","1",,"offShore",-70.07342,44.32314,"Handheld",""
"453_WL2","MIDAS_3836","1",,"offShore",-70.07468,44.32402,"Handheld",""
"630_DH1","MIDAS_3922","3",,"offShore",-70.925924,43.576778,"Handheld",""
"629_DH1","MIDAS_4406","1",,"offShore",-68.24401,44.61508,"Handheld",""
"282_SS2","MIDAS_5172","1",,"nearShore",-69.3368,44.63017,"Handheld",""
"282_SC2","MIDAS_5172","1",,"other",-69.3368,44.63017,"Handheld",""
"282_SC3","MIDAS_5172","1",,"other",-69.3368,44.63017,"Handheld",""
"282_SC1","MIDAS_5172","1",,"other",-69.3368,44.63017,"Handheld",""
"282_SS3","MIDAS_5172","1",,"nearShore",-69.3368,44.63017,"Handheld",""
"282_SS1","MIDAS_5172","1",,"nearShore",-69.3368,44.63017,"Handheld",""
"282_WL3","MIDAS_5172","1",,"offShore",-69.3368,44.63017,"Handheld",""
"282_WL2","MIDAS_5172","1",,"offShore",-69.3368,44.63017,"Handheld",""
"282_DH1","MIDAS_5172","1",,"offShore",-69.3368,44.63017,"Handheld",""
"282_WL1","MIDAS_5172","1",,"offShore",-69.3368,44.63017,"Handheld",""
"490_WL2","MIDAS_5176","1",,"offShore",-69.46951,44.51904,"Handheld",""
"490_DH1","MIDAS_5176","1",,"offShore",-69.46951,44.51904,"Handheld",""
"490_WL3","MIDAS_5176","1",,"offShore",-69.46951,44.51904,"Handheld",""
"490_SS1","MIDAS_5176","1",,"nearShore",-69.46951,44.51904,"Handheld",""
"490_SS2","MIDAS_5176","1",,"nearShore",-69.46951,44.51904,"Handheld",""
"490_SS3","MIDAS_5176","1",,"nearShore",-69.46951,44.51904,"Handheld",""
"490_SC1","MIDAS_5176","1",,"other",-69.46951,44.51904,"Handheld",""
"490_SC2","MIDAS_5176","1",,"other",-69.46951,44.51904,"Handheld",""
"490_SC3","MIDAS_5176","1",,"other",-69.46951,44.51904,"Handheld",""
"490_WL1","MIDAS_5176","1",,"offShore",-69.46951,44.51904,"Handheld",""
"614_DH1","MIDAS_5186","1",,"offShore",-70.0237,44.5022,"Handheld",""
"614_WL1","MIDAS_5186","1",,"offShore",-70.0237,44.5022,"Handheld",""
"614_WL2","MIDAS_5186","1",,"offShore",-70.0237,44.5022,"Handheld",""
"614_WL3","MIDAS_5186","1",,"offShore",-70.0237,44.5022,"Handheld",""
"614_SS1","MIDAS_5186","1",,"nearShore",-70.0237,44.5022,"Handheld",""
"614_SS2","MIDAS_5186","1",,"nearShore",-70.0237,44.5022,"Handheld",""
"614_SS3","MIDAS_5186","1",,"nearShore",-70.0237,44.5022,"Handheld",""
"565_SS2","MIDAS_5200","1",,"nearShore",-70.03819,44.59472,"Handheld",""
"566_WL2","MIDAS_5200","1",,"offShore",-70.03783,44.59361,"Handheld",""
"567_DH1","MIDAS_5200","1",,"offShore",-70.03781,44.59347,"Handheld",""
"567_WL1","MIDAS_5200","1",,"offShore",-70.03781,44.59347,"Handheld",""
"568_WL3","MIDAS_5200","1",,"offShore",-70.03789,44.59388,"Handheld",""
"563_SS1","MIDAS_5200","1",,"nearShore",-70.03825,44.5947,"Handheld",""
"564_SS3","MIDAS_5200","1",,"nearShore",-70.03785,44.59427,"Handheld",""
"626_DH1","MIDAS_5202","1",,"offShore",-70.11852,44.57793,"Handheld",""
"613_SS3","MIDAS_5236","1",,"nearShore",-69.93286,44.25872,"Handheld",""
"608_SS1","MIDAS_5236","1",,"nearShore",-69.93504,44.25505,"Handheld",""
"609_WL3","MIDAS_5236","1",,"offShore",-69.94336,44.25176,"Handheld",""
"610_SS2","MIDAS_5236","1",,"nearShore",-69.93423,44.2565,"Handheld",""
"611_WL1","MIDAS_5236","1",,"offShore",-69.94338,44.25178,"Handheld",""
"611_DH1","MIDAS_5236","1",,"offShore",-69.94338,44.25178,"Handheld",""
"612_WL2","MIDAS_5236","1",,"offShore",-69.94344,44.25179,"Handheld",""
"590_WL3","MIDAS_5240","1",,"offShore",-69.94807,44.19464,"Handheld",""
"591_SS1","MIDAS_5240","1",,"nearShore",-69.94801,44.19534,"Handheld",""
"592_WL2","MIDAS_5240","1",,"offShore",-69.95004,44.19464,"Handheld",""
"593_WL1","MIDAS_5240","1",,"offShore",-69.9501,44.19467,"Handheld",""
"593_DH1","MIDAS_5240","1",,"offShore",-69.9501,44.19467,"Handheld",""
"594_SS2","MIDAS_5240","1",,"nearShore",-69.94801,44.19567,"Handheld",""
"595_SS3","MIDAS_5240","1",,"nearShore",-69.94836,44.19589,"Handheld",""
"620_WL1","MIDAS_5274","1",,"offShore",-69.85432,44.54428,"Handheld",""
"620_DH1","MIDAS_5274","1",,"offShore",-69.85432,44.54428,"Handheld",""
"621_SS3","MIDAS_5274","1",,"nearShore",-69.83668,44.50075,"Handheld",""
"622_SS2","MIDAS_5274","1",,"nearShore",-69.83489,44.5008,"Handheld",""
"623_SS1","MIDAS_5274","1",,"nearShore",-69.83392,44.50086,"Handheld",""
"624_WL2","MIDAS_5274","1",,"offShore",-69.85392,44.54409,"Handheld",""
"625_WL3","MIDAS_5274","1",,"offShore",-69.8536,44.54364,"Handheld",""
"596_SS1","MIDAS_5307","1",,"nearShore",-69.97516,44.43096,"Handheld",""
"597_SS2","MIDAS_5307","1",,"nearShore",-69.97577,44.43121,"Handheld",""
"598_WL3","MIDAS_5307","1",,"offShore",-69.97829,44.42917,"Handheld",""
"599_WL2","MIDAS_5307","1",,"offShore",-69.97881,44.42884,"Handheld",""
"600_WL1","MIDAS_5307","1",,"offShore",-69.97908,44.4288,"Handheld",""
"600_DH1","MIDAS_5307","1",,"offShore",-69.97908,44.4288,"Handheld",""
"601_SS3","MIDAS_5307","1",,"nearShore",-69.97643,44.43168,"Handheld",""
"405_DH1","MIDAS_5344","1",,"offShore",-69.83583,44.62926,"Handheld",""
"405_WL1","MIDAS_5344","1",,"offShore",-69.83583,44.62926,"Handheld",""
"405_SS3","MIDAS_5344","1",,"nearShore",-69.83583,44.62926,"Handheld",""
"405_SS2","MIDAS_5344","1",,"nearShore",-69.83583,44.62926,"Handheld",""
"405_SS1","MIDAS_5344","1",,"nearShore",-69.83583,44.62926,"Handheld",""
"405_WL3","MIDAS_5344","1",,"offShore",-69.83583,44.62926,"Handheld",""
"405_WL2","MIDAS_5344","1",,"offShore",-69.83583,44.62926,"Handheld",""
"405_SC3","MIDAS_5344","1",,"other",-69.83583,44.62926,"Handheld",""
"405_SC1","MIDAS_5344","1",,"other",-69.83583,44.62926,"Handheld",""
"405_SC2","MIDAS_5344","1",,"other",-69.83583,44.62926,"Handheld",""
"396_WL1","MIDAS_5349","1",,"offShore",-69.78075,44.61075,"Handheld",""
"396_WL2","MIDAS_5349","1",,"offShore",-69.78075,44.61075,"Handheld",""
"396_WL3","MIDAS_5349","1",,"offShore",-69.78075,44.61075,"Handheld",""
"396_SS1","MIDAS_5349","1",,"nearShore",-69.78075,44.61075,"Handheld",""
"396_SS2","MIDAS_5349","1",,"nearShore",-69.78075,44.61075,"Handheld",""
"396_SS3","MIDAS_5349","1",,"nearShore",-69.78075,44.61075,"Handheld",""
"396_DH1","MIDAS_5349","1",,"offShore",-69.78075,44.61075,"Handheld",""
"396_SC2","MIDAS_5349","1",,"other",-69.78075,44.61075,"Handheld",""
"396_SC3","MIDAS_5349","1",,"other",-69.78075,44.61075,"Handheld",""
"396_SC1","MIDAS_5349","1",,"other",-69.78075,44.61075,"Handheld",""
"231_SS1","MIDAS_5352","1",,"nearShore",-69.78658,44.52492,"Handheld",""
"228_DH1","MIDAS_5352","1",,"offShore",-69.78409,44.52254,"Handheld",""
"228_WL1","MIDAS_5352","1",,"offShore",-69.78409,44.52254,"Handheld",""
"232_SS2","MIDAS_5352","1",,"nearShore",-69.78698,44.52454,"Handheld",""
"233_SS3","MIDAS_5352","1",,"nearShore",-69.78908,44.52321,"Handheld",""
"309_WL2","MIDAS_5352","1",,"offShore",-69.78249,44.52287,"Handheld",""
"230_WL3","MIDAS_5352","1",,"offShore",-69.78375,44.52236,"Handheld",""
"628_DH1","MIDAS_5382","1",,"offShore",-69.555233,44.214243,"Handheld","lon/lat changed from -69.33141, 44.12864) to GE Clary Lake ME location"
"525_DH1","MIDAS_5408","1",,"offShore",-69.66599,44.40106,"Handheld",""
"525_WL1","MIDAS_5408","1",,"offShore",-69.66599,44.40106,"Handheld",""
"525_SS2","MIDAS_5408","1",,"nearShore",-69.66599,44.40106,"Handheld",""
"525_SS1","MIDAS_5408","1",,"nearShore",-69.66599,44.40106,"Handheld",""
"525_WL3","MIDAS_5408","1",,"offShore",-69.66599,44.40106,"Handheld",""
"525_SS3","MIDAS_5408","1",,"nearShore",-69.66599,44.40106,"Handheld",""
"525_WL2","MIDAS_5408","1",,"offShore",-69.66599,44.40106,"Handheld",""
"525_SC1","MIDAS_5408","1",,"other",-69.66599,44.40106,"Handheld",""
"510_WL1","MIDAS_5416","1",,"offShore",-69.60538,44.36787,"Handheld",""
"510_DH1","MIDAS_5416","1",,"offShore",-69.60538,44.36787,"Handheld",""
"510_WL2","MIDAS_5416","1",,"offShore",-69.60538,44.36787,"Handheld",""
"510_SS1","MIDAS_5416","1",,"nearShore",-69.60538,44.36787,"Handheld",""
"510_SS2","MIDAS_5416","1",,"nearShore",-69.60538,44.36787,"Handheld",""
"510_SS3","MIDAS_5416","1",,"nearShore",-69.60538,44.36787,"Handheld",""
"510_WL3","MIDAS_5416","1",,"offShore",-69.60538,44.36787,"Handheld",""
"510_SC2","MIDAS_5416","1",,"other",-69.60538,44.36787,"Handheld",""
"510_SC3","MIDAS_5416","1",,"other",-69.60538,44.36787,"Handheld",""
"510_SC1","MIDAS_5416","1",,"other",-69.60538,44.36787,"Handheld",""
"539_WL2","MIDAS_5424","1",,"offShore",-69.64144,44.34744,"Handheld",""
"540_SS3","MIDAS_5424","1",,"nearShore",-69.64027,44.34904,"Handheld",""
"541_SS2","MIDAS_5424","1",,"nearShore",-69.6403,44.34845,"Handheld",""
"542_WL3","MIDAS_5424","1",,"offShore",-69.64144,44.34745,"Handheld",""
"543_WL1","MIDAS_5424","1",,"offShore",-69.64148,44.34729,"Handheld",""
"543_DH1","MIDAS_5424","1",,"offShore",-69.64148,44.34729,"Handheld",""
"544_SS1","MIDAS_5424","1",,"nearShore",-69.64024,44.348,"Handheld",""
"454_DH1","MIDAS_5444","1",,"offShore",-69.51458,44.28969,"Handheld",""
"454_WL1","MIDAS_5444","1",,"offShore",-69.51458,44.28969,"Handheld",""
"455_WL2","MIDAS_5444","1",,"offShore",-69.51422,44.28987,"Handheld",""
"456_WL3","MIDAS_5444","1",,"offShore",-69.51384,44.2903,"Handheld",""
"457_SS1","MIDAS_5444","1",,"nearShore",-69.51057,44.29469,"Handheld",""
"458_SS2","MIDAS_5444","1",,"nearShore",-69.51072,44.295,"Handheld",""
"458_SS3","MIDAS_5444","1",,"nearShore",-69.51072,44.295,"Handheld",""
"500_SS2","MIDAS_5448","3",,"nearShore",-69.51414,44.47027,"Handheld",""
"500_DH3","MIDAS_5448","3",,"offShore",-69.51414,44.47027,"Handheld",""
"500_WL1","MIDAS_5448","3",,"offShore",-69.51414,44.47027,"Handheld",""
"500_SS3","MIDAS_5448","3",,"nearShore",-69.51414,44.47027,"Handheld",""
"500_SS1","MIDAS_5448","3",,"nearShore",-69.51414,44.47027,"Handheld",""
"500_WL3","MIDAS_5448","3",,"offShore",-69.51414,44.47027,"Handheld",""
"500_WL2","MIDAS_5448","3",,"offShore",-69.51414,44.47027,"Handheld",""
"500_SC3","MIDAS_5448","3",,"other",-69.51414,44.47027,"Handheld",""
"500_SC2","MIDAS_5448","3",,"other",-69.51414,44.47027,"Handheld",""
"500_SC1","MIDAS_5448","3",,"other",-69.51414,44.47027,"Handheld",""
"526_WL1","MIDAS_5458","1",,"offShore",-69.56047,44.53237,"Handheld",""
"526_DH1","MIDAS_5458","1",,"offShore",-69.56047,44.53237,"Handheld",""
"527_SS3","MIDAS_5458","1",,"nearShore",-69.55753,44.53833,"Handheld",""
"528_SS2","MIDAS_5458","1",,"nearShore",-69.55811,44.53827,"Handheld",""
"529_SS1","MIDAS_5458","1",,"nearShore",-69.55865,44.53814,"Handheld",""
"530_WL2","MIDAS_5458","1",,"offShore",-69.56042,44.53243,"Handheld",""
"531_WL3","MIDAS_5458","1",,"offShore",-69.56019,44.53265,"Handheld",""
"473_WL1","MIDAS_5664","1",,"offShore",-70.0247,44.3948,"Handheld",""
"473_DH1","MIDAS_5664","1",,"offShore",-70.0247,44.3948,"Handheld",""
"474_SS1","MIDAS_5664","1",,"nearShore",-70.01941,44.39645,"Handheld",""
"469_WL2","MIDAS_5664","1",,"offShore",-70.0239,44.39519,"Handheld",""
"470_SS3","MIDAS_5664","1",,"nearShore",-70.01936,44.39618,"Handheld",""
"471_SS2","MIDAS_5664","1",,"nearShore",-70.01936,44.39613,"Handheld",""
"472_WL3","MIDAS_5664","1",,"offShore",-70.02388,44.3952,"Handheld",""
"602_DH1","MIDAS_5814","1",,"offShore",-70.02946,44.43636,"Handheld",""
"602_WL1","MIDAS_5814","1",,"offShore",-70.02946,44.43636,"Handheld",""
"603_WL2","MIDAS_5814","1",,"offShore",-70.02963,44.43572,"Handheld",""
"604_WL3","MIDAS_5814","1",,"offShore",-70.02908,44.43591,"Handheld",""
"605_SS1","MIDAS_5814","1",,"nearShore",-70.01593,44.44135,"Handheld",""
"606_SS2","MIDAS_5814","1",,"nearShore",-70.01627,44.44179,"Handheld",""
"607_SS3","MIDAS_5814","1",,"nearShore",-70.01612,44.44249,"Handheld",""
"588_WL1","MIDAS_98","1",,"offShore",-69.93984,44.31111,"Handheld",""
"588_DH1","MIDAS_98","1",,"offShore",-69.93984,44.31111,"Handheld",""
"589_SS1","MIDAS_98","1",,"nearShore",-69.93478,44.31595,"Handheld",""
"584_WL2","MIDAS_98","1",,"offShore",-69.93983,44.31113,"Handheld",""
"585_SS3","MIDAS_98","1",,"nearShore",-69.9352,44.31615,"Handheld",""
"586_SS2","MIDAS_98","1",,"nearShore",-69.93498,44.31607,"Handheld",""
"587_WL3","MIDAS_98","1",,"offShore",-69.93976,44.31125,"Handheld",""
"24_WL1","NHDES_1","SUNSUN1D","SUNAPEE LAKE-200 STN 1 DEEP SPOT","offShore",-72.0426,43.406083,,""
"25_WL3","NHDES_1","SUNSUN220D","SUNAPEE LAKE-220 DEEP SPOT","offShore",-72.055997,43.361911,,""
"26_WL2","NHDES_1","SUNSUN2D","SUNAPEE LAKE-210 STN 2 DEEP SPOT","offShore",-72.0627,43.3836,,""
"27_WL4","NHDES_1","SUNSUN3D","SUNAPEE LAKE-230 STN 3 DEEP SPOT","offShore",-72.0494,43.342778,,""
"49_WL1","NHDES_10","DANLFRED","LOWER DANFORTH POND-DEEP SPOT","offShore",-71.1038,43.820083,,""
"51_WL3","NHDES_10","Lower Danforth WL#3","Lower Danforth WL#3","offShore",-71.103694,43.828889,,""
"50_WL2","NHDES_10","Lower Danforth WL#2","Lower Danforth WL#2","offShore",-71.103917,43.821694,,""
"52_WL4","NHDES_11","BROOSSD","BROAD BAY-DEEP SPOT","offShore",-71.101078,43.804067,,""
"54_WL2","NHDES_11","OBB01DL","OSSIPEE LAKE-BERRY BAY-1 DEEP SPOT","offShore",-71.075167,43.804833,,""
"53_WL3","NHDES_11","LEAOSSD","LEAVITT BAY-DEEP SPOT","offShore",-71.081038,43.79682,,""
"55_WL1","NHDES_11","OSSOSSD","OSSIPEE LAKE-DEEP SPOT","offShore",-71.1386,43.7795,,""
"57_WL1","NHDES_12","BEASWHD","BEARCAMP POND-DEEP SPOT","offShore",-71.3689,43.814583,,""
"56_WL2","NHDES_12","BEASWHBI","BEARCAMP POND-BIG ISLAND SWIM","offShore",-71.369067,43.81665,,""
"59_WL3","NHDES_12","Bear camp WL#3","Bear camp WL#3","offShore",-71.373625,43.814835,,""
"58_SS1","NHDES_12","BEASWHSWIM","BEARCAMP POND-SWIM AREA","nearShore",-71.376558,43.813617,,""
"60_SS2","NHDES_12","Bear camp SS#2","Bear camp SS#2","nearShore",-71.3712,43.813147,,""
"62_SS2","NHDES_13","Rockybound SS#2",,"nearShore",-72.144431,43.44701,,""
"62_SS1","NHDES_13","Rockybound SS#1",,"nearShore",-72.144431,43.44701,,""
"61_WL1","NHDES_13","ROCCROD","ROCKYBOUND POND-DEEP SPOT","offShore",-72.145056,43.446417,,""
"63_WL1","NHDES_14","BEELTUFD","LOWER BEECH POND-DEEP SPOT","offShore",-71.207289,43.672189,,""
"65_SS2","NHDES_14","Lower Beech Outlet SS#2","LowerBeech Outlet SS#2","nearShore",-71.205311,43.663277,,"Distance to NHDlake > 50m but appears okay in GE"
"64_SS1","NHDES_14","Lower Beech Inlet SS#1","Lower Beech Inlet SS#1","nearShore",-71.205826,43.677122,,""
"67_SS2","NHDES_15","Gardner Lake SS#2",,"nearShore",-72.007627,44.16327,,""
"68_WL1","NHDES_15","GARBATD","GARDNER LAKE-DEEP SPOT","offShore",-72.009,44.1634,,""
"66_SS1","NHDES_15","Gardner Lake SS#1",,"nearShore",-72.0106,44.1638,,""
"69_WL1","NHDES_16","SUNLNWLD","LITTLE SUNAPEE LAKE-DEEP SPOT","offShore",-72.0118,43.433083,,""
"70_SS1","NHDES_16","Little Sunapee SS#1",,"nearShore",-72.019467,43.435067,,""
"71_WL2","NHDES_16","Little Sunapee WL#2",,"offShore",-72.014417,43.435,,""
"72_WL3","NHDES_16","Little Sunapee WL#3",,"offShore",-72.022417,43.4319,,""
"73_WL1","NHDES_17","SILHARD","SILVER LAKE- DEEP SPOT","offShore",-72.14,42.961194,,""
"75_SS1","NHDES_17","SILHARSB1","SILVER LAKE-SANDY BCH INLET 1","nearShore",-72.138703,42.972111,,""
"76_WL2","NHDES_17","Silver Lake WL#2","Silver Lake WL#2","offShore",-72.139535,42.971089,,""
"77_WL3","NHDES_17","Silver Lake WL#3","Silver Lake WL#3","offShore",-72.13563,42.951554,,""
"74_SS2","NHDES_17","SILHARO","SILVER LAKE-OUTLET IN STREAM","nearShore",-72.1328,42.949389,,""
"78_WL1","NHDES_18","ARMPIED","ARMINGTON LAKE-DEEP SPOT","offShore",-71.9692,43.958389,,""
"79_WL1","NHDES_19","TARPIED","TARLETON LAKE-DEEP SPOT","offShore",-71.963278,43.977,,""
"28_WL1","NHDES_2","HALALTD","HALFMOON LAKE-DEEP SPOT","offShore",-71.227694,43.391083,,""
"29_SS2","NHDES_2","HALALTPUB","HALFMOON LAKE-PUBLIC BEACH","nearShore",-71.236681,43.39525,,""
"30_SS1","NHDES_2","HALALTR","HALFMOON LAKE-RUSTIC SHORES","nearShore",-71.216344,43.393325,,"Distance to NHDlake > 50m but appears okay in GE"
"31_SS3","NHDES_2","HALALTHWB","HALFMOON POND-HOLLYWOOD BEACH","nearShore",-71.217014,43.389308,,""
"80_WL1","NHDES_20","CANCAND","CANAAN STREET LAKE-DEEP SPOT","offShore",-72.0339,43.664194,,""
"81_WL2","NHDES_20","Canaan St. Lake WL#2","Canaan St. Lake WL#2","offShore",-72.035809,43.667996,,""
"83_WL2","NHDES_21","Eastman Pond WL#2",,"offShore",-72.11845,43.5318,,""
"84_SS1","NHDES_21","EASGTM8","EASTMAN POND-NORTH COVE BEACH","nearShore",-72.1125,43.5354,,""
"85_SS2","NHDES_21","EASGTMWCB","EASTMAN POND-WEST COVE B BEACH","nearShore",-72.12274,43.526308,,""
"82_WL1","NHDES_21","Eastman Pond WL#1",,"offShore",-72.1151,43.518283,,""
"88_WL2","NHDES_22","Ayers Lake WL#2","Ayers Lake WL#2","offShore",-71.048412,43.253455,,""
"86_WL1","NHDES_22","AYEBARD","AYERS POND-DEEP SPOT","offShore",-71.0433,43.256,,""
"87_SS1","NHDES_22","BCHFIRBRRLF","CAMP FIRESIDE-LEFT","nearShore",-71.033837,43.261517,,""
"90_SS2","NHDES_22","Ayers Lake SS#2",,"nearShore",-71.040945,43.252955,,""
"89_WL3","NHDES_22","Ayers Lake WL#3","Ayers Lake WL#3","offShore",-71.038456,43.258643,,""
"93_WL3","NHDES_23","ISLDERJC","BIG ISLAND POND-JOHNSON COVE","offShore",-71.203786,42.859475,,""
"91_WL1","NHDES_23","ISLDERD","BIG ISLAND POND-DEEP SPOT","offShore",-71.211389,42.866,,""
"92_WL2","NHDES_23","ISLDERPC","BIG ISLAND POND-PERCH (CAMP) COVE","offShore",-71.197175,42.880583,,""
"95_WL2","NHDES_24","Lees Pond WL#2","Lees Pond WL#2","offShore",-71.3956667,43.7386667,,""
"94_WL1","NHDES_24","Lees Pond WL#1","Lees Pond WL#1","offShore",-71.3964667,43.7380667,,""
"98_SS2","NHDES_24","Lees Pond SS#2","Lees Pond SS#2","nearShore",-71.3943667,43.7371333,,""
"96_WL3","NHDES_24","Lees Pond WL#3","Lees Pond WL#3","offShore",-71.39975,43.73895,,""
"97_SS1","NHDES_24","Lees Pond SS#1","Lees Pond SS#1","nearShore",-71.40105,43.7366833,,""
"100_WL2","NHDES_25","Mascoma Lake- Dam End","Mascoma Lake- Dam End","offShore",-72.178533,43.648167,,""
"99_WL3","NHDES_25","Mascoma Lake- Dalton","Mascoma Lake- Dalton","offShore",-72.123167,43.608667,,""
"103_WL1","NHDES_25","MASENF1D","MASCOMA LAKE-STATION 1 DEEP SPOT","offShore",-72.1503,43.627889,,""
"101_SS2","NHDES_25","Mascoma Lake- Dartmouth Sail Club","Mascoma Lake- Dartmouth Sail Club","nearShore",-72.135036,43.623298,,"lon/lat changed from -72.134333, 43.639417to Dartmouth Corinthian Yacht Club location"
"102_SS1","NHDES_25","Mascoma Lake- Shakoma","Mascoma Lake- Shakoma","nearShore",-72.157883,43.631433,,""
"105_SS2","NHDES_26","THOJAFNW","THORNDIKE POND-NORTH WEST INLET","nearShore",-72.0573,42.865583,,""
"106_SS1","NHDES_26","THOJAFSW","THORNDIKE POND-SOUTH WEST INLET","nearShore",-72.0597,42.8504,,""
"107_WL1","NHDES_26","Thorndike Pond WL#1","Thorndike Pond WL#1","offShore",-72.055078,42.86461,,""
"108_WL3","NHDES_26","Thorndike Pond WL#3","Thorndike Pond WL#3","offShore",-72.056494,42.850453,,""
"104_WL2","NHDES_26","THOJAFD","THORNDIKE POND-DEEP SPOT","offShore",-72.0553,42.859778,,""
"109_WL1","NHDES_27","WICMERD","WICWAS LAKE-DEEP SPOT","offShore",-71.5519,43.620083,,""
"112_WL3","NHDES_27","WICMER2","WICWAS LAKE-WEST COVE","offShore",-71.5525,43.609778,,""
"113_SS2","NHDES_27","Wicwas Lake SS#2",,"nearShore",-71.555961,43.606898,,""
"111_SS1","NHDES_27","WICMERLR","WICWAS LAKE-LAUNCH RAMP","nearShore",-71.551283,43.604747,,""
"110_WL2","NHDES_27","WICMEREC","WICWAS LAKE-EAST COVE","offShore",-71.5485,43.609694,,""
"114_WL1","NHDES_28","SKAHARD","LAKE SKATUTAKEE-DEEP SPOT","offShore",-72.070194,42.936528,,""
"115_SS1","NHDES_28","SKAHARSP","LAKE SKATUTAKEE-SPRING","nearShore",-72.076798,42.934898,,""
"116_Other","NHDES_29","DUBDUBDLC","DUBLIN POND-DUBLIN LAKE CLUB","other",-72.072383,42.904269,,""
"32_WL1","NHDES_3","MESNWLD","MESSER POND-DEEP SPOT","offShore",-72.0095,43.4008,,""
"117_SS1","NHDES_30","Sand Pond SS#1",,"nearShore",-72.171,43.178889,,""
"119_WL2","NHDES_30","Sand Pond WL#2",,"offShore",-72.161336,43.175083,,""
"118_SS2","NHDES_30","Sand Pond SS#2",,"nearShore",-72.169717,43.184058,,""
"120_WL1","NHDES_30","SANMLWD",,"offShore",-72.1668,43.1838,,""
"122_WL2","NHDES_31","Clement Pond WL#2","Clement Pond WL#2","offShore",-71.76939,43.215482,,""
"121_WL1","NHDES_31","CLEHOPD","CLEMENT POND-DEEP SPOT","offShore",-71.766389,43.2165,,""
"123_WL3","NHDES_31","Clement Pond WL#3","Clement Pond WL#3","offShore",-71.767008,43.220439,,""
"124_WL2","NHDES_32","SEBBEDB","SEBBINS POND-BACK PD INLET","offShore",-71.4805,42.928583,,""
"126_SS1","NHDES_32","SEBBEDO","SEBBINS POND-OUTLET","nearShore",-71.478083,42.925583,,""
"127_SS2","NHDES_32","SEBBED2","SEBBINS POND-SITE 2","nearShore",-71.476917,42.928328,,""
"125_WL1","NHDES_32","SEBBEDD","SEBBINS POND-DEEP SPOT","offShore",-71.478278,42.928083,,""
"128_WL3","NHDES_32","Sebbins Pond WL#3","Sebbins Pond WL#3","offShore",-71.479531,42.928521,,""
"129_WL1","NHDES_33","GRASTDD","GRANITE LAKE-DEEP SPOT","offShore",-72.141361,43.020972,,""
"130_WL2","NHDES_33","Granite Lake WL#2","Granite Lake WL#2","offShore",-72.144856,43.02371,,""
"131_WL3","NHDES_33","Granite Lake WL#3","Granite Lake WL#3","offShore",-72.135286,43.023977,,""
"132_Other","NHDES_34","Lake Kanesatka- Beach",,"other",-71.45834,43.727584,,""
"133_Other","NHDES_34","Lake Kanesatka- Dock",,"other",-71.458361,43.727553,,""
"134_WL1","NHDES_35","NUBNELD","NUBANUSIT LAKE-DEEP SPOT","offShore",-72.057692,42.986258,,""
"135_SS1","NHDES_35","NUBNELH","NUBANUSIT LAKE-HANCOCK LANDING","nearShore",-72.0467,42.996,,""
"136_SS2","NHDES_35","NUBNELO","NUBANUSIT LAKE-OUTLET IN STREAM","nearShore",-72.086,42.973889,,""
"137_WL1","NHDES_36","HUNSAND","HUNKINS POND-DEEP SPOT","offShore",-71.5595,43.504194,,"Distance to NHDlake > 50m but appears okay in GE"
"138_SS1","NHDES_36","HUNSANN","HUNKINS POND-NORTH END","nearShore",-71.561542,43.504181,,"Distance to NHDlake > 50m but appears okay in GE"
"139_Other","NHDES_37","SHOSDN-GEN","SHOWELL POND-GENERIC","other",-71.176194,42.908,,""
"140_Other","NHDES_38","TOWCND-GEN","TOWER HILL POND-GENERIC","other",-71.371778,43.04,,""
"141_Other","NHDES_39","BCHLEGFRKLF","WEBSTER LAKE LAGACE TB-LEFT","other",-71.679558,43.458833,,"Distance to NHDlake > 50m but appears okay in GE"
"33_Other","NHDES_4","BCHTWBHUDCR","ROBINSON POND TB-CENTER","other",-71.381614,42.799945,,""
"34_Other","NHDES_5","OTTHUDBL","OTTERNICK POND-BOAT LAUNCH","other",-71.425831,42.772744,,""
"35_WL3","NHDES_6","LONPELNHD","LONG POND-NH DEEP SPOT","offShore",-71.3671,42.698694,,""
"36_SS1","NHDES_6","BCHTWBPELRT","LONG POND-RIGHT","nearShore",-71.365111,42.700861,,""
"37_SS2","NHDES_7","FREHENCAMP","FRENCH POND-CAMPGROUND SWIM AREA","nearShore",-71.7749,43.19,,""
"40_WL2","NHDES_7","FREHEND2","FREHEND2","offShore",-71.774862,43.192772,,""
"41_WL3","NHDES_7","FREHEND3","FREHEND3","offShore",-71.77705,43.191035,,""
"39_SS1","NHDES_7","FREHENL","FRENCH POND-LAUNCH BROOK","nearShore",-71.775083,43.194,,""
"38_WL1","NHDES_7","FREHEND","FRENCH POND-DEEP SPOT","offShore",-71.775972,43.192722,,""
"42_Other","NHDES_8","BCHSELSDNRT","PHILLIPS POND SEELEY PARK-RIGHT","other",-71.187255,42.923905,,""
"42_SS1","NHDES_8","BCHSELSDNRT","PHILLIPS POND SEELEY PARK-RIGHT","nearShore",-71.187255,42.923905,,""
"44_WL2","NHDES_8","Phillips Pond WL#2","Phillips Pond WL#2","offShore",-71.190441,42.914415,,""
"43_WL1","NHDES_8","PHISDND","PHILLIPS POND-DEEP SPOT","offShore",-71.187874,42.918884,,""
"46_SS2","NHDES_8","Phillips Pond SS#2","Phillips Pond SS#2","nearShore",-71.187617,42.923667,,""
"46_SS1","NHDES_8","Phillips Pond SS#1","Phillips Pond SS#1","nearShore",-71.187617,42.923667,,""
"45_WL3","NHDES_8","Phillips Pond WL#3","Phillips Pond WL#3","offShore",-71.188273,42.922492,,""
"47_Other","NHDES_9","BCHSLSHLSLF","SILVER LAKE SP-LEFT","other",-71.595639,42.76075,,""
"48_SS1","NHDES_9","BCHSLSHLSRT","SILVER LAKE SP-RIGHT","nearShore",-71.597028,42.760028,,""
"174_SS1","RIWW_WW05",,,"nearShore",-71.445,41.7753,"Cell phone GPS",""
"210_WL1","RIWW_WW05",,,"offShore",-71.4467,41.7742,"Cell phone GPS",""
"191_SS1","RIWW_WW183",,,"nearShore",-71.2733,41.5842,"Cell phone GPS",""
"219_WL3","RIWW_WW183",,,"offShore",-71.2728,41.5838,"Cell phone GPS",""
"219_WL1","RIWW_WW183",,,"offShore",-71.2728,41.5838,"Cell phone GPS",""
"219_WLC","RIWW_WW183",,,"offShore",-71.2728,41.5838,"Cell phone GPS",""
"219_WL2","RIWW_WW183",,,"offShore",-71.2728,41.5838,"Cell phone GPS",""
"202_WL1","RIWW_WW200",,,"offShore",-71.7962,41.3796,"Cell phone GPS",""
"202_WLC","RIWW_WW200",,,"offShore",-71.7962,41.3796,"Cell phone GPS",""
"202_WL2","RIWW_WW200",,,"offShore",-71.7962,41.3796,"Cell phone GPS",""
"202_WL3","RIWW_WW200",,,"offShore",-71.7962,41.3796,"Cell phone GPS",""
"202_SS1","RIWW_WW200",,,"nearShore",-71.7962,41.3796,"Cell phone GPS",""
"202_SS2","RIWW_WW200",,,"nearShore",-71.7962,41.3796,"Cell phone GPS",""
"202_SS3","RIWW_WW200",,,"nearShore",-71.7962,41.3796,"Cell phone GPS",""
"201_WLC","RIWW_WW209",,,"offShore",-71.5127,41.459,"Google Earth - URIWW",""
"201_WL1","RIWW_WW209",,,"offShore",-71.5127,41.459,"Google Earth - URIWW",""
"201_WL2","RIWW_WW209",,,"offShore",-71.5127,41.459,"Google Earth - URIWW",""
"201_WL3","RIWW_WW209",,,"offShore",-71.5127,41.459,"Google Earth - URIWW",""
"201_SS1","RIWW_WW209",,,"nearShore",-71.5127,41.459,"Google Earth - URIWW",""
"201_SS3","RIWW_WW209",,,"nearShore",-71.5127,41.459,"Google Earth - URIWW",""
"201_SS2","RIWW_WW209",,,"nearShore",-71.5127,41.459,"Google Earth - URIWW",""
"201_SSC","RIWW_WW209",,,"nearShore",-71.5127,41.459,"Google Earth - URIWW",""
"182_SS1","RIWW_WW30",,,"nearShore",-71.6314,41.4274,"Cell phone GPS",""
"182_SS2","RIWW_WW30",,,"nearShore",-71.6314,41.4274,"Cell phone GPS",""
"182_SS3","RIWW_WW30",,,"nearShore",-71.6314,41.4274,"Cell phone GPS",""
"182_WL1","RIWW_WW30",,,"offShore",-71.6314,41.4274,"Cell phone GPS",""
"182_WL2","RIWW_WW30",,,"offShore",-71.6314,41.4274,"Cell phone GPS",""
"182_WL3","RIWW_WW30",,,"offShore",-71.6314,41.4274,"Cell phone GPS",""
"188_SS1","RIWW_WW36",,,"nearShore",-71.4674,41.7877,"Cell phone GPS",""
"188_SS3","RIWW_WW36",,,"nearShore",-71.4674,41.7877,"Cell phone GPS",""
"188_SS2","RIWW_WW36",,,"nearShore",-71.4674,41.7877,"Cell phone GPS",""
"188_WL3","RIWW_WW36",,,"offShore",-71.4674,41.7877,"Cell phone GPS",""
"188_WL1","RIWW_WW36",,,"offShore",-71.4674,41.7877,"Cell phone GPS",""
"188_WL2","RIWW_WW36",,,"offShore",-71.4674,41.7877,"Cell phone GPS",""
"171_SS1","RIWW_WW37",,"Cunliff Pond (RWP #7)","nearShore",-71.4142,41.7773,,""
"206_WL1","RIWW_WW37",,"Cunliff Pond (RWP #7)","offShore",-71.413,41.7785,,""
"206_WL2","RIWW_WW37",,"Cunliff Pond (RWP #7)","offShore",-71.413,41.7785,,""
"192_SS1","RIWW_WW59",,,"nearShore",-71.4151,41.7249,"Cell phone GPS",""
"220_WL2","RIWW_WW59",,,"offShore",-71.411,41.7227,"Cell phone GPS",""
"220_WL1","RIWW_WW59",,,"offShore",-71.411,41.7227,"Cell phone GPS",""
"220_WL3","RIWW_WW59",,,"offShore",-71.411,41.7227,"Cell phone GPS",""
"200_WL2","RIWW_WW68",,,"offShore",-71.5714,41.5111,"Iphone Compass Application",""
"200_WLC","RIWW_WW68",,,"offShore",-71.5714,41.5111,"Iphone Compass Application",""
"200_WL1","RIWW_WW68",,,"offShore",-71.5714,41.5111,"Iphone Compass Application",""
"200_WL3","RIWW_WW68",,,"offShore",-71.5714,41.5111,"Iphone Compass Application",""
"200_SS2","RIWW_WW68",,,"nearShore",-71.5714,41.5111,"Iphone Compass Application",""
"200_SS1","RIWW_WW68",,,"nearShore",-71.5714,41.5111,"Iphone Compass Application",""
"200_SS3","RIWW_WW68",,,"nearShore",-71.5714,41.5111,"Iphone Compass Application",""
"200_SSC","RIWW_WW68",,,"nearShore",-71.5714,41.5111,"Iphone Compass Application",""
"196_SS1","RIWW_WW68",,,"nearShore",-71.5764,41.515,"Iphone Compass Application",""
"157_WL1","UNH_CFB_WBID_5843810",,,"offShore",-70.887625,43.228081,"GoogleEarth",""
"157_WL2","UNH_CFB_WBID_5843810",,,"offShore",-70.887625,43.228081,"GoogleEarth",""
"157_WL3","UNH_CFB_WBID_5843810",,,"offShore",-70.887625,43.228081,"GoogleEarth",""
"157_WL7","UNH_CFB_WBID_5843810",,,"offShore",-70.887625,43.228081,"GoogleEarth",""
"157_WL8","UNH_CFB_WBID_5843810",,,"offShore",-70.887625,43.228081,"GoogleEarth",""
"157_WL4","UNH_CFB_WBID_5843810",,,"offShore",-70.887625,43.228081,"GoogleEarth",""
"157_WL5","UNH_CFB_WBID_5843810",,,"offShore",-70.887625,43.228081,"GoogleEarth",""
"157_WL6","UNH_CFB_WBID_5843810",,,"offShore",-70.887625,43.228081,"GoogleEarth",""
"155_WL3","UNH_CFB_WBID_5846990",,,"offShore",-71.081729,43.222912,"GoogleEarth",""
"155_WL1","UNH_CFB_WBID_5846990",,,"offShore",-71.081729,43.222912,"GoogleEarth",""
"155_WL2","UNH_CFB_WBID_5846990",,,"offShore",-71.081729,43.222912,"GoogleEarth",""
"153_WL1","UNH_CFB_WBID_6718859",,,"offShore",-70.743766,44.086969,,""
"153_WL3","UNH_CFB_WBID_6718859",,,"offShore",-70.743766,44.086969,,""
"153_WL2","UNH_CFB_WBID_6718859",,,"offShore",-70.743766,44.086969,,""
"161_NA","UNH_CFB_WBID_6738198",,"Triggs",,-71.153126,43.604283,"GoogleEarth",""
"162_NA","UNH_CFB_WBID_6738198",,"Fullers",,-71.172008,43.591914,"GoogleEarth",""
"163_NA","UNH_CFB_WBID_6738198",,"Governors",,-71.131411,43.592349,"GoogleEarth",""
"164_NA","UNH_CFB_WBID_6738198",,,,-71.157598,43.597897,"GoogleEarth",""
"160_NA","UNH_CFB_WBID_6738206",,"Center",,-71.195869,43.591914,"GoogleEarth",""
"156_WL1","UNH_CFB_WBID_6742526",,,"offShore",-70.982824,42.849044,"GoogleEarth",""
"156_WL2","UNH_CFB_WBID_6742526",,,"offShore",-70.982824,42.849044,"GoogleEarth",""
"156_WL3","UNH_CFB_WBID_6742526",,,"offShore",-70.982824,42.849044,"GoogleEarth",""
"158_nearShore_SharksLocation","UNH_CFB_WBID_6743032",,"Sharks Location","nearShore",-71.577089,42.883531,"GoogleEarth",""
"158_nearShore_EastShore","UNH_CFB_WBID_6743032",,"East Shore","nearShore",-71.577089,42.883531,"GoogleEarth",""
"158_NA_SharksLocation","UNH_CFB_WBID_6743032",,"Sharks Location",,-71.577089,42.883531,"GoogleEarth",""
"158_NA_EastShore","UNH_CFB_WBID_6743032",,"East Shore",,-71.577089,42.883531,"GoogleEarth",""
"159_NA","UNH_CFB_WBID_9312481",,,,-71.012252,43.543928,"GoogleEarth",""
"165_NA","UNH_CFB_WBID_9315143",,"East",,-71.161709,43.865002,"GoogleEarth",""
"166_NA","UNH_CFB_WBID_9315143",,"N. Island",,-71.170206,43.884058,"GoogleEarth",""
"167_NA","UNH_CFB_WBID_9315143",,"North",,-71.175184,43.88112,"GoogleEarth",""
"168_NA","UNH_CFB_WBID_9315143",,"2Deep",,-71.175356,43.85807,"GoogleEarth",""
"169_NA","UNH_CFB_WBID_9315143",,"1South",,-71.172523,43.851015,"GoogleEarth",""
"170_NA","UNH_CFB_WBID_9315143",,"Center",,-71.169434,43.864692,"GoogleEarth",""
"154_SS1","UNH_CFB_WBID_9315263",,"Cooks Cove","nearShore",-71.027485,43.628191,,""
"154_SS3","UNH_CFB_WBID_9315263",,"Cooks Cove","nearShore",-71.027485,43.628191,,""
"154_SS2","UNH_CFB_WBID_9315263",,"Cooks Cove","nearShore",-71.027485,43.628191,,""
"1_WL1","VTDEC_WBID_22302965","50",,"offShore",-73.17383333,45.01333333,,""
"2_WL1","VTDEC_WBID_22302965","51",,"offShore",-73.12966667,45.04166667,,"Location in Canada-distance to lake champlain okay"
"3_SS1","VTDEC_WBID_22302965","Rt 78 Access, VT",,"nearShore",-73.22111667,44.96796667,,""
"4_WL1","VTDEC_WBID_22302965","7",,"offShore",-73.41283333,44.126,,""
"5_WL1","VTDEC_WBID_22302965","34",,"offShore",-73.22683333,44.70816667,,""
"6_WL1","VTDEC_WBID_22302965","40",,"offShore",-73.16216667,44.78533333,,""
"7_WL1","VTDEC_WBID_22302965","25",,"offShore",-73.28116667,44.582,,""
"8_WL1","VTDEC_WBID_22302965","33",,"offShore",-73.41816667,44.70116667,,""
"9_WL1","VTDEC_WBID_22302965","4",,"offShore",-73.40783333,43.95166667,,""
"10_WL1","VTDEC_WBID_22302965","21",,"offShore",-73.23166667,44.47483333,,""
"11_WL1","VTDEC_WBID_22302965","phillipsburg, QE",,"offShore",-71.076827,42.359977,,"Lon/Lat changed from -73.078158 / 45.340375; moved to offshore Phillpsburg"
"12_WL1","VTDEC_WBID_22302965","36",,"offShore",-73.355,44.75616667,,""
"13_WL1","VTDEC_WBID_22302965","16",,"offShore",-73.232,44.42583333,,""
"14_WL1","VTDEC_WBID_22302965","Highgate Cliffs",,"offShore",-73.09961667,45.00823333,,""
"15_WL1","VTDEC_WBID_22302965","46",,"offShore",-73.34,44.94833333,,""
"16_WL1","VTDEC_WBID_22302965","19",,"offShore",-73.29916667,44.471,,""
"17_WL1","VTDEC_WBID_22302965","Highgate Springs",,"offShore",-73.11338333,44.99176667,,""
"18_SS1","VTDEC_WBID_22302965","Black Bridge 1",,"nearShore",-73.151858,44.810706,,"Distance to NHDlake > 50m but appears okay in GE"
"19_WL1","VTDEC_WBID_22302965","QE BM b",,"offShore",-73.078067,45.056267,,"Location in Canada-distance to lake champlain okay"
