"sampleID","stationID","sampleDate","sampleTime","organization","fieldCrew","sampleMethod","sampleDepthM","waterTempC","weather","surfaceWaterCondition","photoSample","commentSample"
1,"21_nearShore",08/07/14,14:15:00,"CRWA",,"Integrated","1",,,,FALSE,
2,"21_nearShore",07/10/14,15:52:00,"CRWA",,"Integrated","1",,,,FALSE,
3,"21_nearShore",07/03/14,11:20:00,"CRWA",,"Integrated","1",,,,FALSE,
4,"21_nearShore",07/24/14,,"CRWA",,"Integrated","1",,,,FALSE,
5,"21_nearShore",09/04/14,14:00:00,"CRWA",,"Integrated","1",,,,FALSE,
6,"21_nearShore",08/21/14,14:54:00,"CRWA",,"Integrated","1",,,,FALSE,
7,"21_nearShore",07/17/14,11:44:00,"CRWA",,"Integrated","1",,,,FALSE,
8,"21_nearShore",09/11/14,14:28:00,"CRWA",,"Integrated","1",,,,FALSE,
9,"21_nearShore",08/14/14,11:21:00,"CRWA",,"Integrated","1",,,,FALSE,
10,"21_nearShore",09/18/14,14:40:00,"CRWA",,"Integrated","1",,,,FALSE,
11,"21_nearShore",10/02/14,14:35:00,"CRWA",,"Integrated","1",,,,FALSE,
12,"21_nearShore",08/28/14,15:00:00,"CRWA",,"Integrated","1",,,,FALSE,
13,"21_nearShore",07/31/14,12:12:00,"CRWA",,"Integrated","1",,,,FALSE,
14,"20_nearShore",07/24/14,,"CRWA",,"Integrated","1",,,,FALSE,
15,"20_nearShore",07/31/14,10:47:00,"CRWA",,"Integrated","1",,,,FALSE,
16,"20_nearShore",07/10/14,15:09:00,"CRWA",,"Integrated","1",,,,FALSE,
17,"20_nearShore",08/28/14,14:00:00,"CRWA",,"Integrated","1",,,,FALSE,
18,"20_nearShore",09/04/14,13:00:00,"CRWA",,"Integrated","1",,,,FALSE,
19,"20_nearShore",08/21/14,14:32:00,"CRWA",,"Integrated","1",,,,FALSE,
20,"20_nearShore",07/03/14,10:47:00,"CRWA",,"Integrated","1",,,,FALSE,
21,"20_nearShore",09/11/14,13:35:00,"CRWA",,"Integrated","1",,,,FALSE,
22,"20_nearShore",08/14/14,10:51:00,"CRWA",,"Integrated","1",,,,FALSE,
23,"20_nearShore",09/18/14,13:30:00,"CRWA",,"Integrated","1",,,,FALSE,
24,"20_nearShore",08/07/14,13:42:00,"CRWA",,"Integrated","1",,,,FALSE,
25,"20_nearShore",10/02/14,13:20:00,"CRWA",,"Integrated","1",,,,FALSE,
26,"20_nearShore",07/17/14,11:09:00,"CRWA",,"Integrated","1",,,,FALSE,
27,"22_nearShore",07/17/14,12:12:00,"CRWA",,"Integrated","1",,,,FALSE,
28,"22_nearShore",07/10/14,14:22:00,"CRWA",,"Integrated","1",,,,FALSE,
29,"22_nearShore",10/02/14,12:35:00,"CRWA",,"Integrated","1",,,,FALSE,
30,"22_nearShore",09/11/14,14:45:00,"CRWA",,"Integrated","1",,,,FALSE,
31,"22_nearShore",07/31/14,11:10:00,"CRWA",,"Integrated","1",,,,FALSE,
32,"22_nearShore",07/24/14,,"CRWA",,"Integrated","1",,,,FALSE,
33,"22_nearShore",08/07/14,14:42:00,"CRWA",,"Integrated","1",,,,FALSE,
34,"22_nearShore",08/14/14,11:43:00,"CRWA",,"Integrated","1",,,,FALSE,
35,"22_nearShore",09/18/14,12:30:00,"CRWA",,"Integrated","1",,,,FALSE,
36,"22_nearShore",09/04/14,12:25:00,"CRWA",,"Integrated","1",,,,FALSE,
37,"22_nearShore",08/28/14,13:15:00,"CRWA",,"Integrated","1",,,,FALSE,
38,"22_nearShore",08/21/14,15:22:00,"CRWA",,"Integrated","1",,,,FALSE,
39,"23_nearShore",09/04/14,13:30:00,"CRWA",,"Integrated","1",,,,FALSE,
40,"23_nearShore",08/21/14,13:54:00,"CRWA",,"Integrated","1",,,,FALSE,
41,"23_nearShore",07/10/14,14:37:00,"CRWA",,"Integrated","1",,,,FALSE,
42,"23_nearShore",08/07/14,15:20:00,"CRWA",,"Integrated","1",,,,FALSE,
43,"23_nearShore",07/24/14,,"CRWA",,"Integrated","1",,,,FALSE,
44,"23_nearShore",09/18/14,13:00:00,"CRWA",,"Integrated","1",,,,FALSE,
45,"23_nearShore",10/02/14,12:55:00,"CRWA",,"Integrated","1",,,,FALSE,
46,"23_nearShore",08/14/14,12:12:00,"CRWA",,"Integrated","1",,,,FALSE,
47,"23_nearShore",09/11/14,13:04:00,"CRWA",,"Integrated","1",,,,FALSE,
48,"23_nearShore",08/28/14,14:20:00,"CRWA",,"Integrated","1",,,,FALSE,
49,"23_nearShore",07/17/14,12:39:00,"CRWA",,"Integrated","1",,,,FALSE,
50,"23_nearShore",07/31/14,11:52:00,"CRWA",,"Integrated","1",,,,FALSE,
51,"149_nearShore",07/28/14,,"CTDEEP",,"Integrated","1",,,,FALSE,
52,"152_nearShore",08/20/14,,"CTDEEP",,"Integrated","1",,,,FALSE,
53,"151_nearShore",08/14/14,,"CTDEEP",,"Integrated","1",,,,FALSE,
54,"148_nearShore",07/01/14,,"CTDEEP",,"Integrated","1",,,,FALSE,
55,"148_nearShore",07/08/14,,"CTDEEP",,"Integrated","1",,,,FALSE,
56,"148_nearShore",07/22/14,,"CTDEEP",,"Integrated","1",,,,FALSE,
57,"148_nearShore",07/29/14,,"CTDEEP",,"Integrated","1",,,,FALSE,
58,"148_nearShore",08/05/14,,"CTDEEP",,"Integrated","1",,,,FALSE,
59,"148_nearShore",07/15/14,,"CTDEEP",,"Integrated","1",,,,FALSE,
60,"148_nearShore",08/19/14,,"CTDEEP",,"Integrated","1",,,,FALSE,
61,"148_nearShore",08/26/14,,"CTDEEP",,"Integrated","1",,,,FALSE,
62,"148_nearShore",08/12/14,,"CTDEEP",,"Integrated","1",,,,FALSE,
63,"142_nearShore",07/14/14,,"CTDEEP",,"Integrated","1",,,,FALSE,
64,"142_nearShore",07/21/14,,"CTDEEP",,"Integrated","1",,,,FALSE,
65,"142_nearShore",07/07/14,,"CTDEEP",,"Integrated","1",,,,FALSE,
66,"142_nearShore",08/11/14,,"CTDEEP",,"Integrated","1",,,,FALSE,
67,"142_nearShore",07/28/14,,"CTDEEP",,"Integrated","1",,,,FALSE,
68,"142_nearShore",08/25/14,,"CTDEEP",,"Integrated","1",,,,FALSE,
69,"142_nearShore",08/04/14,,"CTDEEP",,"Integrated","1",,,,FALSE,
70,"142_nearShore",08/18/14,,"CTDEEP",,"Integrated","1",,,,FALSE,
71,"142_nearShore",06/30/14,,"CTDEEP",,"Integrated","1",,,,FALSE,
72,"143_nearShore",07/14/14,,"CTDEEP",,"Integrated","1",,,,FALSE,
73,"143_nearShore",08/04/14,,"CTDEEP",,"Integrated","1",,,,FALSE,
74,"143_nearShore",07/07/14,,"CTDEEP",,"Integrated","1",,,,FALSE,
75,"143_nearShore",07/21/14,,"CTDEEP",,"Integrated","1",,,,FALSE,
76,"143_nearShore",07/28/14,,"CTDEEP",,"Integrated","1",,,,FALSE,
77,"143_nearShore",06/30/14,,"CTDEEP",,"Integrated","1",,,,FALSE,
78,"143_nearShore",08/25/14,,"CTDEEP",,"Integrated","1",,,,FALSE,
79,"143_nearShore",08/18/14,,"CTDEEP",,"Integrated","1",,,,FALSE,
80,"143_nearShore",08/11/14,,"CTDEEP",,"Integrated","1",,,,FALSE,
81,"144_nearShore",07/29/14,,"CTDEEP",,"Integrated","1",,,,FALSE,
82,"144_nearShore",07/01/14,,"CTDEEP",,"Integrated","1",,,,FALSE,
83,"144_nearShore",07/15/14,,"CTDEEP",,"Integrated","1",,,,FALSE,
84,"144_nearShore",07/22/14,,"CTDEEP",,"Integrated","1",,,,FALSE,
85,"144_nearShore",07/08/14,,"CTDEEP",,"Integrated","1",,,,FALSE,
86,"144_nearShore",08/19/14,,"CTDEEP",,"Integrated","1",,,,FALSE,
87,"144_nearShore",08/05/14,,"CTDEEP",,"Integrated","1",,,,FALSE,
88,"144_nearShore",08/12/14,,"CTDEEP",,"Integrated","1",,,,FALSE,
89,"144_nearShore",08/26/14,,"CTDEEP",,"Integrated","1",,,,FALSE,
90,"145_nearShore",08/05/14,,"CTDEEP",,"Integrated","1",,,,FALSE,
91,"145_nearShore",07/15/14,,"CTDEEP",,"Integrated","1",,,,FALSE,
92,"145_nearShore",07/22/14,,"CTDEEP",,"Integrated","1",,,,FALSE,
93,"145_nearShore",07/29/14,,"CTDEEP",,"Integrated","1",,,,FALSE,
94,"145_nearShore",08/26/14,,"CTDEEP",,"Integrated","1",,,,FALSE,
95,"145_nearShore",08/19/14,,"CTDEEP",,"Integrated","1",,,,FALSE,
96,"145_nearShore",08/12/14,,"CTDEEP",,"Integrated","1",,,,FALSE,
97,"145_nearShore",07/08/14,,"CTDEEP",,"Integrated","1",,,,FALSE,
98,"145_nearShore",07/01/14,,"CTDEEP",,"Integrated","1",,,,FALSE,
99,"146_nearShore",08/19/14,,"CTDEEP",,"Integrated","1",,,,FALSE,
100,"146_nearShore",07/01/14,,"CTDEEP",,"Integrated","1",,,,FALSE,
101,"146_nearShore",08/12/14,,"CTDEEP",,"Integrated","1",,,,FALSE,
102,"146_nearShore",08/05/14,,"CTDEEP",,"Integrated","1",,,,FALSE,
103,"146_nearShore",07/22/14,,"CTDEEP",,"Integrated","1",,,,FALSE,
104,"146_nearShore",07/08/14,,"CTDEEP",,"Integrated","1",,,,FALSE,
105,"146_nearShore",07/15/14,,"CTDEEP",,"Integrated","1",,,,FALSE,
106,"146_nearShore",07/29/14,,"CTDEEP",,"Integrated","1",,,,FALSE,
107,"146_nearShore",08/26/14,,"CTDEEP",,"Integrated","1",,,,FALSE,
108,"147_nearShore",07/08/14,,"CTDEEP",,"Integrated","1",,,,FALSE,
109,"147_nearShore",08/05/14,,"CTDEEP",,"Integrated","1",,,,FALSE,
110,"147_nearShore",08/26/14,,"CTDEEP",,"Integrated","1",,,,FALSE,
111,"147_nearShore",08/19/14,,"CTDEEP",,"Integrated","1",,,,FALSE,
112,"147_nearShore",07/15/14,,"CTDEEP",,"Integrated","1",,,,FALSE,
113,"147_nearShore",07/29/14,,"CTDEEP",,"Integrated","1",,,,FALSE,
114,"147_nearShore",07/01/14,,"CTDEEP",,"Integrated","1",,,,FALSE,
115,"147_nearShore",08/12/14,,"CTDEEP",,"Integrated","1",,,,FALSE,
116,"147_nearShore",07/22/14,,"CTDEEP",,"Integrated","1",,,,FALSE,
117,"150_nearShore",08/12/14,,"CTDEEP",,"Integrated","1",,,,FALSE,
118,"633_offShore",09/08/14,09:00:00,"MEDEP","Bacon, Dennis","Integrated","3",,"clear,calm,N,cool",,FALSE,
119,"632_offShore",09/08/14,14:00:00,"MEDEP","Bacon, Dennis","Grab","0",,"clear,calm,N,cool",,FALSE,
120,"631_offShore",09/08/14,12:00:00,"MEDEP","Bacon, Dennis","Grab","0",,"clear,calm,N,cool",,FALSE,
121,"328_nearShore",09/02/14,11:17:00,"MEDEP","Blanchette, Halliwell","Integrated","1",,"Cloudy, Calm, SW, Cool",,TRUE,
122,"378_nearShore",09/02/14,11:20:00,"MEDEP","Blanchette, Halliwell","Integrated","1",,"Cloudy, Calm, SW, Cool",,TRUE,
123,"330_nearShore",09/02/14,11:15:00,"MEDEP","Blanchette, Halliwell","Integrated","1",,"Cloudy, Calm, SW, Cool",,TRUE,
124,"331_offShore",09/02/14,11:00:00,"MEDEP","Blanchette, Halliwell","Integrated","3",,"Cloudy, Calm, SW, Cool",,TRUE,
125,"332_offShore",09/02/14,10:50:00,"MEDEP","Blanchette, Halliwell","Integrated","3",,"Cloudy, Calm, SW, Cool",,TRUE,
126,"333_offShore",09/02/14,10:48:00,"MEDEP","Blanchette, Halliwell","Integrated","3",,"Cloudy, Calm, SW, Cool",,TRUE,
127,"333_offShore",09/02/14,09:30:00,"MEDEP","Blanchette, Halliwell","Integrated","7",,"Cloudy, Calm, SW, Cool",,TRUE,
128,"328_nearShore",10/14/14,10:04:00,"MEDEP","Suitor, McPhedran","Integrated","1",,"Clear, light breeze, cool",,FALSE,
129,"378_nearShore",10/14/14,10:05:00,"MEDEP","Suitor, McPhedran","Integrated","1",,"Clear, light breeze, cool",,FALSE,
130,"330_nearShore",10/14/14,10:02:00,"MEDEP","Suitor, McPhedran","Integrated","1",,"Clear, light breeze, cool",,TRUE,
131,"331_offShore",10/14/14,09:56:00,"MEDEP","Suitor, McPhedran","Integrated","3",,"Clear, light breeze, cool",,FALSE,
132,"332_offShore",10/14/14,09:54:00,"MEDEP","Suitor, McPhedran","Integrated","3",,"Clear, light breeze, cool",,FALSE,
133,"333_offShore",10/14/14,09:50:00,"MEDEP","Suitor, McPhedran","Integrated","3",,"Clear, light breeze, cool",,TRUE,
134,"333_offShore",10/14/14,09:34:00,"MEDEP","Suitor, McPhedran","Integrated","10",,"Clear, light breeze, cool",,TRUE,
135,"331_offShore",09/15/14,10:57:00,"MEDEP","Suitor, Danielson","Integrated","3",,"cloudy, breezy, W, cool",,FALSE,
136,"328_nearShore",09/15/14,11:09:00,"MEDEP","Suitor, Danielson","Integrated","1",,"cloudy, breezy, W, cool",,FALSE,
137,"332_offShore",09/15/14,10:55:00,"MEDEP","Suitor, Danielson","Integrated","3",,"cloudy, breezy, W, cool",,FALSE,
138,"330_nearShore",09/15/14,11:07:00,"MEDEP","Suitor, Danielson","Integrated","1",,"cloudy, breezy, W, cool",,TRUE,
139,"333_offShore",09/15/14,10:30:00,"MEDEP","Suitor, Danielson","Integrated","10",,"cloudy, breezy, W, cool",,TRUE,
140,"333_offShore",09/15/14,10:42:00,"MEDEP","Suitor, Danielson","Integrated","3",,"cloudy, breezy, W, cool",,FALSE,
141,"378_nearShore",09/15/14,11:11:00,"MEDEP","Suitor, Danielson","Integrated","1",,"cloudy, breezy, W, cool",,FALSE,
142,"333_offShore",09/29/14,,"MEDEP","Suitor, Danielson","Integrated","10",,"cloudy, breezy, N, cool",,TRUE,
143,"333_offShore",09/29/14,,"MEDEP","Suitor, Danielson","Integrated","3",,"cloudy, breezy, N, cool",,FALSE,
144,"332_offShore",09/29/14,,"MEDEP","Suitor, Danielson","Integrated","3",,"cloudy, breezy, N, cool",,FALSE,
145,"331_offShore",09/29/14,,"MEDEP","Suitor, Danielson","Integrated","3",,"cloudy, breezy, N, cool",,FALSE,
146,"330_nearShore",09/29/14,,"MEDEP","Suitor, Danielson","Integrated","1",,"cloudy, breezy, N, cool",,FALSE,
147,"328_nearShore",09/29/14,,"MEDEP","Suitor, Danielson","Integrated","1",,"cloudy, breezy, N, cool",,FALSE,
148,"378_nearShore",09/29/14,,"MEDEP","Suitor, Danielson","Integrated","1",,"cloudy, breezy, N, cool",,TRUE,
149,"627_offShore",08/11/14,12:30:00,"MEDEP","Blanchette, Suitor","Integrated","5",,"Sunny,warm",,FALSE,
150,"285_offShore",10/17/14,11:51:00,"MEDEP","Suitor, Danielson","Integrated","3",,"Cloudy, breezy S, cool",,FALSE,
151,"285_offShore",10/17/14,11:30:00,"MEDEP","Suitor, Danielson","Integrated","4",,"Cloudy, breezy S, cool",,TRUE,
152,"285_offShore",10/17/14,11:46:00,"MEDEP","Suitor, Danielson","Integrated","3",,"Cloudy, breezy S, cool",,FALSE,
153,"285_offShore",10/17/14,11:53:00,"MEDEP","Suitor, Danielson","Integrated","3",,"Cloudy, breezy S, cool",,FALSE,
154,"285_nearShore",10/17/14,12:00:00,"MEDEP","Suitor, Danielson","Integrated","1",,"Cloudy, breezy S, cool",,FALSE,
155,"285_nearShore",10/17/14,12:02:00,"MEDEP","Suitor, Danielson","Integrated","1",,"Cloudy, breezy S, cool",,FALSE,
156,"285_nearShore",10/17/14,11:57:00,"MEDEP","Suitor, Danielson","Integrated","1",,"Cloudy, breezy S, cool",,TRUE,
157,"285_nearShore",09/30/14,12:05:00,"MEDEP","Suitor, Blanchette","Integrated","1",,"cloudy, breezy, N, cold",,FALSE,
158,"285_offShore",09/30/14,11:42:00,"MEDEP","Suitor, Blanchette","Integrated","3",,"cloudy, breezy, N, cold",,FALSE,
159,"285_offShore",09/30/14,11:40:00,"MEDEP","Suitor, Blanchette","Integrated","4",,"cloudy, breezy, N, cold",,TRUE,
160,"285_other",09/30/14,12:21:00,"MEDEP","Suitor, Blanchette","Grab","0",,"cloudy, breezy, N, cold",,FALSE,
161,"285_other",09/30/14,12:29:00,"MEDEP","Suitor, Blanchette","Grab","0",,"cloudy, breezy, N, cold",,TRUE,
162,"285_other",09/30/14,12:23:00,"MEDEP","Suitor, Blanchette","Grab","0",,"cloudy, breezy, N, cold",,FALSE,
163,"285_nearShore",09/30/14,12:03:00,"MEDEP","Suitor, Blanchette","Integrated","1",,"cloudy, breezy, N, cold",,FALSE,
164,"285_nearShore",09/30/14,11:57:00,"MEDEP","Suitor, Blanchette","Integrated","1",,"cloudy, breezy, N, cold",,TRUE,
165,"285_offShore",09/30/14,11:49:00,"MEDEP","Suitor, Blanchette","Integrated","3",,"cloudy, breezy, N, cold",,FALSE,
166,"285_offShore",09/30/14,11:46:00,"MEDEP","Suitor, Blanchette","Integrated","3",,"cloudy, breezy, N, cold",,FALSE,
167,"285_offShore",09/16/14,,"MEDEP","Bacon, Williams","Integrated","3",,"cloudy, breezy, S, cool",,FALSE,
168,"285_other",09/16/14,,"MEDEP","Bacon, Williams","Grab","0",,"cloudy, breezy, S, cool",,FALSE,
169,"285_other",09/16/14,,"MEDEP","Bacon, Williams","Grab","0",,"cloudy, breezy, S, cool",,TRUE,
170,"285_nearShore",09/16/14,,"MEDEP","Bacon, Williams","Integrated","1",,"cloudy, breezy, S, cool",,FALSE,
171,"285_offShore",09/16/14,,"MEDEP","Bacon, Williams","Integrated","4",,"cloudy, breezy, S, cool",,TRUE,
172,"285_other",09/02/14,10:56:00,"MEDEP","Bacon, Dennis, Williams","Grab","0",,"Cloudy, Calm/Breezy S, Cool",,FALSE,
173,"285_other",09/02/14,10:57:00,"MEDEP","Bacon, Dennis, Williams","Grab","0",,"Cloudy, Calm/Breezy S, Cool",,FALSE,
174,"285_other",09/02/14,10:54:00,"MEDEP","Bacon, Dennis, Williams","Grab","0",,"Cloudy, Calm/Breezy S, Cool",,TRUE,
175,"285_nearShore",09/02/14,10:30:00,"MEDEP","Bacon, Dennis, Williams","Integrated","1",,"Cloudy, Calm/Breezy S, Cool",,FALSE,
176,"285_nearShore",09/02/14,10:27:00,"MEDEP","Bacon, Dennis, Williams","Integrated","1",,"Cloudy, Calm/Breezy S, Cool",,FALSE,
177,"285_offShore",09/02/14,10:08:00,"MEDEP","Bacon, Dennis, Williams","Integrated","3",,"Cloudy, Calm/Breezy S, Cool",,TRUE,
178,"285_offShore",09/02/14,10:04:00,"MEDEP","Bacon, Dennis, Williams","Integrated","3",,"Cloudy, Calm/Breezy S, Cool",,FALSE,
179,"285_offShore",09/02/14,10:00:00,"MEDEP","Bacon, Dennis, Williams","Integrated","3",,"Cloudy, Calm/Breezy S, Cool",,TRUE,
180,"285_offShore",09/02/14,10:00:00,"MEDEP","Bacon, Dennis, Williams","Integrated","4",,"Cloudy, Calm/Breezy S, Cool",,TRUE,
181,"285_nearShore",09/02/14,10:25:00,"MEDEP","Bacon, Dennis, Williams","Integrated","1",,"Cloudy, Calm/Breezy S, Cool",,FALSE,
182,"634_other",10/13/14,12:00:00,"MEDEP","volunteer","Grab","0",,,,FALSE,
183,"234_nearShore",08/27/14,10:24:00,"MEDEP","Blanchette, Witherill","Integrated","1",,"Clear, breezy, N, Cool",,TRUE,
184,"235_offShore",08/27/14,09:50:00,"MEDEP","Blanchette, Witherill","Integrated","3",,"Clear, breezy, N, Cool",,TRUE,
185,"236_offShore",08/27/14,10:03:00,"MEDEP","Blanchette, Witherill","Integrated","3",,"Clear, breezy, N, Cool",,TRUE,
186,"237_offShore",08/27/14,10:08:00,"MEDEP","Blanchette, Witherill","Integrated","3",,"Clear, breezy, N, Cool",,TRUE,
187,"238_nearShore",08/27/14,10:31:00,"MEDEP","Blanchette, Witherill","Integrated","1",,"Clear, breezy, N, Cool",,FALSE,
188,"239_nearShore",08/27/14,10:32:00,"MEDEP","Blanchette, Witherill","Integrated","1",,"Clear, breezy, N, Cool",,FALSE,
189,"240_offShore",08/27/14,10:06:00,"MEDEP","Blanchette, Witherill","Integrated","3",,"Clear, breezy, N, Cool",,TRUE,
190,"241_nearShore",08/28/14,12:46:00,"MEDEP","Latt, Brewer","Integrated","1",,"Partly cloudy, Windy NW 10-15, cool",,TRUE,
191,"242_offShore",08/28/14,13:39:00,"MEDEP","Latt, Brewer","Integrated","3",,"Partly cloudy, Windy NW 10-15, cool",,TRUE,
192,"243_offShore",08/28/14,12:35:00,"MEDEP","Latt, Brewer","Integrated","3",,"Partly cloudy, Windy NW 10-15, cool",,TRUE,
193,"244_nearShore",08/28/14,12:55:00,"MEDEP","Latt, Brewer","Integrated","1",,"Partly cloudy, Windy NW 10-15, cool",,TRUE,
194,"245_offShore",08/28/14,11:40:00,"MEDEP","Latt, Brewer","Integrated","6",,"Partly cloudy, Windy NW 10-15, cool",,TRUE,
195,"245_offShore",08/28/14,12:18:00,"MEDEP","Latt, Brewer","Integrated","3",,"Partly cloudy, Windy NW 10-15, cool",,TRUE,
196,"246_nearShore",08/28/14,12:52:00,"MEDEP","Latt, Brewer","Integrated","1",,"Partly cloudy, Windy NW 10-15, cool",,TRUE,
197,"448_nearShore",08/28/14,,"MEDEP","Latt, Brewer","Integrated","1",,"cloudy, breezy, NW, warm",,TRUE,
198,"449_offShore",08/28/14,,"MEDEP","Latt, Brewer","Integrated","9",,"cloudy, breezy, NW, warm",,TRUE,
199,"449_offShore",08/28/14,,"MEDEP","Latt, Brewer","Integrated","3",,"cloudy, breezy, NW, warm",,TRUE,
200,"450_nearShore",08/28/14,,"MEDEP","Latt, Brewer","Integrated","1",,"cloudy, breezy, NW, warm",,TRUE,
201,"451_nearShore",08/28/14,,"MEDEP","Latt, Brewer","Integrated","1",,"cloudy, breezy, NW, warm",,TRUE,
202,"452_offShore",08/28/14,,"MEDEP","Latt, Brewer","Integrated","3",,"cloudy, breezy, NW, warm",,TRUE,
203,"453_offShore",08/28/14,,"MEDEP","Latt, Brewer","Integrated","3",,"cloudy, breezy, NW, warm",,TRUE,
204,"630_offShore",08/27/14,13:30:00,"MEDEP","Dennis","Grab","0",,"clear,calm,sw,hot",,FALSE,
205,"629_offShore",08/26/14,11:10:00,"MEDEP","Hahnel, Latt","Integrated","6",,"clear, breezy(SW),hot",,FALSE,
206,"282_nearShore",09/15/14,,"MEDEP","Suitor, Danielson","Integrated","1",,"Clear, Calm E, Cool",,FALSE,
207,"282_other",09/15/14,12:51:00,"MEDEP","Suitor, Danielson","Grab","0",,"Clear, Calm E, Cool",,FALSE,
208,"282_other",09/15/14,12:58:00,"MEDEP","Suitor, Danielson","Grab","0",,"Clear, Calm E, Cool",,TRUE,
209,"282_other",09/15/14,12:46:00,"MEDEP","Suitor, Danielson","Grab","0",,"Clear, Calm E, Cool",,TRUE,
210,"282_nearShore",09/15/14,,"MEDEP","Suitor, Danielson","Integrated","1",,"Clear, Calm E, Cool",,TRUE,
211,"282_offShore",09/15/14,13:58:00,"MEDEP","Suitor, Danielson","Integrated","3",,"Clear, Calm E, Cool",,FALSE,
212,"282_offShore",09/15/14,13:56:00,"MEDEP","Suitor, Danielson","Integrated","3",,"Clear, Calm E, Cool",,FALSE,
213,"282_offShore",09/15/14,13:50:00,"MEDEP","Suitor, Danielson","Integrated","10",,"Clear, Calm E, Cool",,TRUE,
214,"282_offShore",09/15/14,13:50:00,"MEDEP","Suitor, Danielson","Integrated","3",,"Clear, Calm E, Cool",,TRUE,
215,"282_nearShore",10/14/14,13:07:00,"MEDEP","Suitor, McPhedran","Integrated","1",,"Clear, Breezy SW, Warm",,FALSE,
216,"282_offShore",10/14/14,12:51:00,"MEDEP","Suitor, McPhedran","Integrated","3",,"Clear, Breezy SW, Warm",,FALSE,
217,"282_nearShore",10/14/14,13:05:00,"MEDEP","Suitor, McPhedran","Integrated","1",,"Clear, Breezy SW, Warm",,FALSE,
218,"282_nearShore",10/14/14,13:03:00,"MEDEP","Suitor, McPhedran","Integrated","1",,"Clear, Breezy SW, Warm",,TRUE,
219,"282_offShore",10/14/14,12:49:00,"MEDEP","Suitor, McPhedran","Integrated","3",,"Clear, Breezy SW, Warm",,FALSE,
220,"282_offShore",10/14/14,12:45:00,"MEDEP","Suitor, McPhedran","Integrated","3",,"Clear, Breezy SW, Warm",,TRUE,
221,"282_offShore",10/14/14,12:21:00,"MEDEP","Suitor, McPhedran","Integrated","10",,"Clear, Breezy SW, Warm",,TRUE,
222,"282_offShore",09/29/14,,"MEDEP","Suitor, Danielson","Integrated","3",,"cloudy, windy, NE, cool",,FALSE,
223,"282_offShore",09/29/14,,"MEDEP","Suitor, Danielson","Integrated","10",,"cloudy, windy, NE, cool",,TRUE,
224,"282_nearShore",09/29/14,,"MEDEP","Suitor, Danielson","Integrated","1",,"cloudy, windy, NE, cool",,TRUE,
225,"282_nearShore",09/29/14,,"MEDEP","Suitor, Danielson","Integrated","1",,"cloudy, windy, NE, cool",,FALSE,
226,"282_nearShore",09/02/14,,"MEDEP","Blanchette","Integrated","1",,"cloudy, breezy, NE, warm",,TRUE,
227,"282_offShore",09/02/14,,"MEDEP","Blanchette","Integrated","3",,"cloudy, breezy, NE, warm",,TRUE,
228,"282_other",09/02/14,,"MEDEP","Blanchette","Grab","0",,"cloudy, breezy, NE, warm",,TRUE,
229,"490_offShore",09/10/14,09:38:00,"MEDEP","Blanchette, Van Gorden","Integrated","3",,"Cloudy, wind SE, cool",,FALSE,
230,"490_offShore",09/10/14,09:00:00,"MEDEP","Blanchette, Van Gorden","Integrated","4",,"Cloudy, wind SE, cool",,TRUE,
231,"490_offShore",09/10/14,09:39:00,"MEDEP","Blanchette, Van Gorden","Integrated","3",,"Cloudy, wind SE, cool",,FALSE,
232,"490_nearShore",09/10/14,09:50:00,"MEDEP","Blanchette, Van Gorden","Integrated","1",,"Cloudy, wind SE, cool",,TRUE,
233,"490_nearShore",09/10/14,10:00:00,"MEDEP","Blanchette, Van Gorden","Integrated","1",,"Cloudy, wind SE, cool",,TRUE,
234,"490_nearShore",09/10/14,10:05:00,"MEDEP","Blanchette, Van Gorden","Integrated","1",,"Cloudy, wind SE, cool",,TRUE,
235,"490_other",09/10/14,09:54:00,"MEDEP","Blanchette, Van Gorden","Grab","0",,"Cloudy, wind SE, cool",,TRUE,
236,"490_other",09/10/14,10:02:00,"MEDEP","Blanchette, Van Gorden","Grab","0",,"Cloudy, wind SE, cool",,TRUE,
237,"490_other",09/10/14,10:10:00,"MEDEP","Blanchette, Van Gorden","Grab","0",,"Cloudy, wind SE, cool",,TRUE,
238,"490_offShore",09/10/14,09:30:00,"MEDEP","Blanchette, Van Gorden","Integrated","3",,"Cloudy, wind SE, cool",,FALSE,
239,"490_offShore",10/08/14,12:08:00,"MEDEP","Blanchette, Connors","Integrated","3",,"cloudy, windy, N, cold",,FALSE,
240,"490_other",10/08/14,12:32:00,"MEDEP","Blanchette, Connors","Grab","0",,"cloudy, windy, N, cold",,FALSE,
241,"490_other",10/08/14,12:30:00,"MEDEP","Blanchette, Connors","Grab","0",,"cloudy, windy, N, cold",,FALSE,
242,"490_offShore",10/08/14,12:02:00,"MEDEP","Blanchette, Connors","Integrated","3",,"cloudy, windy, N, cold",,FALSE,
243,"490_offShore",10/08/14,12:00:00,"MEDEP","Blanchette, Connors","Integrated","6",,"cloudy, windy, N, cold",,TRUE,
244,"490_nearShore",10/08/14,12:16:00,"MEDEP","Blanchette, Connors","Integrated","1",,"cloudy, windy, N, cold",,FALSE,
245,"490_offShore",10/08/14,12:06:00,"MEDEP","Blanchette, Connors","Integrated","3",,"cloudy, windy, N, cold",,FALSE,
246,"490_nearShore",10/08/14,12:19:00,"MEDEP","Blanchette, Connors","Integrated","1",,"cloudy, windy, N, cold",,TRUE,
247,"490_nearShore",10/08/14,12:20:00,"MEDEP","Blanchette, Connors","Integrated","1",,"cloudy, windy, N, cold",,FALSE,
248,"490_other",10/08/14,12:27:00,"MEDEP","Blanchette, Connors","Grab","0",,"cloudy, windy, N, cold",,TRUE,
249,"490_nearShore",09/24/14,,"MEDEP","Suitor, Rogers","Integrated","1",,"clear, calm, NW, cool",,FALSE,
250,"490_other",09/24/14,,"MEDEP","Suitor, Rogers","Grab","0",,"clear, calm, NW, cool",,FALSE,
251,"490_offShore",09/24/14,,"MEDEP","Suitor, Rogers","Integrated","7",,"clear, calm, NW, cool",,TRUE,
252,"490_offShore",09/24/14,,"MEDEP","Suitor, Rogers","Integrated","3",,"clear, calm, NW, cool",,FALSE,
253,"490_nearShore",09/24/14,,"MEDEP","Suitor, Rogers","Integrated","1",,"clear, calm, NW, cool",,TRUE,
254,"490_offShore",08/26/14,09:55:00,"MEDEP","Blanchette, Meunier","Integrated","3",,"Clear, Clam N, Hot",,TRUE,
255,"490_offShore",08/26/14,09:00:00,"MEDEP","Blanchette, Meunier","Integrated","3",,"Clear, Clam N, Hot",,TRUE,
256,"490_offShore",08/26/14,09:50:00,"MEDEP","Blanchette, Meunier","Integrated","3",,"Clear, Clam N, Hot",,TRUE,
257,"490_offShore",08/26/14,09:45:00,"MEDEP","Blanchette, Meunier","Integrated","3",,"Clear, Clam N, Hot",,TRUE,
258,"490_other",08/26/14,10:30:00,"MEDEP","Blanchette, Meunier","Grab","0",,"Clear, Clam N, Hot",,TRUE,
259,"490_other",08/26/14,10:25:00,"MEDEP","Blanchette, Meunier","Grab","0",,"Clear, Clam N, Hot",,TRUE,
260,"490_nearShore",08/26/14,10:20:00,"MEDEP","Blanchette, Meunier","Integrated","1",,"Clear, Clam N, Hot",,TRUE,
261,"490_other",08/26/14,10:35:00,"MEDEP","Blanchette, Meunier","Grab","0",,"Clear, Clam N, Hot",,TRUE,
262,"490_nearShore",08/26/14,10:15:00,"MEDEP","Blanchette, Meunier","Integrated","1",,"Clear, Clam N, Hot",,TRUE,
263,"490_nearShore",08/26/14,10:10:00,"MEDEP","Blanchette, Meunier","Integrated","1",,"Clear, Clam N, Hot",,TRUE,
264,"614_offShore",08/19/14,,"MEDEP","Suitor, Holden","Integrated","7",,"clear, calm, W to SE, cool",,FALSE,
265,"614_offShore",08/19/14,,"MEDEP","Suitor, Holden","Integrated","3",,"clear, calm, W to SE, cool",,FALSE,
266,"614_offShore",08/19/14,,"MEDEP","Suitor, Holden","Integrated","3",,"clear, calm, W to SE, cool",,TRUE,
267,"614_nearShore",08/19/14,,"MEDEP","Suitor, Holden","Integrated","1",,"clear, calm, W to SE, cool",,TRUE,
268,"614_nearShore",08/19/14,,"MEDEP","Suitor, Holden","Integrated","1",,"clear, calm, W to SE, cool",,FALSE,
269,"565_nearShore",08/21/14,14:40:00,"MEDEP","Suitor, Burson","Integrated","1",,"cloudy, breezy, cool, s",,FALSE,
270,"566_offShore",08/21/14,14:31:00,"MEDEP","Suitor, Burson","Integrated","2",,"cloudy, breezy, cool, s",,FALSE,
271,"567_offShore",08/21/14,14:28:00,"MEDEP","Suitor, Burson","Integrated","2",,"cloudy, breezy, cool, s",,TRUE,
272,"567_offShore",08/21/14,14:30:00,"MEDEP","Suitor, Burson","Integrated","2",,"cloudy, breezy, cool, s",,FALSE,
273,"568_offShore",08/21/14,14:33:00,"MEDEP","Suitor, Burson","Integrated","2",,"cloudy, breezy, cool, s",,TRUE,
274,"563_nearShore",08/21/14,14:38:00,"MEDEP","Suitor, Burson","Integrated","1",,"cloudy, breezy, cool, s",,TRUE,
275,"564_nearShore",08/21/14,14:42:00,"MEDEP","Suitor, Burson","Integrated","1",,"cloudy, breezy, cool, s",,FALSE,
276,"626_offShore",08/11/14,13:00:00,"MEDEP","Latt, Dennis","Integrated","3",,"sunny,very light north breeze,warm",,FALSE,
277,"613_nearShore",08/19/14,11:40:00,"MEDEP","Blanchette, Zimmermann","Integrated","1",,"clear, breezy, SW, cool",,TRUE,
278,"608_nearShore",08/19/14,11:35:00,"MEDEP","Blanchette, Zimmermann","Integrated","1",,"clear, breezy, SW, cool",,TRUE,
279,"609_offShore",08/19/14,11:30:00,"MEDEP","Blanchette, Zimmermann","Integrated","3",,"clear, breezy, SW, cool",,TRUE,
280,"610_nearShore",08/19/14,11:38:00,"MEDEP","Blanchette, Zimmermann","Integrated","1",,"clear, breezy, SW, cool",,TRUE,
281,"611_offShore",08/19/14,11:25:00,"MEDEP","Blanchette, Zimmermann","Integrated","3",,"clear, breezy, SW, cool",,TRUE,
282,"611_offShore",08/19/14,,"MEDEP","Blanchette, Zimmermann","Integrated","5",,"clear, breezy, SW, cool",,FALSE,
283,"612_offShore",08/19/14,11:28:00,"MEDEP","Blanchette, Zimmermann","Integrated","3",,"clear, breezy, SW, cool",,TRUE,
284,"590_offShore",08/19/14,13:42:00,"MEDEP","Blanchette, Zimmermann","Integrated","3",,"clear, breezy, SW, hot",,TRUE,
285,"591_nearShore",08/19/14,13:48:00,"MEDEP","Blanchette, Zimmermann","Integrated","1",,"clear, breezy, SW, hot",,TRUE,
286,"592_offShore",08/19/14,13:40:00,"MEDEP","Blanchette, Zimmermann","Integrated","3",,"clear, breezy, SW, hot",,TRUE,
287,"593_offShore",08/19/14,13:33:00,"MEDEP","Blanchette, Zimmermann","Integrated","3",,"clear, breezy, SW, hot",,FALSE,
288,"593_offShore",08/19/14,13:33:00,"MEDEP","Blanchette, Zimmermann","Integrated","6",,"clear, breezy, SW, hot",,TRUE,
289,"594_nearShore",08/19/14,13:49:00,"MEDEP","Blanchette, Zimmermann","Integrated","1",,"clear, breezy, SW, hot",,TRUE,
290,"595_nearShore",08/19/14,13:50:00,"MEDEP","Blanchette, Zimmermann","Integrated","1",,"clear, breezy, SW, hot",,TRUE,
291,"620_offShore",08/18/14,,"MEDEP","Suitor, Latt","Integrated","3",,"cloudy, windy, NW, cool",,TRUE,
292,"620_offShore",08/18/14,,"MEDEP","Suitor, Latt","Integrated","8",,"cloudy, windy, NW, cool",,TRUE,
293,"621_nearShore",08/18/14,,"MEDEP","Suitor, Latt","Integrated","1",,"cloudy, windy, NW, cool",,FALSE,
294,"622_nearShore",08/18/14,,"MEDEP","Suitor, Latt","Integrated","1",,"cloudy, windy, NW, cool",,FALSE,
295,"623_nearShore",08/18/14,,"MEDEP","Suitor, Latt","Integrated","1",,"cloudy, windy, NW, cool",,FALSE,
296,"624_offShore",08/18/14,,"MEDEP","Suitor, Latt","Integrated","3",,"cloudy, windy, NW, cool",,TRUE,
297,"625_offShore",08/18/14,,"MEDEP","Suitor, Latt","Integrated","3",,"cloudy, windy, NW, cool",,TRUE,
298,"596_nearShore",08/19/14,15:27:00,"MEDEP","Suitor, Holden","Integrated","1",,"clear, calm, SW, warm",,TRUE,
299,"597_nearShore",08/19/14,15:29:00,"MEDEP","Suitor, Holden","Integrated","1",,"clear, calm, SW, warm",,FALSE,
300,"598_offShore",08/19/14,15:23:00,"MEDEP","Suitor, Holden","Integrated","3",,"clear, calm, SW, warm",,FALSE,
301,"599_offShore",08/19/14,15:15:00,"MEDEP","Suitor, Holden","Integrated","3",,"clear, calm, SW, warm",,FALSE,
302,"600_offShore",08/19/14,14:45:00,"MEDEP","Suitor, Holden","Integrated","3",,"clear, calm, SW, warm",,FALSE,
303,"600_offShore",08/19/14,14:45:00,"MEDEP","Suitor, Holden","Integrated","6",,"clear, calm, SW, warm",,TRUE,
304,"601_nearShore",08/19/14,15:31:00,"MEDEP","Suitor, Holden","Integrated","1",,"clear, calm, SW, warm",,FALSE,
305,"405_offShore",10/16/14,09:25:00,"MEDEP","Suitor, Halliwell","Integrated","4",,"Cloudy, Calm S, Cool",,TRUE,
306,"405_offShore",10/16/14,09:35:00,"MEDEP","Suitor, Halliwell","Integrated","3",,"Cloudy, Calm S, Cool",,TRUE,
307,"405_nearShore",10/16/14,10:21:00,"MEDEP","Suitor, Halliwell","Integrated","1",,"Cloudy, Calm S, Cool",,FALSE,
308,"405_nearShore",10/16/14,10:20:00,"MEDEP","Suitor, Halliwell","Integrated","1",,"Cloudy, Calm S, Cool",,FALSE,
309,"405_nearShore",10/16/14,10:15:00,"MEDEP","Suitor, Halliwell","Integrated","1",,"Cloudy, Calm S, Cool",,TRUE,
310,"405_offShore",10/16/14,09:58:00,"MEDEP","Suitor, Halliwell","Integrated","3",,"Cloudy, Calm S, Cool",,FALSE,
311,"405_offShore",10/16/14,09:53:00,"MEDEP","Suitor, Halliwell","Integrated","3",,"Cloudy, Calm S, Cool",,FALSE,
312,"405_offShore",09/04/14,13:45:00,"MEDEP","Suitor, McPhedran","Integrated","3",,"cloudy/clear, breezy SW, cool",,FALSE,
313,"405_offShore",09/04/14,13:45:00,"MEDEP","Suitor, McPhedran","Integrated","4",,"cloudy/clear, breezy SW, cool",,TRUE,
314,"405_offShore",09/04/14,14:10:00,"MEDEP","Suitor, McPhedran","Integrated","3",,"cloudy/clear, breezy SW, cool",,FALSE,
315,"405_offShore",09/04/14,14:12:00,"MEDEP","Suitor, McPhedran","Integrated","3",,"cloudy/clear, breezy SW, cool",,FALSE,
316,"405_nearShore",09/04/14,14:17:00,"MEDEP","Suitor, McPhedran","Integrated","1",,"cloudy/clear, breezy SW, cool",,FALSE,
317,"405_nearShore",09/04/14,14:19:00,"MEDEP","Suitor, McPhedran","Integrated","1",,"cloudy/clear, breezy SW, cool",,FALSE,
318,"405_nearShore",09/04/14,14:20:00,"MEDEP","Suitor, McPhedran","Integrated","1",,"cloudy/clear, breezy SW, cool",,FALSE,
319,"405_offShore",09/18/14,17:01:00,"MEDEP","Suitor, Caldwell","Integrated","3",,"Clear, Windy N, Cool",,FALSE,
320,"405_nearShore",09/18/14,17:09:00,"MEDEP","Suitor, Caldwell","Integrated","1",,"Clear, Windy N, Cool",,FALSE,
321,"405_nearShore",09/18/14,17:08:00,"MEDEP","Suitor, Caldwell","Integrated","1",,"Clear, Windy N, Cool",,FALSE,
322,"405_offShore",09/18/14,16:40:00,"MEDEP","Suitor, Caldwell","Integrated","5",,"Clear, Windy N, Cool",,TRUE,
323,"405_offShore",09/18/14,16:45:00,"MEDEP","Suitor, Caldwell","Integrated","3",,"Clear, Windy N, Cool",,TRUE,
324,"405_offShore",09/18/14,17:02:00,"MEDEP","Suitor, Caldwell","Integrated","3",,"Clear, Windy N, Cool",,FALSE,
325,"405_nearShore",09/18/14,17:05:00,"MEDEP","Suitor, Caldwell","Integrated","1",,"Clear, Windy N, Cool",,TRUE,
326,"405_nearShore",10/02/14,10:22:00,"MEDEP","Blanchette, Hahnel","Integrated","1",,"cold, cloudy, breezy, W",,TRUE,
327,"405_offShore",10/02/14,10:02:00,"MEDEP","Blanchette, Hahnel","Integrated","4",,"cold, cloudy, breezy, W",,TRUE,
328,"405_offShore",10/02/14,10:02:00,"MEDEP","Blanchette, Hahnel","Integrated","3",,"cold, cloudy, breezy, W",,TRUE,
329,"405_offShore",10/02/14,10:10:00,"MEDEP","Blanchette, Hahnel","Integrated","3",,"cold, cloudy, breezy, W",,TRUE,
330,"405_nearShore",10/02/14,10:20:00,"MEDEP","Blanchette, Hahnel","Integrated","1",,"cold, cloudy, breezy, W",,TRUE,
331,"405_nearShore",10/02/14,10:25:00,"MEDEP","Blanchette, Hahnel","Integrated","1",,"cold, cloudy, breezy, W",,TRUE,
332,"405_offShore",10/02/14,10:11:00,"MEDEP","Blanchette, Hahnel","Integrated","3",,"cold, cloudy, breezy, W",,TRUE,
333,"405_other",08/21/14,12:43:00,"MEDEP","Suitor, Burson","Grab","0",,"clear, calm, W, hot",,FALSE,
334,"405_offShore",08/21/14,12:12:00,"MEDEP","Suitor, Burson","Integrated","3",,"clear, calm, W, hot",,FALSE,
335,"405_nearShore",08/21/14,12:22:00,"MEDEP","Suitor, Burson","Integrated","1",,"clear, calm, W, hot",,TRUE,
336,"405_nearShore",08/21/14,12:24:00,"MEDEP","Suitor, Burson","Integrated","1",,"clear, calm, W, hot",,FALSE,
337,"405_nearShore",08/21/14,12:26:00,"MEDEP","Suitor, Burson","Integrated","1",,"clear, calm, W, hot",,FALSE,
338,"405_offShore",08/21/14,12:08:00,"MEDEP","Suitor, Burson","Integrated","3",,"clear, calm, W, hot",,FALSE,
339,"405_offShore",08/21/14,12:05:00,"MEDEP","Suitor, Burson","Integrated","4",,"clear, calm, W, hot",,FALSE,
340,"405_other",08/21/14,12:35:00,"MEDEP","Suitor, Burson","Grab","0",,"clear, calm, W, hot",,TRUE,
341,"405_offShore",08/21/14,12:10:00,"MEDEP","Suitor, Burson","Integrated","3",,"clear, calm, W, hot",,FALSE,
342,"405_other",08/21/14,12:41:00,"MEDEP","Suitor, Burson","Grab","0",,"clear, calm, W, hot",,FALSE,
343,"396_offShore",10/16/14,11:50:00,"MEDEP","Suitor, Halliwell","Integrated","3",,"Cloudy, Calm S, Cool",,TRUE,
344,"396_offShore",10/16/14,11:53:00,"MEDEP","Suitor, Halliwell","Integrated","3",,"Cloudy, Calm S, Cool",,FALSE,
345,"396_offShore",10/16/14,11:57:00,"MEDEP","Suitor, Halliwell","Integrated","3",,"Cloudy, Calm S, Cool",,FALSE,
346,"396_nearShore",10/16/14,12:04:00,"MEDEP","Suitor, Halliwell","Integrated","1",,"Cloudy, Calm S, Cool",,TRUE,
347,"396_nearShore",10/16/14,12:07:00,"MEDEP","Suitor, Halliwell","Integrated","1",,"Cloudy, Calm S, Cool",,FALSE,
348,"396_nearShore",10/16/14,12:12:00,"MEDEP","Suitor, Halliwell","Integrated","1",,"Cloudy, Calm S, Cool",,FALSE,
349,"396_offShore",10/16/14,11:25:00,"MEDEP","Suitor, Halliwell","Integrated","5",,"Cloudy, Calm S, Cool",,TRUE,
350,"396_nearShore",09/04/14,,"MEDEP","Suitor, McPhedren","Integrated","1",,"clear, breezy, SW, cool",,FALSE,
351,"396_offShore",09/04/14,,"MEDEP","Suitor, McPhedren","Integrated","6",,"clear, breezy, SW, cool",,TRUE,
352,"396_offShore",09/04/14,,"MEDEP","Suitor, McPhedren","Integrated","3",,"clear, breezy, SW, cool",,FALSE,
353,"396_other",09/04/14,,"MEDEP","Suitor, McPhedren","Grab","0",,"clear, breezy, SW, cool",,FALSE,
354,"396_other",09/04/14,,"MEDEP","Suitor, McPhedren","Grab","0",,"clear, breezy, SW, cool",,TRUE,
355,"396_nearShore",09/18/14,15:16:00,"MEDEP","Suitor, Caldwell","Integrated","1",,"Windy W, cool",,FALSE,
356,"396_offShore",09/18/14,14:40:00,"MEDEP","Suitor, Caldwell","Integrated","3",,"Windy W, cool",,FALSE,
357,"396_offShore",09/18/14,14:20:00,"MEDEP","Suitor, Caldwell","Integrated","6",,"Windy W, cool",,FALSE,
358,"396_offShore",09/18/14,15:14:00,"MEDEP","Suitor, Caldwell","Integrated","3",,"Windy W, cool",,FALSE,
359,"396_offShore",09/18/14,15:06:00,"MEDEP","Suitor, Caldwell","Integrated","3",,"Windy W, cool",,TRUE,
360,"396_nearShore",09/18/14,15:12:00,"MEDEP","Suitor, Caldwell","Integrated","1",,"Windy W, cool",,FALSE,
361,"396_nearShore",09/18/14,15:17:00,"MEDEP","Suitor, Caldwell","Integrated","1",,"Windy W, cool",,FALSE,
362,"396_nearShore",10/02/14,12:49:00,"MEDEP","Blanchette, Hahnel","Integrated","1",,"clear, windy, cold, NW",,TRUE,
363,"396_offShore",10/02/14,12:26:00,"MEDEP","Blanchette, Hahnel","Integrated","3",,"clear, windy, cold, NW",,TRUE,
364,"396_offShore",10/02/14,12:29:00,"MEDEP","Blanchette, Hahnel","Integrated","3",,"clear, windy, cold, NW",,TRUE,
365,"396_nearShore",10/02/14,12:47:00,"MEDEP","Blanchette, Hahnel","Integrated","1",,"clear, windy, cold, NW",,TRUE,
366,"396_nearShore",10/02/14,12:51:00,"MEDEP","Blanchette, Hahnel","Integrated","1",,"clear, windy, cold, NW",,TRUE,
367,"396_offShore",10/02/14,12:20:00,"MEDEP","Blanchette, Hahnel","Integrated","5",,"clear, windy, cold, NW",,TRUE,
368,"396_offShore",10/02/14,12:20:00,"MEDEP","Blanchette, Hahnel","Integrated","3",,"clear, windy, cold, NW",,TRUE,
369,"396_nearShore",09/04/14,,"MEDEP","Suitor, McPhedren","Integrated","1",,"clear, breezy, SW, cool",,TRUE,
370,"396_nearShore",08/21/14,10:01:00,"MEDEP","Suitor, Burson","Integrated","1",,"clear, calm, NW, cool",,TRUE,
371,"396_nearShore",08/21/14,09:58:00,"MEDEP","Suitor, Burson","Integrated","1",,"clear, calm, NW, cool",,TRUE,
372,"396_offShore",08/21/14,09:50:00,"MEDEP","Suitor, Burson","Integrated","3",,"clear, calm, NW, cool",,FALSE,
373,"396_offShore",08/21/14,09:48:00,"MEDEP","Suitor, Burson","Integrated","3",,"clear, calm, NW, cool",,TRUE,
374,"396_offShore",08/21/14,09:26:00,"MEDEP","Suitor, Burson","Integrated","3",,"clear, calm, NW, cool",,FALSE,
375,"396_offShore",08/21/14,09:20:00,"MEDEP","Suitor, Burson","Integrated","5",,"clear, calm, NW, cool",,TRUE,
376,"396_nearShore",08/21/14,10:03:00,"MEDEP","Suitor, Burson","Integrated","1",,"clear, calm, NW, cool",,FALSE,
377,"231_nearShore",09/04/14,10:30:00,"MEDEP","Mark Dennis, Mark Holden","Integrated","1",,"Clear, breezy S, hot",,FALSE,
378,"228_offShore",09/04/14,10:00:00,"MEDEP","Mark Dennis, Mark Holden","Integrated","6",,"Clear, breezy S, hot",,FALSE,
379,"228_offShore",09/04/14,10:05:00,"MEDEP","Mark Dennis, Mark Holden","Integrated","3",,"Clear, breezy S, hot",,FALSE,
380,"232_nearShore",09/04/14,10:34:00,"MEDEP","Mark Dennis, Mark Holden","Integrated","1",,"Clear, breezy S, hot",,FALSE,
381,"233_nearShore",09/04/14,10:38:00,"MEDEP","Mark Dennis, Mark Holden","Integrated","1",,"Clear, breezy S, hot",,FALSE,
382,"309_offShore",09/04/14,10:17:00,"MEDEP","Mark Dennis, Mark Holden","Integrated","3",,"Clear, breezy S, hot",,FALSE,
383,"230_offShore",09/04/14,10:21:00,"MEDEP","Mark Dennis, Mark Holden","Integrated","3",,"Clear, breezy S, hot",,TRUE,
384,"230_offShore",10/15/14,11:52:00,"MEDEP","Blanchette, Zimmerman","Integrated","3",,"Cloudy, Breezy S, Cool",,FALSE,
385,"228_offShore",08/13/14,09:41:00,"MEDEP","Blanchette, Suitor","Integrated","7",,"rain,light E breeze,cool",,TRUE,
386,"228_offShore",08/13/14,09:53:00,"MEDEP","Blanchette, Suitor","Integrated","3",,"rain,light E breeze,cool",,TRUE,
387,"309_offShore",08/13/14,09:46:00,"MEDEP","Blanchette, Suitor","Integrated","3",,"rain,light E breeze,cool",,TRUE,
388,"230_offShore",08/13/14,09:52:00,"MEDEP","Blanchette, Suitor","Integrated","3",,"rain,light E breeze,cool",,TRUE,
389,"231_nearShore",08/13/14,10:03:00,"MEDEP","Blanchette, Suitor","Integrated","1",,"rain,light E breeze,cool",,TRUE,
390,"232_nearShore",08/13/14,10:04:00,"MEDEP","Blanchette, Suitor","Integrated","1",,"rain,light E breeze,cool",,TRUE,
391,"233_nearShore",08/13/14,10:09:00,"MEDEP","Blanchette, Suitor","Integrated","1",,"rain,light E breeze,cool",,TRUE,
392,"233_nearShore",10/15/14,12:03:00,"MEDEP","Blanchette, Zimmerman","Integrated","1",,"Cloudy, Breezy S, Cool",,FALSE,
393,"231_nearShore",10/15/14,11:56:00,"MEDEP","Blanchette, Zimmerman","Integrated","1",,"Cloudy, Breezy S, Cool",,TRUE,
394,"309_offShore",10/15/14,11:50:00,"MEDEP","Blanchette, Zimmerman","Integrated","3",,"Cloudy, Breezy S, Cool",,FALSE,
395,"228_offShore",10/15/14,11:40:00,"MEDEP","Blanchette, Zimmerman","Integrated","3",,"Cloudy, Breezy S, Cool",,TRUE,
396,"228_offShore",10/15/14,11:15:00,"MEDEP","Blanchette, Zimmerman","Integrated","10",,"Cloudy, Breezy S, Cool",,TRUE,
397,"232_nearShore",10/15/14,12:00:00,"MEDEP","Blanchette, Zimmerman","Integrated","1",,"Cloudy, Breezy S, Cool",,FALSE,
398,"228_offShore",09/17/14,11:59:00,"MEDEP","Suitor, Schafner","Integrated","3",,"Clear, Calm S, Cool",,TRUE,
399,"228_offShore",09/17/14,11:45:00,"MEDEP","Suitor, Schafner","Integrated","7",,"Clear, Calm S, Cool",,TRUE,
400,"232_nearShore",09/17/14,12:13:00,"MEDEP","Suitor, Schafner","Integrated","1",,"Clear, Calm S, Cool",,FALSE,
401,"230_offShore",09/17/14,12:05:00,"MEDEP","Suitor, Schafner","Integrated","3",,"Clear, Calm S, Cool",,FALSE,
402,"233_nearShore",09/17/14,12:15:00,"MEDEP","Suitor, Schafner","Integrated","1",,"Clear, Calm S, Cool",,TRUE,
403,"309_offShore",09/17/14,12:01:00,"MEDEP","Suitor, Schafner","Integrated","3",,"Clear, Calm S, Cool",,FALSE,
404,"231_nearShore",09/17/14,12:10:00,"MEDEP","Suitor, Schafner","Integrated","1",,"Clear, Calm S, Cool",,FALSE,
405,"233_nearShore",10/01/14,15:54:00,"MEDEP","Blanchette, Hahnel","Integrated","1",,"cold, cloudy, breezy, SW",,FALSE,
406,"232_nearShore",10/01/14,15:53:00,"MEDEP","Blanchette, Hahnel","Integrated","1",,"cold, cloudy, breezy, SW",,FALSE,
407,"231_nearShore",10/01/14,15:51:00,"MEDEP","Blanchette, Hahnel","Integrated","1",,"cold, cloudy, breezy, SW",,FALSE,
408,"230_offShore",10/01/14,15:47:00,"MEDEP","Blanchette, Hahnel","Integrated","3",,"cold, cloudy, breezy, SW",,TRUE,
409,"309_offShore",10/01/14,15:46:00,"MEDEP","Blanchette, Hahnel","Integrated","3",,"cold, cloudy, breezy, SW",,FALSE,
410,"228_offShore",10/01/14,15:40:00,"MEDEP","Blanchette, Hahnel","Integrated","3",,"cold, cloudy, breezy, SW",,TRUE,
411,"228_offShore",10/01/14,15:35:00,"MEDEP","Blanchette, Hahnel","Integrated","8",,"cold, cloudy, breezy, SW",,TRUE,
412,"628_offShore",08/25/14,09:45:00,"MEDEP","Bacon, Burson","Integrated","4",,"calm,clear,hot",,FALSE,
413,"525_offShore",09/11/14,11:37:00,"MEDEP","Suitor, Caldwell","Integrated","6",,"Cloudy, Windy SE",,FALSE,
414,"525_offShore",09/11/14,11:47:00,"MEDEP","Suitor, Caldwell","Integrated","3",,"Cloudy, Windy SE",,FALSE,
415,"525_nearShore",09/11/14,12:04:00,"MEDEP","Suitor, Caldwell","Integrated","1",,"Cloudy, Windy SE",,FALSE,
416,"525_nearShore",09/11/14,12:02:00,"MEDEP","Suitor, Caldwell","Integrated","1",,"Cloudy, Windy SE",,TRUE,
417,"525_offShore",09/11/14,11:52:00,"MEDEP","Suitor, Caldwell","Integrated","3",,"Cloudy, Windy SE",,FALSE,
418,"525_nearShore",09/11/14,12:05:00,"MEDEP","Suitor, Caldwell","Integrated","1",,"Cloudy, Windy SE",,FALSE,
419,"525_offShore",09/11/14,11:49:00,"MEDEP","Suitor, Caldwell","Integrated","3",,"Cloudy, Windy SE",,FALSE,
420,"525_offShore",10/09/14,11:52:00,"MEDEP","Suitor, Caldwell","Integrated","8",,"cloudy, breezy, S, cool",,FALSE,
421,"525_offShore",10/09/14,11:52:00,"MEDEP","Suitor, Caldwell","Integrated","3",,"cloudy, breezy, S, cool",,FALSE,
422,"525_offShore",10/09/14,11:56:00,"MEDEP","Suitor, Caldwell","Integrated","3",,"cloudy, breezy, S, cool",,FALSE,
423,"525_offShore",10/09/14,11:57:00,"MEDEP","Suitor, Caldwell","Integrated","3",,"cloudy, breezy, S, cool",,FALSE,
424,"525_nearShore",10/09/14,12:03:00,"MEDEP","Suitor, Caldwell","Integrated","1",,"cloudy, breezy, S, cool",,FALSE,
425,"525_nearShore",10/09/14,12:04:00,"MEDEP","Suitor, Caldwell","Integrated","1",,"cloudy, breezy, S, cool",,FALSE,
426,"525_nearShore",10/09/14,12:05:00,"MEDEP","Suitor, Caldwell","Integrated","1",,"cloudy, breezy, S, cool",,FALSE,
427,"525_nearShore",09/25/14,,"MEDEP","Suitor, VanGorder","Integrated","1",,"cloudy, calm, W, cool",,FALSE,
428,"525_nearShore",09/25/14,,"MEDEP","Suitor, VanGorder","Integrated","1",,"cloudy, calm, W, cool",,TRUE,
429,"525_offShore",09/25/14,,"MEDEP","Suitor, VanGorder","Integrated","3",,"cloudy, calm, W, cool",,FALSE,
430,"525_offShore",09/25/14,,"MEDEP","Suitor, VanGorder","Integrated","9",,"cloudy, calm, W, cool",,TRUE,
431,"525_nearShore",08/27/14,15:20:00,"MEDEP","Suitor, Schaffner","Integrated","1",,"Cloudy/Bright, Calm N, Hot",,FALSE,
432,"525_other",08/27/14,15:27:00,"MEDEP","Suitor, Schaffner","Grab","0",,"Cloudy/Bright, Calm N, Hot",,FALSE,
433,"525_offShore",08/27/14,15:15:00,"MEDEP","Suitor, Schaffner","Integrated","6",,"Cloudy/Bright, Calm N, Hot",,FALSE,
434,"510_offShore",10/15/14,09:40:00,"MEDEP","Blanchette, Zimmerman","Integrated","3",,"Cloudy, Windy S, Cool",,TRUE,
435,"510_offShore",10/15/14,09:35:00,"MEDEP","Blanchette, Zimmerman","Integrated","8",,"Cloudy, Windy S, Cool",,TRUE,
436,"510_offShore",10/15/14,09:45:00,"MEDEP","Blanchette, Zimmerman","Integrated","3",,"Cloudy, Windy S, Cool",,FALSE,
437,"510_nearShore",10/15/14,09:53:00,"MEDEP","Blanchette, Zimmerman","Integrated","1",,"Cloudy, Windy S, Cool",,TRUE,
438,"510_nearShore",10/15/14,09:55:00,"MEDEP","Blanchette, Zimmerman","Integrated","1",,"Cloudy, Windy S, Cool",,FALSE,
439,"510_nearShore",10/15/14,10:00:00,"MEDEP","Blanchette, Zimmerman","Integrated","1",,"Cloudy, Windy S, Cool",,FALSE,
440,"510_offShore",10/15/14,09:47:00,"MEDEP","Blanchette, Zimmerman","Integrated","3",,"Cloudy, Windy S, Cool",,FALSE,
441,"510_offShore",09/17/14,09:25:00,"MEDEP","Suitor, Schafner","Integrated","3",,"Clear, Calm S, Cool",,TRUE,
442,"510_offShore",09/17/14,09:10:00,"MEDEP","Suitor, Schafner","Integrated","9",,"Clear, Calm S, Cool",,TRUE,
443,"510_other",09/17/14,,"MEDEP","Suitor, Schafner","Grab","0",,"Clear, Calm S, Cool",,TRUE,
444,"510_other",09/17/14,09:58:00,"MEDEP","Suitor, Schafner","Grab","0",,"Clear, Calm S, Cool",,FALSE,
445,"510_offShore",09/17/14,09:34:00,"MEDEP","Suitor, Schafner","Integrated","3",,"Clear, Calm S, Cool",,FALSE,
446,"510_other",09/17/14,09:55:00,"MEDEP","Suitor, Schafner","Grab","0",,"Clear, Calm S, Cool",,TRUE,
447,"510_nearShore",09/17/14,09:48:00,"MEDEP","Suitor, Schafner","Integrated","1",,"Clear, Calm S, Cool",,FALSE,
448,"510_nearShore",09/17/14,09:46:00,"MEDEP","Suitor, Schafner","Integrated","1",,"Clear, Calm S, Cool",,FALSE,
449,"510_nearShore",09/17/14,09:43:00,"MEDEP","Suitor, Schafner","Integrated","1",,"Clear, Calm S, Cool",,TRUE,
450,"510_offShore",09/17/14,09:36:00,"MEDEP","Suitor, Schafner","Integrated","3",,"Clear, Calm S, Cool",,FALSE,
451,"510_offShore",10/01/14,13:46:00,"MEDEP","Suitor, Blanchette","Integrated","3",,"cold, windy, SW, cloudy",,TRUE,
452,"510_offShore",10/01/14,13:40:00,"MEDEP","Suitor, Blanchette","Integrated","9",,"cold, windy, SW, cloudy",,TRUE,
453,"510_offShore",10/01/14,13:40:00,"MEDEP","Suitor, Blanchette","Integrated","3",,"cold, windy, SW, cloudy",,TRUE,
454,"510_nearShore",10/01/14,14:00:00,"MEDEP","Suitor, Blanchette","Integrated","1",,"cold, windy, SW, cloudy",,TRUE,
455,"510_nearShore",10/01/14,13:55:00,"MEDEP","Suitor, Blanchette","Integrated","1",,"cold, windy, SW, cloudy",,TRUE,
456,"510_nearShore",10/01/14,13:50:00,"MEDEP","Suitor, Blanchette","Integrated","1",,"cold, windy, SW, cloudy",,TRUE,
457,"510_offShore",10/01/14,13:47:00,"MEDEP","Suitor, Blanchette","Integrated","3",,"cold, windy, SW, cloudy",,TRUE,
458,"510_other",09/04/14,13:12:00,"MEDEP","Mark Dennis, Mark Holden","Grab","0",,"Clear, Breezy, Hot",,TRUE,
459,"510_nearShore",09/04/14,12:51:00,"MEDEP","Mark Dennis, Mark Holden","Integrated","1",,"Clear, Breezy, Hot",,FALSE,
460,"510_other",09/04/14,13:13:00,"MEDEP","Mark Dennis, Mark Holden","Grab","0",,"Clear, Breezy, Hot",,FALSE,
461,"510_nearShore",09/04/14,12:53:00,"MEDEP","Mark Dennis, Mark Holden","Integrated","1",,"Clear, Breezy, Hot",,FALSE,
462,"510_offShore",09/04/14,12:41:00,"MEDEP","Mark Dennis, Mark Holden","Integrated","3",,"Clear, Breezy, Hot",,FALSE,
463,"510_offShore",09/04/14,12:34:00,"MEDEP","Mark Dennis, Mark Holden","Integrated","3",,"Clear, Breezy, Hot",,TRUE,
464,"510_offShore",09/04/14,12:10:00,"MEDEP","Mark Dennis, Mark Holden","Integrated","3",,"Clear, Breezy, Hot",,FALSE,
465,"510_offShore",09/04/14,11:58:00,"MEDEP","Mark Dennis, Mark Holden","Integrated","6",,"Clear, Breezy, Hot",,FALSE,
466,"510_other",09/04/14,13:15:00,"MEDEP","Mark Dennis, Mark Holden","Grab","0",,"Clear, Breezy, Hot",,FALSE,
467,"510_nearShore",09/04/14,12:47:00,"MEDEP","Mark Dennis, Mark Holden","Integrated","1",,"Clear, Breezy, Hot",,FALSE,
468,"510_offShore",08/25/14,10:02:00,"MEDEP","Suitor, Kennedy","Integrated","3",,"clear, calm, N, cool",,FALSE,
469,"510_other",08/25/14,10:22:00,"MEDEP","Suitor, Kennedy","Grab","0",,"clear, calm, N, cool",,TRUE,
470,"510_other",08/25/14,10:19:00,"MEDEP","Suitor, Kennedy","Grab","0",,"clear, calm, N, cool",,TRUE,
471,"510_nearShore",08/25/14,10:15:00,"MEDEP","Suitor, Kennedy","Integrated","1",,"clear, calm, N, cool",,FALSE,
472,"510_nearShore",08/25/14,10:09:00,"MEDEP","Suitor, Kennedy","Integrated","1",,"clear, calm, N, cool",,TRUE,
473,"510_other",08/25/14,10:27:00,"MEDEP","Suitor, Kennedy","Grab","0",,"clear, calm, N, cool",,FALSE,
474,"510_offShore",08/25/14,10:00:00,"MEDEP","Suitor, Kennedy","Integrated","3",,"clear, calm, N, cool",,FALSE,
475,"510_offShore",08/25/14,09:52:00,"MEDEP","Suitor, Kennedy","Integrated","3",,"clear, calm, N, cool",,FALSE,
476,"510_offShore",08/25/14,09:20:00,"MEDEP","Suitor, Kennedy","Integrated","6",,"clear, calm, N, cool",,TRUE,
477,"510_nearShore",08/25/14,10:13:00,"MEDEP","Suitor, Kennedy","Integrated","1",,"clear, calm, N, cool",,FALSE,
478,"539_offShore",08/26/14,14:35:00,"MEDEP","Blanchette, Meunier","Integrated","3",,"Clear, Calm W, Hot",,TRUE,
479,"540_nearShore",08/26/14,14:55:00,"MEDEP","Blanchette, Meunier","Integrated","1",,"Clear, Calm W, Hot",,TRUE,
480,"541_nearShore",08/26/14,14:50:00,"MEDEP","Blanchette, Meunier","Integrated","1",,"Clear, Calm W, Hot",,TRUE,
481,"542_offShore",08/26/14,14:40:00,"MEDEP","Blanchette, Meunier","Integrated","3",,"Clear, Calm W, Hot",,TRUE,
482,"543_offShore",08/26/14,14:30:00,"MEDEP","Blanchette, Meunier","Integrated","3",,"Clear, Calm W, Hot",,TRUE,
483,"543_offShore",08/26/14,14:30:00,"MEDEP","Blanchette, Meunier","Integrated","2",,"Clear, Calm W, Hot",,TRUE,
484,"544_nearShore",08/26/14,14:45:00,"MEDEP","Blanchette, Meunier","Integrated","1",,"Clear, Calm W, Hot",,TRUE,
485,"454_offShore",08/27/14,,"MEDEP","Suitor, Schafner","Integrated","4",,"clear, breezy, S, hot",,TRUE,
486,"454_offShore",08/27/14,,"MEDEP","Suitor, Schafner","Integrated","3",,"clear, breezy, S, hot",,FALSE,
487,"455_offShore",08/27/14,,"MEDEP","Suitor, Schafner","Integrated","3",,"clear, breezy, S, hot",,FALSE,
488,"456_offShore",08/27/14,,"MEDEP","Suitor, Schafner","Integrated","3",,"clear, breezy, S, hot",,FALSE,
489,"457_nearShore",08/27/14,,"MEDEP","Suitor, Schafner","Integrated","1",,"clear, breezy, S, hot",,TRUE,
490,"458_nearShore",08/27/14,,"MEDEP","Suitor, Schafner","Integrated","1",,"clear, breezy, S, hot",,FALSE,
491,"500_nearShore",10/09/14,10:17:00,"MEDEP","Suitor, Caldwell","Integrated","1",,"Clear, Windy S, Cool",,FALSE,
492,"500_offShore",10/09/14,10:07:00,"MEDEP","Suitor, Caldwell","Integrated","10",,"Clear, Windy S, Cool",,TRUE,
493,"500_offShore",10/09/14,10:07:00,"MEDEP","Suitor, Caldwell","Integrated","3",,"Clear, Windy S, Cool",,TRUE,
494,"500_nearShore",10/09/14,10:19:00,"MEDEP","Suitor, Caldwell","Integrated","1",,"Clear, Windy S, Cool",,FALSE,
495,"500_nearShore",10/09/14,10:16:00,"MEDEP","Suitor, Caldwell","Integrated","1",,"Clear, Windy S, Cool",,FALSE,
496,"500_offShore",10/09/14,10:11:00,"MEDEP","Suitor, Caldwell","Integrated","3",,"Clear, Windy S, Cool",,FALSE,
497,"500_offShore",10/09/14,10:10:00,"MEDEP","Suitor, Caldwell","Integrated","3",,"Clear, Windy S, Cool",,FALSE,
498,"500_offShore",09/11/14,09:10:00,"MEDEP","Suitor, Caldwell","Integrated","7",,"cloudy, breezy, SE, cool",,TRUE,
499,"500_offShore",09/11/14,09:20:00,"MEDEP","Suitor, Caldwell","Integrated","3",,"cloudy, breezy, SE, cool",,FALSE,
500,"500_offShore",09/11/14,09:26:00,"MEDEP","Suitor, Caldwell","Integrated","3",,"cloudy, breezy, SE, cool",,FALSE,
501,"500_offShore",09/11/14,09:28:00,"MEDEP","Suitor, Caldwell","Integrated","3",,"cloudy, breezy, SE, cool",,FALSE,
502,"500_nearShore",09/11/14,09:36:00,"MEDEP","Suitor, Caldwell","Integrated","1",,"cloudy, breezy, SE, cool",,TRUE,
503,"500_nearShore",09/11/14,09:39:00,"MEDEP","Suitor, Caldwell","Integrated","1",,"cloudy, breezy, SE, cool",,FALSE,
504,"500_nearShore",09/11/14,09:43:00,"MEDEP","Suitor, Caldwell","Integrated","1",,"cloudy, breezy, SE, cool",,FALSE,
505,"500_offShore",09/25/14,,"MEDEP","Suitor, VanGorder","Integrated","3",,"clear, calm, SW, cool",,FALSE,
506,"500_offShore",09/25/14,,"MEDEP","Suitor, VanGorder","Integrated","9",,"clear, calm, SW, cool",,TRUE,
507,"500_nearShore",09/25/14,,"MEDEP","Suitor, VanGorder","Integrated","1",,"clear, calm, SW, cool",,FALSE,
508,"500_nearShore",09/25/14,,"MEDEP","Suitor, VanGorder","Integrated","1",,"clear, calm, SW, cool",,TRUE,
509,"500_nearShore",08/25/14,15:15:00,"MEDEP","Suitor, Kennedy","Integrated","1",,"Clear, Calm - no wind, Hot",,FALSE,
510,"500_nearShore",08/25/14,15:09:00,"MEDEP","Suitor, Kennedy","Integrated","1",,"Clear, Calm - no wind, Hot",,TRUE,
511,"500_other",08/25/14,15:27:00,"MEDEP","Suitor, Kennedy","Grab","0",,"Clear, Calm - no wind, Hot",,FALSE,
512,"500_other",08/25/14,15:25:00,"MEDEP","Suitor, Kennedy","Grab","0",,"Clear, Calm - no wind, Hot",,TRUE,
513,"500_other",08/25/14,15:21:00,"MEDEP","Suitor, Kennedy","Grab","0",,"Clear, Calm - no wind, Hot",,FALSE,
514,"500_offShore",08/25/14,14:45:00,"MEDEP","Suitor, Kennedy","Integrated","6",,"Clear, Calm - no wind, Hot",,TRUE,
515,"500_offShore",08/25/14,14:55:00,"MEDEP","Suitor, Kennedy","Integrated","3",,"Clear, Calm - no wind, Hot",,TRUE,
516,"500_offShore",08/25/14,15:04:00,"MEDEP","Suitor, Kennedy","Integrated","3",,"Clear, Calm - no wind, Hot",,FALSE,
517,"500_offShore",08/25/14,15:01:00,"MEDEP","Suitor, Kennedy","Integrated","3",,"Clear, Calm - no wind, Hot",,FALSE,
518,"500_nearShore",08/25/14,15:17:00,"MEDEP","Suitor, Kennedy","Integrated","1",,"Clear, Calm - no wind, Hot",,FALSE,
519,"526_offShore",08/26/14,11:30:00,"MEDEP","Blanchette, Meunier","Integrated","2",,"Clear, Breezy N, Hot",,TRUE,
520,"527_nearShore",08/26/14,11:55:00,"MEDEP","Blanchette, Meunier","Integrated","1",,"Clear, Breezy N, Hot",,TRUE,
521,"528_nearShore",08/26/14,11:50:00,"MEDEP","Blanchette, Meunier","Integrated","1",,"Clear, Breezy N, Hot",,TRUE,
522,"529_nearShore",08/26/14,11:45:00,"MEDEP","Blanchette, Meunier","Integrated","1",,"Clear, Breezy N, Hot",,TRUE,
523,"530_offShore",08/26/14,11:35:00,"MEDEP","Blanchette, Meunier","Integrated","2",,"Clear, Breezy N, Hot",,TRUE,
524,"531_offShore",08/26/14,11:40:00,"MEDEP","Blanchette, Meunier","Integrated","2",,"Clear, Breezy N, Hot",,TRUE,
525,"473_offShore",08/27/14,,"MEDEP","Blanchette","Integrated","3",,"sunny, clear, calm, SW, warm",,TRUE,
526,"474_nearShore",08/27/14,,"MEDEP","Blanchette","Integrated","1",,"sunny, clear, calm, SW, warm",,TRUE,
527,"469_offShore",08/27/14,,"MEDEP","Blanchette","Integrated","3",,"sunny, clear, calm, SW, warm",,TRUE,
528,"470_nearShore",08/27/14,,"MEDEP","Blanchette","Integrated","1",,"sunny, clear, calm, SW, warm",,TRUE,
529,"471_nearShore",08/27/14,,"MEDEP","Blanchette","Integrated","1",,"sunny, clear, calm, SW, warm",,TRUE,
530,"472_offShore",08/27/14,,"MEDEP","Blanchette","Integrated","3",,"sunny, clear, calm, SW, warm",,TRUE,
531,"602_offShore",08/19/14,13:08:00,"MEDEP","Suitor, Holden","Integrated","6",,"clear, calm, SW, warm",,TRUE,
532,"602_offShore",08/19/14,13:08:00,"MEDEP","Suitor, Holden","Integrated","3",,"clear, calm, SW, warm",,FALSE,
533,"603_offShore",08/19/14,13:15:00,"MEDEP","Suitor, Holden","Integrated","3",,"clear, calm, SW, warm",,TRUE,
534,"604_offShore",08/19/14,13:18:00,"MEDEP","Suitor, Holden","Integrated","3",,"clear, calm, SW, warm",,FALSE,
535,"605_nearShore",08/19/14,13:27:00,"MEDEP","Suitor, Holden","Integrated","1",,"clear, calm, SW, warm",,TRUE,
536,"606_nearShore",08/19/14,13:29:00,"MEDEP","Suitor, Holden","Integrated","1",,"clear, calm, SW, warm",,FALSE,
537,"607_nearShore",08/19/14,13:30:00,"MEDEP","Suitor, Holden","Integrated","1",,"clear, calm, SW, warm",,FALSE,
538,"588_offShore",08/19/14,15:30:00,"MEDEP","Blanchette, Zimmermann","Integrated","3",,"clear, calm, 0, hot",,TRUE,
539,"588_offShore",08/19/14,15:30:00,"MEDEP","Blanchette, Zimmermann","Integrated","5",,"clear, calm, 0, hot",,TRUE,
540,"589_nearShore",08/19/14,15:45:00,"MEDEP","Blanchette, Zimmermann","Integrated","1",,"clear, calm, 0, hot",,TRUE,
541,"584_offShore",08/19/14,15:35:00,"MEDEP","Blanchette, Zimmermann","Integrated","3",,"clear, calm, 0, hot",,TRUE,
542,"585_nearShore",08/19/14,15:52:00,"MEDEP","Blanchette, Zimmermann","Integrated","1",,"clear, calm, 0, hot",,TRUE,
543,"586_nearShore",08/19/14,15:50:00,"MEDEP","Blanchette, Zimmermann","Integrated","1",,"clear, calm, 0, hot",,TRUE,
544,"587_offShore",08/19/14,15:40:00,"MEDEP","Blanchette, Zimmermann","Integrated","3",,"clear, calm, 0, hot",,TRUE,
545,"24_offShore",08/19/14,,"NHDES",,"Integrated","3",,"Clear, breezy, hot",,FALSE,
546,"24_offShore",07/22/14,,"NHDES",,"Integrated","3",,"Hazy, calm, hot",,FALSE,
547,"24_offShore",09/15/14,,"NHDES",,"Integrated","3",,"partly cloudy, cool, breezy",,FALSE,
548,"25_offShore",09/15/14,,"NHDES",,"Integrated","3",,"partly cloudy, cool, breezy",,FALSE,
549,"25_offShore",07/22/14,,"NHDES",,"Integrated","3",,"Hazy, calm, hot",,FALSE,
550,"25_offShore",08/19/14,,"NHDES",,"Integrated","3",,"Clear, breezy, hot",,FALSE,
551,"26_offShore",09/15/14,,"NHDES",,"Integrated","3",,"partly cloudy, cool, breezy",,FALSE,
552,"26_offShore",08/19/14,,"NHDES",,"Integrated","3",,"Clear, breezy, hot",,FALSE,
553,"26_offShore",07/22/14,,"NHDES",,"Integrated","3",,"Hazy, calm, hot",,FALSE,
554,"27_offShore",07/22/14,,"NHDES",,"Integrated","3",,"Hazy, calm, hot",,FALSE,
555,"27_offShore",09/15/14,,"NHDES",,"Integrated","3",,"partly cloudy, cool, breezy",,FALSE,
556,"27_offShore",08/19/14,,"NHDES",,"Integrated","3",,"Clear, breezy, hot",,FALSE,
557,"49_offShore",09/30/14,,"NHDES",,"Integrated","3",,"Rainy, calm, cool",,FALSE,
558,"49_offShore",08/05/14,,"NHDES",,"Integrated","3",,"Clear, calm, hot",,FALSE,
559,"51_offShore",08/05/14,,"NHDES",,"Integrated","3",,"Clear, calm, hot",,FALSE,
560,"50_offShore",08/05/14,,"NHDES",,"Integrated","3",,"Clear, calm, hot",,FALSE,
561,"52_offShore",08/05/14,,"NHDES",,"Integrated","3",,"Clear, breezy, hot",,FALSE,
562,"52_offShore",10/01/14,,"NHDES",,"Integrated","3",,"Rainy, breezy, cool",,FALSE,
563,"54_offShore",08/05/14,,"NHDES",,"Integrated","3",,"Clear, breezy, hot",,FALSE,
564,"53_offShore",08/05/14,,"NHDES",,"Integrated","3",,"Clear, breezy, hot",,FALSE,
565,"53_offShore",10/01/14,,"NHDES",,"Integrated","3",,"Rainy, breezy, cool",,FALSE,
566,"54_offShore",10/01/14,,"NHDES",,"Integrated","3",,"Cloudy, breezy, cool",,FALSE,
567,"55_offShore",08/05/14,,"NHDES",,"Integrated","3",,"Clear, breezy, cool",,FALSE,
568,"55_offShore",10/01/14,,"NHDES",,"Integrated","3",,"Cloudy, calm, cool",,FALSE,
569,"57_offShore",08/06/14,,"NHDES",,"Integrated","3",,"Cloudy, breezy, hot",,FALSE,
570,"56_offShore",08/06/14,,"NHDES",,"Integrated","3",,"Cloudy, breezy, hot",,FALSE,
571,"59_offShore",08/06/14,,"NHDES",,"Integrated","3",,"Cloudy, breezy, hot",,FALSE,
572,"58_nearShore",08/06/14,,"NHDES",,"Integrated","1",,"Cloudy, breezy, hot",,FALSE,
573,"60_nearShore",08/06/14,,"NHDES",,"Integrated","1",,"Cloudy, breezy, hot",,FALSE,
574,"62_nearShore",08/07/14,,"NHDES",,"Integrated","1",,"Cloudy, calm, hot",,FALSE,
575,"61_offShore",08/07/14,,"NHDES",,"Integrated","3",,"Cloudy, calm, hot",,FALSE,
576,"63_offShore",08/11/14,,"NHDES",,"Integrated","3",,"Clear, calm",,FALSE,
577,"65_nearShore",08/11/14,,"NHDES",,"Integrated","1",,"Clear, calm",,FALSE,
578,"64_nearShore",08/11/14,,"NHDES",,"Integrated","1",,"Clear, calm",,FALSE,
579,"67_nearShore",08/11/14,,"NHDES",,"Integrated","1",,"Clear, calm, warm",,FALSE,
580,"68_offShore",08/11/14,,"NHDES",,"Integrated","3",,"Clear, calm, warm",,FALSE,
581,"66_nearShore",08/11/14,,"NHDES",,"Integrated","1",,"Clear, calm, warm",,FALSE,
582,"69_offShore",08/12/14,,"NHDES",,"Integrated","3",,"Clear, breezy, warm",,FALSE,
583,"70_nearShore",08/12/14,,"NHDES",,"Integrated","1",,"Clear, breezy, warm",,FALSE,
584,"71_offShore",08/12/14,,"NHDES",,"Integrated","3",,"Clear, breezy, warm",,FALSE,
585,"72_offShore",08/12/14,,"NHDES",,"Integrated","3",,"Clear, breezy, warm",,FALSE,
586,"73_offShore",08/14/14,,"NHDES",,"Integrated","3",,"Cloudy, breezy, cool",,FALSE,
587,"75_nearShore",08/14/14,,"NHDES",,"Integrated","1",,"Cloudy, breezy, cool",,FALSE,
588,"76_offShore",08/14/14,,"NHDES",,"Integrated","3",,"Cloudy, breezy, cool",,FALSE,
589,"77_offShore",08/14/14,,"NHDES",,"Integrated","3",,"Cloudy, breezy, cool",,FALSE,
590,"74_nearShore",08/14/14,,"NHDES",,"Integrated","1",,"Cloudy, breezy, cool",,FALSE,
591,"78_offShore",08/14/14,,"NHDES",,"Integrated","3",,,,FALSE,
592,"79_offShore",08/14/14,,"NHDES",,"Integrated","7",,"Cloudy, calm, cool",,FALSE,
593,"28_offShore",07/25/14,,"NHDES",,"Integrated","3",,"Clear, calm, cool",,FALSE,
594,"28_offShore",08/22/14,,"NHDES",,"Integrated","3",,"Cloudy, breezy, cool",,FALSE,
595,"29_nearShore",07/25/14,,"NHDES",,"Integrated","1",,"Clear, calm, cool",,FALSE,
596,"30_nearShore",07/25/14,,"NHDES",,"Integrated","1",,"Clear, calm, cool",,FALSE,
597,"31_nearShore",07/25/14,,"NHDES",,"Integrated","1",,"Clear, calm, cool",,FALSE,
598,"80_offShore",08/14/14,,"NHDES",,"Integrated","3",,"Cloudy, windy, cool",,FALSE,
599,"81_offShore",08/14/14,,"NHDES",,"Integrated","3",,"Cloudy, windy, cool",,FALSE,
600,"83_offShore",08/18/14,,"NHDES",,"Integrated","3",,"Cloudy, breezy, cool",,FALSE,
601,"84_nearShore",08/18/14,,"NHDES",,"Integrated","1",,"Cloudy, breezy, cool",,FALSE,
602,"85_nearShore",08/18/14,,"NHDES",,"Integrated","1",,"Cloudy, breezy, cool",,FALSE,
603,"82_offShore",08/18/14,,"NHDES",,"Integrated","3",,"Cloudy, breezy, cool",,FALSE,
604,"88_offShore",08/18/14,,"NHDES",,"Integrated","3",,"Clear, breezy, cool",,FALSE,
605,"86_offShore",08/18/14,,"NHDES",,"Integrated","3",,"Clear, breezy, cool",,FALSE,
606,"87_nearShore",08/18/14,,"NHDES",,"Integrated","1",,"Clear, breezy, cool",,FALSE,
607,"90_nearShore",08/18/14,,"NHDES",,"Integrated","1",,"Clear, breezy, cool",,FALSE,
608,"89_offShore",08/18/14,,"NHDES",,"Integrated","3",,"Clear, breezy, cool",,FALSE,
609,"93_offShore",08/18/14,,"NHDES",,"Integrated","3",,,,FALSE,
610,"91_offShore",08/18/14,,"NHDES",,"Integrated","3",,,,FALSE,
611,"92_offShore",08/18/14,,"NHDES",,"Integrated","3",,,,FALSE,
612,"95_offShore",08/18/14,,"NHDES",,"Integrated","3",,"Clear, breezy, cool",,FALSE,
613,"94_offShore",08/18/14,,"NHDES",,"Integrated","3",,"Clear, breezy, cool",,FALSE,
614,"98_nearShore",08/18/14,,"NHDES",,"Integrated","1",,"Clear, breezy, cool",,FALSE,
615,"96_offShore",08/18/14,,"NHDES",,"Integrated","3",,"Clear, breezy, cool",,FALSE,
616,"97_nearShore",08/18/14,,"NHDES",,"Integrated","1",,"Clear, breezy, cool",,FALSE,
617,"100_offShore",08/19/14,,"NHDES",,"Integrated","3",,"Clear, calm, cool",,FALSE,
618,"99_offShore",08/19/14,,"NHDES",,"Integrated","3",,"Clear, calm, cool",,FALSE,
619,"103_offShore",08/19/14,,"NHDES",,"Integrated","3",,"Clear, calm, cool",,FALSE,
620,"101_nearShore",08/19/14,,"NHDES",,"Integrated","1",,"Clear, calm, cool",,FALSE,
621,"102_nearShore",08/19/14,,"NHDES",,"Integrated","1",,"Clear, calm, cool",,FALSE,
622,"105_nearShore",08/20/14,,"NHDES",,"Integrated","1",,"Cloudy, calm, hot",,FALSE,
623,"106_nearShore",08/20/14,,"NHDES",,"Integrated","1",,"Cloudy, calm, hot",,FALSE,
624,"107_offShore",08/20/14,,"NHDES",,"Integrated","3",,"Cloudy, calm, hot",,FALSE,
625,"108_offShore",08/20/14,,"NHDES",,"Integrated","3",,"Cloudy, calm, hot",,FALSE,
626,"104_offShore",08/20/14,,"NHDES",,"Integrated","3",,"Cloudy, calm, hot",,FALSE,
627,"109_offShore",09/28/14,,"NHDES",,"Integrated","3",,"Cloudy, calm, cool",,FALSE,
628,"109_offShore",08/24/14,,"NHDES",,"Integrated","3",,"Clear, calm, hot",,FALSE,
629,"112_offShore",09/28/14,,"NHDES",,"Integrated","3",,"Cloudy, calm, cool",,FALSE,
630,"112_offShore",08/24/14,,"NHDES",,"Integrated","3",,"Clear, calm, hot",,FALSE,
631,"113_nearShore",09/28/14,,"NHDES",,"Integrated","0.5",,"Cloudy, calm, cool",,FALSE,
632,"111_nearShore",08/24/14,,"NHDES",,"Integrated","1",,"Clear, calm, hot",,FALSE,
633,"111_nearShore",09/28/14,,"NHDES",,"Integrated","1",,"Cloudy, calm, cool",,FALSE,
634,"110_offShore",08/24/14,,"NHDES",,"Integrated","3",,"Clear, calm, hot",,FALSE,
635,"110_offShore",09/28/14,,"NHDES",,"Integrated","3",,"Cloudy, calm, cool",,FALSE,
636,"114_offShore",08/24/14,,"NHDES",,"Integrated","3",,"Clear, breezy, warm",,FALSE,
637,"115_nearShore",08/24/14,,"NHDES",,"Integrated","1",,"Clear, breezy, warm",,FALSE,
638,"116_other",08/25/14,,"NHDES",,"Grab","0",,,,FALSE,
639,"32_offShore",07/26/14,,"NHDES",,"Integrated","3",,,,FALSE,
640,"117_nearShore",08/26/14,,"NHDES",,"Integrated","1",,"Clear, breezy, cool",,FALSE,
641,"119_offShore",08/26/14,,"NHDES",,"Integrated","3",,"Clear, breezy, cool",,FALSE,
642,"118_nearShore",08/26/14,,"NHDES",,"Integrated","1",,"Clear, breezy, cool",,FALSE,
643,"120_offShore",08/26/14,,"NHDES",,"Integrated","3",,"Clear, breezy, cool",,FALSE,
644,"122_offShore",08/26/14,,"NHDES",,"Integrated","3",,,,FALSE,
645,"121_offShore",08/26/14,,"NHDES",,"Integrated","3",,,,FALSE,
646,"123_offShore",08/26/14,,"NHDES",,"Integrated","3",,,,FALSE,
647,"124_offShore",08/27/14,,"NHDES",,"Integrated","3",,"Cloudy, calm, hot",,FALSE,
648,"126_nearShore",08/27/14,,"NHDES",,"Integrated","1",,"Cloudy, calm, hot",,FALSE,
649,"127_nearShore",08/27/14,,"NHDES",,"Integrated","1",,"Cloudy, calm, hot",,FALSE,
650,"125_offShore",08/27/14,,"NHDES",,"Integrated","3",,"Cloudy, calm, hot",,FALSE,
651,"128_offShore",08/27/14,,"NHDES",,"Integrated","3",,"Cloudy, calm, hot",,FALSE,
652,"129_offShore",09/07/14,,"NHDES",,"Integrated","3",,"Clear, breezy, warm",,FALSE,
653,"130_offShore",09/07/14,,"NHDES",,"Integrated","3",,"Clear, breezy, warm",,FALSE,
654,"131_offShore",09/07/14,,"NHDES",,"Integrated","3",,"Clear, breezy, warm",,FALSE,
655,"132_other",09/08/14,,"NHDES",,"Grab","0",,"Clear, calm, warm",,FALSE,
656,"133_other",09/08/14,,"NHDES",,"Grab","0",,"Clear, calm, warm",,FALSE,
657,"134_offShore",09/10/14,,"NHDES",,"Integrated","3",,"Cloudy, calm, cool",,FALSE,
658,"135_nearShore",09/10/14,,"NHDES",,"Integrated","1",,"Cloudy, calm, cool",,FALSE,
659,"136_nearShore",09/10/14,,"NHDES",,"Integrated","1",,"Cloudy, calm, cool",,FALSE,
660,"137_offShore",09/12/14,,"NHDES",,"Integrated","3",,"Clear, windy, cool",,FALSE,
661,"138_nearShore",09/12/14,,"NHDES",,"Integrated","1",,"Clear, windy, cool",,FALSE,
662,"139_other",09/25/14,,"NHDES",,"Grab","0",,"Overcast, calm, cool",,FALSE,
663,"140_other",09/29/14,,"NHDES",,"Grab","0",,,,FALSE,
664,"141_other",07/07/14,,"NHDES",,"Grab","0",,,,FALSE,
665,"141_other",09/30/14,,"NHDES",,"Grab","0",,"Overcast, cool, breezy",,FALSE,
666,"141_other",06/30/14,,"NHDES",,"Grab","0",,,,FALSE,
667,"33_other",07/31/14,,"NHDES",,"Grab","0",,,,FALSE,
668,"34_other",07/31/14,,"NHDES",,"Grab","0",,,,FALSE,
669,"35_offShore",07/31/14,,"NHDES",,"Integrated","3",,"Hazy, breezy, warm",,FALSE,
670,"36_nearShore",08/08/14,,"NHDES",,"Integrated","1",,"Sunny, calm, hot",,FALSE,
671,"37_nearShore",08/01/14,,"NHDES",,"Integrated","1",,"Hazy, breezy, warm",,FALSE,
672,"40_offShore",08/01/14,,"NHDES",,"Integrated","3",,"Hazy, breezy, warm",,FALSE,
673,"41_offShore",08/01/14,,"NHDES",,"Integrated","3",,"Hazy, breezy, warm",,FALSE,
674,"39_nearShore",08/01/14,,"NHDES",,"Integrated","1",,"Hazy, breezy, warm",,FALSE,
675,"38_offShore",08/01/14,,"NHDES",,"Integrated","3",,"Hazy, breezy, warm",,FALSE,
676,"42_other",08/04/14,,"NHDES",,"Grab","0",,,,FALSE,
677,"42_nearShore",08/08/14,,"NHDES",,"Integrated","1",,"Sunny, calm, hot",,FALSE,
678,"44_offShore",09/14/14,,"NHDES",,"Integrated","3",,"Clear, breezy, cool",,FALSE,
679,"43_offShore",09/14/14,,"NHDES",,"Integrated","3",,"Clear, breezy, cool",,FALSE,
680,"46_nearShore",09/14/14,,"NHDES",,"Integrated","1.5",,"Clear, breezy, cool",,FALSE,
681,"45_offShore",09/14/14,,"NHDES",,"Integrated","3",,"Clear, breezy, cool",,FALSE,
682,"47_other",08/04/14,,"NHDES",,"Grab","0",,"Sunny",,FALSE,
683,"47_other",09/03/14,,"NHDES",,"Grab","0",,"Clear, calm, hot",,FALSE,
684,"48_nearShore",08/08/14,,"NHDES",,"Integrated","1",,"Sunny, calm, hot",,FALSE,
685,"174_nearShore",07/18/14,11:30:00,"RIWW","Russ Chateaunuf","Integrated","1",,"Sunny, Gusty, Hot& Dry",,FALSE,
686,"174_nearShore",07/13/14,11:30:00,"RIWW","Russ Chateaunuf","Integrated","1",,"Sunny, Gusty, Hot& Dry",,FALSE,
687,"174_nearShore",08/30/14,17:00:00,"RIWW","Russ Chateaunuf","Integrated","1",,"Partly Cloudy, Calm wind, Hot & Humid",,FALSE,
688,"174_nearShore",09/28/14,15:30:00,"RIWW","Russ Chateaunuf","Integrated","1",,"Sunny, Calm wind, Cool temp",,FALSE,
689,"174_nearShore",10/17/14,09:30:00,"RIWW","Russ Chateaunuf","Integrated","1",,"Sunny, Gentle Breeze, Hot & Humid",,FALSE,
690,"174_nearShore",09/15/14,15:00:00,"RIWW","Russ Chateaunuf","Integrated","1",,"Sunny, Calm wind, Cool temp",,FALSE,
691,"174_nearShore",08/03/14,15:45:00,"RIWW","Russ Chateaunuf","Integrated","1",,"Partly Cloudy, Calm wind, Hot & Humid",,FALSE,
692,"210_offShore",10/17/14,09:30:00,"RIWW","Russ Chateaunuf","Integrated","3",,"Sunny, Gentle Breeze, Hot & Humid",,FALSE,
693,"210_offShore",07/18/14,11:30:00,"RIWW","Russ Chateaunuf","Integrated","3",,"Sunny, Gusty, Hot& Dry",,FALSE,
694,"210_offShore",09/15/14,15:00:00,"RIWW","Russ Chateaunuf","Integrated","3",,"Sunny, Calm wind, Cool temp",,FALSE,
695,"210_offShore",09/28/14,15:30:00,"RIWW","Russ Chateaunuf","Integrated","3",,"Sunny, Calm wind, Cool temp",,FALSE,
696,"210_offShore",07/13/14,11:30:00,"RIWW","Russ Chateaunuf","Integrated","3",,"Sunny, Gusty, Hot& Dry",,FALSE,
697,"210_offShore",08/03/14,15:45:00,"RIWW","Russ Chateaunuf","Integrated","3",,"Partly Cloudy, Calm wind, Hot & Humid",,FALSE,
698,"210_offShore",08/30/14,17:00:00,"RIWW","Russ Chateaunuf","Integrated","3",,"Partly Cloudy, Calm wind, Hot & Humid",,FALSE,
699,"191_nearShore",08/28/14,10:00:00,"RIWW","Gray Rizy","Integrated","1",,"Sunny, Gentle Breeze, Hot & Humid",,FALSE,
700,"191_nearShore",08/15/14,10:00:00,"RIWW","Gray Rizy","Integrated","1",,"Sunny, Gentle Breeze, Hot & Humid",,FALSE,
701,"191_nearShore",07/17/14,,"RIWW","Gray Rizy","Integrated","1",,"Partly Cloudy & Gentle Breeze",,FALSE,
702,"191_nearShore",09/10/14,12:30:00,"RIWW","Gray Rizy","Integrated","1",,"Partly Cloudy & Gentle Breeze, Cool temp",,FALSE,
703,"191_nearShore",07/03/14,10:00:00,"RIWW","Gray Rizy","Integrated","1",,"Sunny, Calm wind, Hot & Humid",,FALSE,
704,"191_nearShore",07/31/14,10:00:00,"RIWW","Gray Rizy","Integrated","1",,"Sunny, Gentle Breeze, Hot & Humid",,FALSE,
705,"219_offShore",08/15/14,10:00:00,"RIWW","Gray Rizy","Integrated","3",,"Sunny, Gentle Breeze, Hot & Humid",,FALSE,
706,"219_offShore",07/03/14,10:00:00,"RIWW","Gray Rizy","Integrated","4.11",,"Sunny, Calm wind, Hot & Humid",,FALSE,
707,"219_offShore",07/31/14,10:00:00,"RIWW","Gray Rizy","Integrated","3",,"Sunny, Gentle Breeze, Hot & Humid",,FALSE,
708,"219_offShore",07/17/14,,"RIWW","Gray Rizy","Integrated","3",,"Partly Cloudy & Gentle Breeze",,FALSE,
709,"219_offShore",08/28/14,10:00:00,"RIWW","Gray Rizy","Integrated","3",,"Sunny, Gentle Breeze, Hot & Humid",,FALSE,
710,"219_offShore",09/10/14,12:30:00,"RIWW","Gray Rizy","Integrated","3",,"Partly Cloudy & Gentle Breeze, Cool temp",,FALSE,
711,"202_offShore",07/19/14,13:15:00,"RIWW","Gary Palmer","Integrated","1",,"Overcast, Gentle Breeze, Hot &Dry",,FALSE,
712,"202_offShore",07/06/14,12:59:00,"RIWW","Gary Palmer","Integrated","1.2",,"Sunny, Gentle Breeze, Hot & Dry",,FALSE,
713,"202_nearShore",07/06/14,13:17:00,"RIWW","Gary Palmer","Integrated","1",,"Sunny, Gentle Breeze, Hot & Dry",,FALSE,
714,"202_nearShore",07/19/14,13:30:00,"RIWW","Gary Palmer","Integrated","1",,"Overcast, Gentle Breeze, Hot &Dry",,FALSE,
715,"202_nearShore",08/16/14,12:59:00,"RIWW","Gary Palmer","Integrated","1",,"Sunny, Gentle Breeze, Hot & Dry",,FALSE,
716,"202_nearShore",08/30/14,13:20:00,"RIWW","Gary Palmer","Integrated","1",,"Sunny, Calm wind, Hot & Humid",,FALSE,
717,"202_nearShore",09/20/14,13:53:00,"RIWW","Gary Palmer","Integrated","1.1",,"Sunny, Gentle Breeze, Hot & Dry",,TRUE,
718,"202_nearShore",08/02/14,18:00:00,"RIWW","Gary Palmer","Integrated","1.2",,"Overcast, Gentle Breeze, Cool temp",,FALSE,
719,"202_offShore",08/16/14,12:32:00,"RIWW","Gary Palmer","Integrated","1",,"Sunny, Gentle Breeze, Hot & Dry",,FALSE,
720,"202_offShore",08/30/14,13:30:00,"RIWW","Gary Palmer","Integrated","1",,"Sunny, Calm wind, Hot & Humid",,FALSE,
721,"202_offShore",09/20/14,13:36:00,"RIWW","Gary Palmer","Integrated","1.1",,"Sunny, Gentle Breeze, Hot & Dry",,TRUE,
722,"202_offShore",08/02/14,17:47:00,"RIWW","Gary Palmer","Integrated","1.2",,"Overcast, Gentle Breeze, Cool temp",,FALSE,
723,"201_offShore",07/03/14,12:00:00,"RIWW","Holly Foley","Integrated","1",,"Sunny, Gentle Breeze",,FALSE,
724,"201_offShore",08/15/14,11:00:00,"RIWW","Holly Foley","Integrated","2",,"Snny, Gusty wind, Cool temp",,FALSE,
725,"201_offShore",08/03/14,12:00:00,"RIWW","Holly Foley","Integrated","2",,"Overcast, Calm wind, Cool temp",,FALSE,
726,"201_offShore",07/17/14,12:15:00,"RIWW","Holly Foley","Integrated","1",,"Sunny-Partly Cloudy, Calm wind, Hot & Humid",,FALSE,
727,"201_offShore",09/19/14,11:30:00,"RIWW","Holly Foley","Integrated","1",,"Sunny, Gusty wind, Cool Temp",,FALSE,
728,"201_offShore",09/04/14,11:30:00,"RIWW","Holly Foley","Integrated","1",,"Sunny, Calm wind, Cool temp",,FALSE,
729,"201_nearShore",07/03/14,12:00:00,"RIWW","Holly Foley","Integrated","1",,"Sunny, Gentle Breeze",,FALSE,
730,"201_nearShore",07/17/14,12:15:00,"RIWW","Holly Foley","Integrated","1",,"Sunny-Partly Cloudy, Calm wind, Hot & Humid",,FALSE,
731,"201_nearShore",08/03/14,12:00:00,"RIWW","Holly Foley","Integrated","1",,"Overcast, Calm wind, Cool temp",,FALSE,
732,"201_nearShore",08/15/14,11:15:00,"RIWW","Holly Foley","Integrated","1",,"Snny, Gusty wind, Cool temp",,FALSE,
733,"201_nearShore",09/19/14,11:30:00,"RIWW","Holly Foley","Integrated","1",,"Sunny, Gusty wind, Cool Temp",,FALSE,
734,"182_nearShore",07/06/14,,"RIWW","Tom Ferrio","Integrated","1",,"Sunny, Gentle Breeze, Cool temp",,FALSE,
735,"182_nearShore",08/08/14,,"RIWW","Tom Ferrio","Integrated","1",,"Sunny & Gentle Breeze",,TRUE,
736,"182_nearShore",07/19/14,,"RIWW","Tom Ferrio","Integrated","1",,"Overcast, Gentle Breeze, Cool temp",,FALSE,
737,"182_nearShore",07/31/14,,"RIWW","Tom Ferrio","Integrated","1",,"Sunny, Gentle Breeze, Cool temp",,FALSE,
738,"182_offShore",09/06/14,11:00:00,"RIWW","Tom Ferrio","Integrated","3",,"Overcast, Gentle Breeze, Hot & Humid",,FALSE,
739,"182_nearShore",09/06/14,11:00:00,"RIWW","Tom Ferrio","Integrated","1",,"Overcast, Gentle Breeze, Hot & Humid",,FALSE,
740,"182_offShore",09/20/14,13:00:00,"RIWW","Tom Ferrio","Integrated","3",,"Overcast, Gentle Breeze, Hot & Humid",,TRUE,
741,"182_offShore",07/31/14,,"RIWW","Tom Ferrio","Integrated","3",,"Sunny, Gentle Breeze, Cool temp",,FALSE,
742,"182_nearShore",09/20/14,13:00:00,"RIWW","Tom Ferrio","Integrated","1",,"Overcast, Gentle Breeze, Hot & Humid",,TRUE,
743,"182_offShore",07/19/14,11:00:00,"RIWW","Tom Ferrio","Integrated","3",,"Overcast, Gentle Breeze, Cool temp",,FALSE,
744,"182_offShore",07/06/14,11:00:00,"RIWW","Tom Ferrio","Integrated","3",,"Sunny, Gentle Breeze, Cool temp",,FALSE,
745,"182_offShore",08/08/14,,"RIWW","Tom Ferrio","Integrated","3",,"Sunny & Gentle Breeze",,TRUE,
746,"188_nearShore",07/05/14,,"RIWW","Parsons","Integrated","1",,"sunny, Strong wind, Cool & Humid",,FALSE,
747,"188_nearShore",07/21/14,,"RIWW","Parsons","Integrated","1",,"Sunny, Gentle Breeze, Cool temp",,FALSE,
748,"188_nearShore",08/03/14,10:15:00,"RIWW","Parsons","Integrated","1",,"Overcast, Calm wind, Cool & Humid",,FALSE,
749,"188_nearShore",08/16/14,08:55:00,"RIWW","Parsons","Integrated","1",,"Sunny, Gentle Breeze, Cool temp",,FALSE,
750,"188_nearShore",09/06/14,08:40:00,"RIWW","Parsons","Integrated","1",,"Partly Cloudy, Gentle Breeze, Hot & Humid",,FALSE,
751,"188_offShore",09/20/14,08:40:00,"RIWW","Parsons","Integrated","3",,"Sunny, Calm wind, Cool tem",,FALSE,
752,"188_nearShore",09/20/14,08:45:00,"RIWW","Parsons","Integrated","1",,"Sunny, Calm wind, Cool tem",,FALSE,
753,"188_offShore",07/05/14,,"RIWW","Parsons","Integrated","3",,"sunny, Strong wind, Cool & Humid",,FALSE,
754,"188_offShore",07/21/14,08:15:00,"RIWW","Parsons","Integrated","3",,"Sunny, Gentle Breeze, Cool temp",,FALSE,
755,"188_offShore",08/03/14,10:00:00,"RIWW","Parsons","Integrated","3",,"Overcast, Calm wind, Cool & Humid",,FALSE,
756,"188_offShore",08/16/14,08:45:00,"RIWW","Parsons","Integrated","3",,"Sunny, Gentle Breeze, Cool temp",,FALSE,
757,"188_offShore",09/06/14,08:35:00,"RIWW","Parsons","Integrated","3",,"Partly Cloudy, Gentle Breeze, Hot & Humid",,FALSE,
758,"171_nearShore",07/18/14,11:00:00,"RIWW","Marc Mayes","Integrated","0.5",,"Sunny, Gentle Breeze, Hot & Humid",,FALSE,
759,"171_nearShore",09/04/14,,"RIWW",,"Integrated","0.5",,,,FALSE,
760,"171_nearShore",09/12/14,10:30:00,"RIWW","Will Daniels, Meyrolin Garcia, Joe Kendrick","Integrated","1",,"Sunny, Calm wind, Cool temp",,FALSE,
761,"171_nearShore",10/17/14,10:30:00,"RIWW","Will Daniels, Meyrolin Garcia, Joe Kendrick","Integrated","1",,"Sunny, Gentle Breeze, Cool temp",,FALSE,
762,"171_nearShore",10/17/14,10:30:00,"RIWW","Will Daniels, Meyrolin Garcia, Joe Kendrick","Integrated","1",,"Sunny, Gentle Breeze, Hot & Humid",,FALSE,
763,"171_nearShore",10/17/14,10:30:00,"RIWW","Will Daniels, Meyrolin Garcia, Joe Kendrick","Integrated","1",,"Sunny",,FALSE,
764,"206_offShore",07/18/14,10:30:00,"RIWW","Marc Mayes","Integrated","1",,"Sunny, Gentle Breeze, Hot & Humid",,TRUE,
765,"206_offShore",09/04/14,,"RIWW",,"Integrated","1",,,,FALSE,
766,"206_offShore",10/17/14,10:00:00,"RIWW","Will Daniels, Meyrolin Garcia, Joe Kendrick","Integrated","1.6",,"Sunny, Gentle Breeze, Cool temp",,FALSE,
767,"206_offShore",09/12/14,10:00:00,"RIWW","Will Daniels, Meyrolin Garcia, Joe Kendrick","Integrated","1.6",,"Sunny, Calm wind, Cool temp",,FALSE,
768,"206_offShore",10/17/14,10:00:00,"RIWW","Will Daniels, Meyrolin Garcia, Joe Kendrick","Integrated","1.6",,"Sunny, Calm wind, Cool temp",,FALSE,
769,"192_nearShore",08/02/14,,"RIWW","Ed Pachero","Integrated","1",,"Rainy, Calm wind, Hot & Dry",,FALSE,
770,"192_nearShore",07/05/14,08:00:00,"RIWW","Ed Pachero","Integrated","1",,"Sunny, Calm wind, Cool temp",,FALSE,
771,"192_nearShore",07/05/14,08:00:00,"RIWW","Ed Pachero","Integrated","1",,"Sunny, Gusty wind, Cool temp",,FALSE,
772,"192_nearShore",07/16/14,09:45:00,"RIWW","Ed Pachero","Integrated","1",,"Sunny, Calm wind, Hot & Humid",,FALSE,
773,"192_nearShore",09/05/14,09:40:00,"RIWW","Ed Pachero","Integrated","1",,"Sunny, Gentle Breeze, Hot &Humid",,FALSE,
774,"192_nearShore",08/15/14,12:51:00,"RIWW","Ed Pachero","Integrated","1",,"Sunny, Gentle Breeze, Hot & Dry",,FALSE,
775,"192_nearShore",09/20/14,,"RIWW","Ed Pachero","Integrated","1",,"Sunny, Calm wind, Cool temp",,FALSE,
776,"220_offShore",09/05/14,09:15:00,"RIWW","Ed Pachero","Integrated","3",,"Sunny, Gentle Breeze, Hot &Humid",,FALSE,
777,"220_offShore",07/16/14,09:30:00,"RIWW","Ed Pachero","Integrated","3",,"Sunny, Calm wind, Hot & Humid",,FALSE,
778,"220_offShore",09/05/14,09:15:00,"RIWW","Ed Pachero","Integrated","3",,"Sunny, Gentle Breeze, Hot & Dry",,FALSE,
779,"220_offShore",08/02/14,08:15:00,"RIWW","Ed Pachero","Integrated","3",,"Rainy, Calm wind, Hot & Dry",,FALSE,
780,"220_offShore",07/05/14,07:30:00,"RIWW","Ed Pachero","Integrated","3",,"Sunny, Gusty wind, Cool temp",,FALSE,
781,"220_offShore",08/02/14,08:15:00,"RIWW","Ed Pachero","Integrated","3",,"Rainy, Calm wind, Hot & Dry, Calm wind, Hot & Dry",,FALSE,
782,"220_offShore",08/15/14,11:30:00,"RIWW","Ed Pachero","Integrated","3",,"Sunny, Gentle Breeze, Hot & Dry",,FALSE,
783,"220_offShore",09/20/14,09:45:00,"RIWW","Ed Pachero","Integrated","3",,"Sunny, Calm wind, Cool temp",,FALSE,
784,"200_offShore",07/03/14,11:02:00,"RIWW","Vuarnelle Urena","Integrated","3",,"Sunny, Gusty, Hot & Humid",,FALSE,
785,"200_offShore",07/18/14,,"RIWW","Vuarnelle Urena","Integrated","3",,"Sunny, Gusty, Hot & Humid",,FALSE,
786,"200_offShore",08/12/14,10:32:00,"RIWW","Vuarnelle Urena, Kim Osienski","Integrated","3",,"Overcast Gentle Breeze, Cool temp",,FALSE,
787,"200_offShore",08/05/14,,"RIWW","Vuarnelle Urena","Integrated","3",,"Sunny, Gusty, Hot & Humid",,FALSE,
788,"200_nearShore",07/18/14,,"RIWW","Vuarnelle Urena","Integrated","1",,"Sunny, Gusty, Hot & Humid",,FALSE,
789,"200_nearShore",08/20/14,11:38:00,"RIWW","Vuarnelle Urena","Integrated","1",,"Sunny, Calm wind, Hot  & Dry",,FALSE,
790,"200_nearShore",08/05/14,,"RIWW","Vuarnelle Urena","Integrated","1",,"Sunny, Gusty, Hot & Humid",,FALSE,
791,"200_nearShore",07/03/14,11:50:00,"RIWW","Vuarnelle Urena","Integrated","1",,"Sunny, Gusty, Hot & Humid",,FALSE,
792,"200_nearShore",08/12/14,11:30:00,"RIWW","Vuarnelle Urena, Kim Osienski","Integrated","1",,"Overcast Gentle Breeze, Cool temp",,FALSE,
793,"196_nearShore",09/26/14,14:16:00,"RIWW","Vuarnelle Urena, Jamie Schicho ","Integrated","1",,"Sunny, Gusty, Cool temp",,FALSE,
794,"196_nearShore",07/30/14,12:55:00,"RIWW","Vuarnelle Urena","Integrated","1",,"Cloudy Breezy, Cool temp",,FALSE,
795,"196_nearShore",08/27/14,12:00:00,"RIWW","Vuarnelle Urena, Kim Osienski","Integrated","1",,"Sunny, Gusty, Hot & Dry",,FALSE,
796,"200_nearShore",07/03/14,11:02:00,"RIWW","Vuarnelle Urena","Integrated","1",,"Sunny, Gusty, Hot & Humid",,FALSE,
797,"200_offShore",07/30/14,11:50:00,"RIWW","Vuarnelle Urena","Integrated","3",,"Cloudy Breezy, Cool temp",,FALSE,
798,"200_offShore",08/20/14,10:30:00,"RIWW","Vuarnelle Urena","Integrated","3",,"Sunny, Calm wind, Hot  & Dry",,FALSE,
799,"200_offShore",08/27/14,12:00:00,"RIWW","Vuarnelle Urena, Kim Osienski","Integrated","3",,"Sunny, Gusty, Hot & Dry",,FALSE,
800,"200_offShore",09/26/14,13:20:00,"RIWW","Vuarnelle Urena, Jamie Schicho ","Integrated","3",,"Sunny, Gusty, Cool temp",,FALSE,
801,"157_offShore",09/30/14,,"UNH_CFB","CFB, Haney, Murby","VanDorn","4.27",,"cloudy",,FALSE,
802,"157_offShore",09/30/14,,"UNH_CFB","CFB, Haney, Murby","VanDorn","1",,"cloudy",,FALSE,
803,"157_offShore",09/30/14,,"UNH_CFB","CFB, Haney, Murby","VanDorn","8.27",,"cloudy",,FALSE,
804,"157_offShore",09/30/14,,"UNH_CFB","CFB, Haney, Murby","VanDorn","8.37",,"cloudy",,FALSE,
805,"155_offShore",08/18/14,,"UNH_CFB","LLMP, Bob Craycraft","VanDorn","7",,,,FALSE,
806,"155_offShore",08/18/14,,"UNH_CFB","LLMP, Bob Craycraft","VanDorn","9",,,,FALSE,
807,"155_offShore",08/18/14,,"UNH_CFB","LLMP, Bob Craycraft","VanDorn","6",,,,FALSE,
808,"155_offShore",08/18/14,,"UNH_CFB","LLMP, Bob Craycraft","VanDorn","8",,,,FALSE,
809,"155_offShore",08/18/14,,"UNH_CFB","LLMP, Bob Craycraft","VanDorn","12",,,,FALSE,
810,"155_offShore",08/18/14,,"UNH_CFB","LLMP, Bob Craycraft","VanDorn","15",,,,FALSE,
811,"155_offShore",08/18/14,,"UNH_CFB","LLMP, Bob Craycraft","VanDorn","13",,,,FALSE,
812,"155_offShore",08/18/14,,"UNH_CFB","LLMP, Bob Craycraft","Integrated","4.5",,,,FALSE,
813,"155_offShore",08/18/14,,"UNH_CFB","LLMP, Bob Craycraft","VanDorn","5",,,,FALSE,
814,"155_offShore",08/18/14,,"UNH_CFB","LLMP, Bob Craycraft","VanDorn","10",,,,FALSE,
815,"155_offShore",08/18/14,,"UNH_CFB","LLMP, Bob Craycraft","VanDorn","11",,,,FALSE,
816,"155_offShore",08/18/14,,"UNH_CFB","LLMP, Bob Craycraft","VanDorn","14",,,,FALSE,
817,"153_offShore",08/03/14,,"UNH_CFB","Keith Williams","Integrated","4",,,,,
818,"161_NA",08/21/14,,"UNH_CFB","LLMP, Bob Craycraft","Integrated","7.5",,,,FALSE,
819,"162_NA",08/21/14,,"UNH_CFB","LLMP, Bob Craycraft","Integrated","7.5",,,,FALSE,
820,"163_NA",08/21/14,,"UNH_CFB","LLMP, Bob Craycraft","Integrated","7.5",,,,FALSE,
821,"164_NA",08/21/14,,"UNH_CFB","LLMP, Bob Craycraft","Integrated","7.5",,,,FALSE,
822,"164_NA",08/21/14,,"UNH_CFB","LLMP, Bob Craycraft","Integrated","5",,,,FALSE,
823,"160_NA",08/21/14,,"UNH_CFB","LLMP, Bob Craycraft","Integrated","5",,,,FALSE,
824,"156_offShore",09/09/14,,"UNH_CFB","CFB, Haney, Murby","VanDorn","1",,"sunny",,FALSE,
825,"158_nearShore_SharksLocation",07/30/14,,"UNH_CFB","LLMP, Kiddo, Craycraft","Grab","0",,,,FALSE,
826,"158_nearShore_EastShore",08/01/14,,"UNH_CFB","LLMP, Kiddo, Craycraft","Grab","0",,,,FALSE,
827,"158_NA_SharksLocation",07/30/14,,"UNH_CFB","LLMP, Kiddo, Craycraft","Grab","0",,,,FALSE,
828,"158_NA_EastShore",08/01/14,,"UNH_CFB","LLMP, Kiddo, Craycraft","Grab","0",,,,FALSE,
829,"159_NA",09/22/14,,"UNH_CFB","LLMP, Bob Craycraft","Integrated","7.5",,,,FALSE,
830,"159_NA",08/25/14,,"UNH_CFB","LLMP, Bob Craycraft","Integrated","7.5",,,,FALSE,
831,"159_NA",09/22/14,,"UNH_CFB","LLMP, Bob Craycraft","Integrated","6.5",,,,FALSE,
832,"159_NA",10/06/14,,"UNH_CFB","LLMP, Bob Craycraft","Integrated","6",,,,FALSE,
833,"159_NA",08/25/14,,"UNH_CFB","LLMP, Bob Craycraft","Integrated","6.5",,,,FALSE,
834,"159_NA",10/06/14,,"UNH_CFB","LLMP, Bob Craycraft","Integrated","8",,,,FALSE,
835,"165_NA",08/15/14,,"UNH_CFB","LLMP, Bob Craycraft","Integrated","4",,,,FALSE,
836,"166_NA",08/15/14,,"UNH_CFB","LLMP, Bob Craycraft","Integrated","4.5",,,,FALSE,
837,"167_NA",08/15/14,,"UNH_CFB","LLMP, Bob Craycraft","Integrated","5",,,,FALSE,
838,"168_NA",08/15/14,,"UNH_CFB","LLMP, Bob Craycraft","Integrated","5",,,,FALSE,
839,"169_NA",08/15/14,,"UNH_CFB","LLMP, Bob Craycraft","Integrated","5",,,,FALSE,
840,"170_NA",08/15/14,,"UNH_CFB","LLMP, Bob Craycraft","Integrated","5",,,,FALSE,
841,"154_nearShore",08/03/14,,"UNH_CFB","LLMP, Bob Craycraft","Grab","0",,,,,
842,"1_offShore",06/23/14,,"VTDEC",,"Integrated","3",,,,FALSE,
843,"1_offShore",08/20/14,,"VTDEC",,"Integrated","3",,,,FALSE,
844,"1_offShore",07/15/14,,"VTDEC",,"Integrated","3",,,,FALSE,
845,"1_offShore",08/05/14,,"VTDEC",,"Integrated","1",,,,FALSE,
846,"2_offShore",07/15/14,,"VTDEC",,"Integrated","3",,,,FALSE,
847,"2_offShore",06/23/14,,"VTDEC",,"Integrated","3",,,,FALSE,
848,"2_offShore",07/24/14,,"VTDEC",,"Integrated","3",,,,FALSE,
849,"2_offShore",09/19/14,,"VTDEC",,"Integrated","3",,,,FALSE,
850,"2_offShore",09/19/14,,"VTDEC",,"Grab","surface",,,,FALSE,
851,"3_nearShore",07/15/14,,"VTDEC",,"Integrated","1",,,,FALSE,
852,"3_nearShore",06/23/14,,"VTDEC",,"Integrated","1",,,,FALSE,
853,"3_nearShore",08/20/14,,"VTDEC",,"Grab","surface",,,,FALSE,
854,"3_nearShore",08/20/14,,"VTDEC",,"Integrated","surface",,,,FALSE,
855,"3_nearShore",08/05/14,,"VTDEC",,"Integrated","1",,,,FALSE,
856,"4_offShore",07/16/14,,"VTDEC",,"Integrated","3",,,,FALSE,
857,"4_offShore",08/25/14,,"VTDEC",,"Integrated","9.6",,,,FALSE,
858,"4_offShore",08/25/14,,"VTDEC",,"Integrated","3",,,,FALSE,
859,"4_offShore",08/04/14,,"VTDEC",,"Integrated","3",,,,FALSE,
860,"4_offShore",06/26/14,,"VTDEC",,"Integrated","3",,,,FALSE,
861,"4_offShore",09/16/14,,"VTDEC",,"Integrated","3",,,,FALSE,
862,"5_offShore",06/27/14,,"VTDEC",,"Integrated","3",,,,FALSE,
863,"6_offShore",09/08/14,,"VTDEC",,"Grab","surface",,,,FALSE,
864,"6_offShore",09/08/14,,"VTDEC",,"Integrated","2",,,,FALSE,
865,"6_offShore",07/17/14,,"VTDEC",,"Integrated","3",,,,FALSE,
866,"6_offShore",08/06/14,,"VTDEC",,"Integrated","3",,,,FALSE,
867,"6_offShore",08/19/14,,"VTDEC",,"Integrated","3",,,,FALSE,
868,"6_offShore",06/27/14,,"VTDEC",,"Integrated","3",,,,FALSE,
869,"6_offShore",09/08/14,,"VTDEC",,"Integrated","3",,,,FALSE,
870,"7_offShore",09/02/14,,"VTDEC",,"Integrated","3",,,,FALSE,
871,"7_offShore",08/01/14,,"VTDEC",,"Integrated","3",,,,FALSE,
872,"7_offShore",07/14/14,,"VTDEC",,"Integrated","3",,,,FALSE,
873,"7_offShore",07/14/14,,"VTDEC",,"Integrated","7.8",,,,FALSE,
874,"7_offShore",07/01/14,,"VTDEC",,"Integrated","3",,,,FALSE,
875,"7_offShore",09/05/14,,"VTDEC",,"Integrated","3",,,,FALSE,
876,"8_offShore",08/29/14,,"VTDEC",,"Integrated","3",,,,FALSE,
877,"8_offShore",07/03/14,,"VTDEC",,"Integrated","3",,,,FALSE,
878,"9_offShore",09/05/14,,"VTDEC",,"Integrated","3",,,,FALSE,
879,"9_offShore",07/08/14,,"VTDEC",,"Integrated","3",,,,FALSE,
880,"9_offShore",07/31/14,,"VTDEC",,"Integrated","3",,,,FALSE,
881,"9_offShore",08/18/14,,"VTDEC",,"Integrated","3",,,,FALSE,
882,"10_offShore",09/09/14,,"VTDEC",,"Integrated","3",,,,FALSE,
883,"10_offShore",07/09/14,,"VTDEC",,"Integrated","3",,,,FALSE,
884,"10_offShore",07/09/14,,"VTDEC",,"Integrated","7.8",,,,FALSE,
885,"10_offShore",09/19/14,,"VTDEC",,"Integrated","3",,,,FALSE,
886,"11_offShore",07/24/14,,"VTDEC",,"Grab","surface",,,,FALSE,
887,"12_offShore",07/25/14,,"VTDEC",,"Integrated","3",,,,FALSE,
888,"13_offShore",07/30/14,,"VTDEC",,"Integrated","3",,,,FALSE,
889,"14_offShore",08/05/14,,"VTDEC",,"Integrated","surface",,,,FALSE,
890,"14_offShore",08/05/14,,"VTDEC",,"Grab","surface",,,,FALSE,
891,"15_offShore",08/07/14,,"VTDEC",,"Integrated","3",,,,FALSE,
892,"16_offShore",08/11/14,,"VTDEC",,"Integrated","3",,,,FALSE,
893,"17_offShore",08/20/14,,"VTDEC",,"Grab","surface",,,,FALSE,
894,"17_offShore",08/20/14,,"VTDEC",,"Integrated","surface",,,,FALSE,
895,"18_nearShore",09/08/14,,"VTDEC",,"Grab","surface",,,,FALSE,
896,"19_offShore",08/26/14,,"VTDEC",,"Grab","surface",,,,FALSE,
